/*******************************************************************************
 * Size: 22 px
 * Bpp: 4
 * Opts: --size 22 --bpp 4 --format lvgl --font D:\Renesas_project\26renesascup_smartmedicine_Ra8p1\gui\RA8P1\resources\font\SourceHanSerifSC-Bold.otf --symbols 0123456789ABCDEFGHIJKLMNOPQRSTUVWXYZabcdefghijklmnopqrstuvwxyz +-.:|/%<>瑞萨杯智能医疗终端取药识别师管理单已待机存日志系统状态参数仓位与设备检查·…：（）；，、—–【】《》？!条信息成功警告错误扫描 --no-kerning --lv-include lvgl.h --lv-font-name lv_font_SourceHanSerifSC_22 -o D:\Renesas_project\26renesascup_smartmedicine_Ra8p1\gui\RA8P1\generated\assets\fonts\lv_font_SourceHanSerifSC_22.c
 ******************************************************************************/

#ifdef __has_include
    #if __has_include("lvgl.h")
        #ifndef LV_LVGL_H_INCLUDE_SIMPLE
            #define LV_LVGL_H_INCLUDE_SIMPLE
        #endif
    #endif
#endif

#ifdef LV_LVGL_H_INCLUDE_SIMPLE
    #include "lvgl.h"
#else
    #include "lvgl.h"
#endif



#ifndef LV_FONT_SOURCEHANSERIFSC_22
#define LV_FONT_SOURCEHANSERIFSC_22 1
#endif

#if LV_FONT_SOURCEHANSERIFSC_22

/*-----------------
 *    BITMAPS
 *----------------*/

/*Store the image of the glyphs*/
static LV_ATTRIBUTE_LARGE_CONST const uint8_t glyph_bitmap[] = {
    /* U+0020 " " */

    /* U+0021 "!" */
    0x5d, 0xc3, 0x92, 0x3a, 0x10, 0x01, 0xb8, 0x03,
    0x74, 0x00, 0x33, 0x00, 0x15, 0x00, 0x84, 0x09,
    0xc0, 0x0c, 0x40, 0x02, 0xd0, 0x05, 0x20, 0x00,
    0xc4, 0x05, 0xd8, 0x2a, 0x26, 0x18, 0x00, 0x50,
    0x25, 0x20,

    /* U+0025 "%" */
    0x00, 0x25, 0xcd, 0x98, 0x07, 0xe4, 0x40, 0x07,
    0x1d, 0xf4, 0xe6, 0x08, 0x03, 0xc3, 0x2a, 0x01,
    0xd0, 0x08, 0x0a, 0x16, 0x01, 0xeb, 0x81, 0x00,
    0xe5, 0x01, 0x02, 0x04, 0x00, 0xe5, 0x05, 0x00,
    0xf0, 0x88, 0x03, 0x10, 0x06, 0x18, 0xb0, 0x0f,
    0xfe, 0x08, 0x80, 0x6a, 0x91, 0x00, 0xf8, 0x44,
    0x01, 0x88, 0x02, 0x62, 0x40, 0x79, 0x91, 0x80,
    0x4e, 0x02, 0x06, 0x08, 0x00, 0x2b, 0x90, 0xaa,
    0x4d, 0x62, 0x00, 0x20, 0x58, 0x28, 0xa0, 0x01,
    0xdc, 0x03, 0x5a, 0x03, 0x29, 0x00, 0x0f, 0xf4,
    0x8e, 0x00, 0x21, 0x0c, 0x2c, 0x0c, 0x00, 0xc4,
    0x40, 0x00, 0xcc, 0xa0, 0x40, 0xd2, 0x00, 0x04,
    0x01, 0x84, 0x18, 0x03, 0xf7, 0xf0, 0x04, 0x20,
    0xe0, 0x1f, 0xfc, 0x09, 0xa2, 0x00, 0x88, 0x1c,
    0x00, 0x20, 0xc0, 0x1e, 0x42, 0x60, 0x0d, 0x80,
    0x40, 0x06, 0x12, 0x00, 0xe1, 0x9a, 0x00, 0xe5,
    0x2d, 0x01, 0x28, 0x00, 0xf5, 0xc0, 0x80, 0x7b,
    0x06, 0x6a, 0x58, 0x03, 0x88, 0x14, 0x03, 0xe1,
    0xa9, 0xb6, 0x00, 0xf1, 0x50, 0x07, 0xff, 0x0c,

    /* U+002B "+" */
    0x00, 0xf2, 0x88, 0x07, 0xfd, 0x44, 0x01, 0xff,
    0xed, 0x2f, 0xfe, 0x0c, 0xff, 0xce, 0x5b, 0xbc,
    0x15, 0xbb, 0x98, 0x08, 0xb8, 0x18, 0x8b, 0x08,
    0x07, 0xff, 0x85, 0x84, 0x03, 0x80,

    /* U+002D "-" */
    0x01, 0x1f, 0x00, 0x3b, 0xbc, 0x41, 0x77, 0xe2,

    /* U+002E "." */
    0x02, 0x74, 0x00, 0x64, 0x5a, 0x00, 0x80, 0x08,
    0x20, 0x0d, 0xc0,

    /* U+002F "/" */
    0x00, 0xf0, 0xf9, 0x80, 0x79, 0xc4, 0xc0, 0x3d,
    0xae, 0x01, 0xe1, 0x4d, 0x00, 0xf2, 0x0a, 0x00,
    0x7b, 0xd0, 0x03, 0xe5, 0xf0, 0x0f, 0x28, 0x28,
    0x07, 0xbd, 0x00, 0x3e, 0x4d, 0x00, 0xf2, 0x0b,
    0x80, 0x7b, 0x4c, 0x40, 0x3c, 0xf6, 0x01, 0xe3,
    0x15, 0x00, 0xf5, 0x91, 0x00, 0x3c, 0xaa, 0x00,
    0xf1, 0x12, 0xc0, 0x3c, 0xa2, 0x60, 0x1e, 0xb7,
    0x00, 0xf0, 0x9e, 0x80, 0x79, 0xc5, 0x00, 0x3c,

    /* U+0030 "0" */
    0x00, 0xd1, 0x99, 0x40, 0x80, 0x70, 0xeb, 0xfe,
    0x7b, 0xe0, 0x80, 0x6a, 0x27, 0x30, 0x37, 0x2d,
    0x00, 0x8d, 0x02, 0xc0, 0x2b, 0x03, 0x40, 0x05,
    0x00, 0x0c, 0x02, 0x30, 0x07, 0x00, 0x14, 0x04,
    0x03, 0x84, 0x1c, 0x00, 0x60, 0x60, 0x1c, 0x60,
    0x40, 0x1f, 0xe1, 0x00, 0xff, 0xe6, 0x88, 0x06,
    0x30, 0x20, 0x0e, 0x30, 0x20, 0x02, 0x80, 0x7c,
    0x20, 0x80, 0x0a, 0x00, 0x18, 0x04, 0x60, 0x0d,
    0x00, 0x1a, 0x05, 0x80, 0x56, 0x06, 0x80, 0x15,
    0x13, 0x98, 0x13, 0x8e, 0x80, 0x61, 0xd7, 0xfb,
    0xe7, 0xf1, 0x00, 0x00,

    /* U+0031 "1" */
    0x00, 0xc2, 0x80, 0x11, 0x34, 0xef, 0x58, 0x04,
    0xa3, 0x84, 0x01, 0xce, 0xe5, 0x00, 0xff, 0xff,
    0x80, 0x7f, 0xf6, 0xe3, 0x7c, 0x02, 0xfc, 0x50,

    /* U+0032 "2" */
    0x00, 0x24, 0xcb, 0x75, 0x68, 0x01, 0x45, 0xe4,
    0xed, 0x25, 0xb8, 0x23, 0x82, 0x00, 0x1c, 0x82,
    0x0b, 0x40, 0xc4, 0x02, 0x40, 0x03, 0xc4, 0xe8,
    0x07, 0xc6, 0x2c, 0x20, 0x18, 0x80, 0x08, 0x01,
    0xe2, 0x40, 0x52, 0x00, 0xf4, 0x81, 0xd8, 0x07,
    0x99, 0x0f, 0x44, 0x03, 0x92, 0x53, 0x04, 0x03,
    0x8e, 0xda, 0xc0, 0x3c, 0x5b, 0x32, 0x00, 0xf0,
    0xfd, 0x30, 0x07, 0x87, 0x14, 0x11, 0x3e, 0x82,
    0x7b, 0xbf, 0xc6, 0x01, 0xfe,

    /* U+0033 "3" */
    0x00, 0x96, 0xa9, 0xba, 0xb4, 0x00, 0xd3, 0x59,
    0x5b, 0x49, 0x6e, 0x00, 0x26, 0x04, 0x00, 0x39,
    0x04, 0x08, 0x09, 0xc1, 0x00, 0x4e, 0x00, 0x50,
    0x3c, 0x70, 0x0c, 0xc0, 0x06, 0x00, 0xf8, 0x4c,
    0x14, 0x80, 0x3c, 0x7a, 0x0d, 0x40, 0x1d, 0x5d,
    0x83, 0x52, 0x01, 0xea, 0xed, 0x7a, 0xe4, 0x00,
    0xf8, 0xa8, 0xc6, 0xc8, 0x03, 0xf5, 0x00, 0x2c,
    0x08, 0xc0, 0x38, 0x80, 0x0a, 0x19, 0x85, 0x00,
    0xc4, 0x00, 0x50, 0x50, 0xf0, 0x0d, 0xa0, 0x0d,
    0x09, 0x14, 0x00, 0x9d, 0x02, 0x10, 0x0b, 0xda,
    0xaf, 0xad, 0xb5, 0xc0,

    /* U+0034 "4" */
    0x00, 0xf9, 0xbf, 0xc0, 0x1f, 0xc5, 0x20, 0x1f,
    0xf4, 0xa0, 0x07, 0xf9, 0xf8, 0x80, 0x3f, 0x8f,
    0x54, 0x03, 0xfd, 0x16, 0x01, 0xfe, 0x9f, 0x10,
    0x0f, 0xe4, 0x04, 0x00, 0xfe, 0x1f, 0x90, 0x0f,
    0xf5, 0xc0, 0x07, 0xf8, 0xd7, 0x3f, 0xf3, 0x00,
    0x3f, 0xce, 0xe1, 0x1f, 0x00, 0x42, 0x32, 0x77,
    0x79, 0x80, 0x1d, 0xc6, 0x00, 0xff, 0xed, 0x80,

    /* U+0035 "5" */
    0x00, 0x1f, 0xff, 0xe6, 0x00, 0x38, 0x07, 0xfc,
    0x29, 0x77, 0xf2, 0x00, 0x08, 0xd1, 0x3e, 0x20,
    0x07, 0xf8, 0x03, 0xfc, 0x22, 0x00, 0xff, 0x1e,
    0xde, 0xf6, 0x49, 0x00, 0x6e, 0xdf, 0xf5, 0x8b,
    0x6c, 0x00, 0x48, 0xc8, 0x4b, 0xa2, 0x0e, 0x80,
    0x1f, 0xa4, 0x01, 0xc0, 0x1f, 0x8c, 0x00, 0xe0,
    0x68, 0x01, 0xfe, 0xcb, 0x40, 0x0c, 0x40, 0x04,
    0x03, 0x0d, 0x00, 0xd4, 0x00, 0xa0, 0xf0, 0x50,
    0x0a, 0x4c, 0x28, 0xc0, 0xf5, 0x6a, 0xf5, 0x5f,
    0x94, 0x00,

    /* U+0036 "6" */
    0x00, 0xfe, 0x47, 0x30, 0x0f, 0x8a, 0xbb, 0x86,
    0x60, 0x0f, 0x4e, 0xb7, 0xd2, 0x00, 0x70, 0xe3,
    0x33, 0x04, 0x03, 0xed, 0x33, 0x48, 0x07, 0xe8,
    0x30, 0xe0, 0x0f, 0xc2, 0xe0, 0x84, 0x01, 0xf9,
    0x80, 0x1a, 0xd7, 0xd9, 0x22, 0x01, 0x58, 0x03,
    0x4e, 0x2c, 0x9b, 0xc4, 0x00, 0x40, 0x0a, 0x53,
    0x5b, 0x01, 0x80, 0x00, 0x80, 0x04, 0x02, 0x50,
    0x03, 0x80, 0x08, 0x00, 0x40, 0x18, 0x80, 0x44,
    0x0c, 0x00, 0x10, 0x0f, 0x84, 0x30, 0x00, 0xa0,
    0x18, 0xc0, 0x80, 0x0e, 0x41, 0xa0, 0x11, 0x88,
    0x40, 0x05, 0xc2, 0x8a, 0x00, 0x80, 0x65, 0x00,
    0x8f, 0xde, 0x73, 0x01, 0x72, 0x00,

    /* U+0037 "7" */
    0xbf, 0xff, 0xe7, 0x00, 0xff, 0x0c, 0x5d, 0xfd,
    0x40, 0xe6, 0x89, 0xf1, 0xa8, 0x80, 0x7e, 0x8e,
    0x00, 0xfc, 0xe0, 0x80, 0x1f, 0x0c, 0x48, 0x07,
    0xe9, 0x06, 0x00, 0xf8, 0x5d, 0x04, 0x03, 0xe8,
    0x0f, 0x00, 0xf8, 0x98, 0x50, 0x03, 0xe8, 0x06,
    0x00, 0xf8, 0xd4, 0x28, 0x03, 0xe8, 0x04, 0x20,
    0x0f, 0x1a, 0x07, 0x00, 0x7d, 0x00, 0x2a, 0x01,
    0xc0,

    /* U+0038 "8" */
    0x00, 0x14, 0xe6, 0x36, 0xd0, 0x02, 0x4d, 0x5d,
    0xcd, 0x7b, 0x70, 0x1b, 0x0f, 0x10, 0x04, 0x04,
    0x0a, 0x80, 0x08, 0x02, 0x50, 0x02, 0x88, 0x01,
    0x40, 0x23, 0x00, 0x2b, 0x80, 0x24, 0x40, 0x08,
    0x0e, 0x24, 0xc0, 0x58, 0x81, 0x53, 0x00, 0x09,
    0x50, 0x2b, 0xe5, 0x70, 0x0d, 0x4c, 0xe2, 0x26,
    0xf4, 0x00, 0x1e, 0xe4, 0x73, 0x80, 0xd9, 0x13,
    0x0d, 0x40, 0x10, 0xe0, 0x08, 0x80, 0x28, 0x06,
    0x80, 0x03, 0xb0, 0x07, 0xc4, 0x0c, 0xa0, 0xa0,
    0x1c, 0x61, 0x90, 0x22, 0x90, 0x0a, 0x05, 0x1c,
    0x7e, 0x17, 0x6e, 0xc7, 0x76, 0x00,

    /* U+0039 "9" */
    0x00, 0x8e, 0xb2, 0xf2, 0x44, 0x03, 0x9f, 0x1f,
    0x6f, 0x9f, 0xd0, 0x02, 0x48, 0x08, 0x10, 0x29,
    0x1a, 0x00, 0xbc, 0x00, 0xa0, 0x12, 0x00, 0xc0,
    0x01, 0x40, 0x40, 0x31, 0x80, 0x10, 0x00, 0x20,
    0x20, 0x1f, 0x10, 0x00, 0xc0, 0x02, 0x01, 0x84,
    0x04, 0x01, 0x60, 0x09, 0x00, 0xc2, 0x01, 0x9c,
    0xc1, 0xd8, 0x44, 0xc0, 0x01, 0x00, 0xb2, 0x0e,
    0x32, 0xf8, 0x00, 0xe0, 0x19, 0xf3, 0xb6, 0x88,
    0x01, 0x40, 0x1f, 0x85, 0x01, 0x0c, 0x03, 0xf5,
    0x88, 0xa8, 0x03, 0xf3, 0x29, 0x60, 0x80, 0x7d,
    0x32, 0x5c, 0x20, 0x0f, 0x3e, 0x9d, 0xd0, 0x80,
    0x79, 0xcb, 0x69, 0x00, 0x3c,

    /* U+003A ":" */
    0x07, 0xfb, 0x00, 0x40, 0x23, 0x00, 0x80, 0x08,
    0x32, 0x2d, 0x00, 0x9d, 0x00, 0x3f, 0xf8, 0xa4,
    0xe8, 0x00, 0xc8, 0xb4, 0x01, 0x00, 0x10, 0x40,
    0x1b, 0x80,

    /* U+003C "<" */
    0x00, 0xfe, 0x56, 0x00, 0xf9, 0x36, 0x0c, 0x03,
    0x8f, 0x2a, 0xf5, 0x40, 0x22, 0xbd, 0xae, 0x60,
    0x08, 0xab, 0x31, 0xcc, 0x01, 0xa3, 0x37, 0x9c,
    0x03, 0xc2, 0x02, 0x01, 0xfa, 0x77, 0x65, 0x00,
    0xf8, 0xee, 0x65, 0xaa, 0x01, 0xf2, 0x64, 0x43,
    0x10, 0x03, 0xe5, 0xda, 0xa6, 0x18, 0x07, 0xcd,
    0xd6, 0x80,

    /* U+003E ">" */
    0x38, 0x00, 0xff, 0x09, 0xf3, 0x80, 0x7e, 0x2b,
    0xab, 0xd5, 0x00, 0xfc, 0x99, 0x32, 0xd4, 0x00,
    0xfc, 0x99, 0x13, 0x66, 0x01, 0xf9, 0x77, 0xb9,
    0x40, 0x1f, 0xcc, 0x2c, 0x20, 0x1e, 0x3b, 0xe9,
    0xc1, 0x00, 0xc5, 0x5b, 0xb2, 0x80, 0x62, 0xac,
    0xde, 0x60, 0x0c, 0x33, 0xa5, 0xee, 0x01, 0xe5,
    0x0e, 0x81, 0x00, 0xf8,

    /* U+0041 "A" */
    0x00, 0xfb, 0xbd, 0x80, 0x3f, 0xf8, 0x26, 0x21,
    0xa0, 0x1f, 0xfc, 0x1a, 0x00, 0x20, 0x80, 0x7f,
    0xf0, 0x12, 0x00, 0x0e, 0x01, 0xff, 0x22, 0x14,
    0x01, 0x40, 0x1f, 0xf6, 0xe8, 0x88, 0x06, 0x40,
    0x1f, 0xe4, 0x40, 0x50, 0x01, 0x40, 0x3f, 0x91,
    0xc0, 0x0a, 0x00, 0xa0, 0x0f, 0xed, 0xf0, 0x01,
    0x10, 0x08, 0x80, 0x1f, 0x9d, 0x40, 0x25, 0x00,
    0x50, 0x07, 0xc8, 0x17, 0x79, 0x00, 0x0a, 0x01,
    0xf7, 0x5d, 0xf6, 0x08, 0x11, 0x80, 0x79, 0x10,
    0x01, 0xcc, 0x00, 0xb0, 0x0e, 0x55, 0x08, 0x07,
    0x58, 0x01, 0x80, 0x3b, 0xf4, 0x03, 0xc6, 0x40,
    0x26, 0x00, 0x8d, 0x58, 0xc3, 0x00, 0xaf, 0x48,
    0x01, 0xb8, 0x40,

    /* U+0042 "B" */
    0x0c, 0xdf, 0xfb, 0x75, 0xdb, 0x8e, 0x01, 0xb3,
    0x44, 0x01, 0xdb, 0xd2, 0x51, 0xc2, 0x01, 0xfe,
    0x4b, 0x01, 0xb0, 0x0f, 0xf9, 0xc0, 0x0e, 0x01,
    0xff, 0x08, 0x01, 0x80, 0x3f, 0xeb, 0x00, 0x40,
    0x07, 0xf9, 0xdc, 0x78, 0x60, 0x1f, 0x7e, 0x7c,
    0xbf, 0x98, 0x07, 0xee, 0xcf, 0xd3, 0xcd, 0x40,
    0x0f, 0x84, 0x00, 0x76, 0x44, 0xb3, 0x00, 0xff,
    0x94, 0x01, 0x40, 0x1f, 0xf7, 0x00, 0x14, 0x03,
    0xfe, 0xe0, 0x02, 0x80, 0x7f, 0xca, 0x00, 0xa0,
    0x0f, 0xe2, 0xb2, 0x0a, 0x30, 0xcd, 0x10, 0x07,
    0x66, 0xe0, 0x47, 0x28, 0x00,

    /* U+0043 "C" */
    0x00, 0xc5, 0x19, 0xdc, 0xcc, 0x41, 0x00, 0x69,
    0xd7, 0xbf, 0xec, 0xc2, 0xea, 0x00, 0x31, 0x83,
    0x1c, 0x40, 0x25, 0x00, 0xa8, 0xc2, 0x0c, 0x03,
    0xb0, 0x00, 0x6a, 0x02, 0xe0, 0x1e, 0x43, 0x7b,
    0x00, 0x20, 0x07, 0xec, 0x34, 0x00, 0x10, 0x07,
    0xf8, 0x80, 0x1c, 0x01, 0xff, 0xcc, 0x30, 0x07,
    0x00, 0x7f, 0x90, 0x00, 0x40, 0x1f, 0xed, 0x00,
    0x20, 0x07, 0xea, 0x54, 0x30, 0x17, 0x00, 0xf1,
    0x29, 0x06, 0x88, 0x41, 0x80, 0x72, 0x00, 0x43,
    0xec, 0x18, 0xe2, 0x01, 0x68, 0x08, 0x00, 0x67,
    0x5f, 0x31, 0xd9, 0x82, 0xd6,

    /* U+0044 "D" */
    0x0c, 0xdf, 0xfb, 0x73, 0xb9, 0x6c, 0x01, 0xec,
    0xd1, 0x00, 0x4e, 0x76, 0x04, 0xe9, 0x80, 0x7f,
    0xf0, 0x0a, 0xdc, 0xb1, 0x80, 0x3f, 0xf8, 0x30,
    0x21, 0x24, 0x01, 0xff, 0xc1, 0x90, 0x04, 0x00,
    0x7f, 0xf0, 0x50, 0x00, 0xa0, 0x1f, 0x38, 0x07,
    0x10, 0x04, 0x40, 0x1f, 0xfc, 0x01, 0x00, 0x98,
    0x03, 0xff, 0x88, 0xe0, 0x1e, 0x70, 0x0e, 0x10,
    0x08, 0x40, 0x3f, 0xf8, 0x04, 0x00, 0x12, 0x00,
    0xff, 0xe0, 0x20, 0x01, 0xc0, 0x3f, 0xf8, 0x32,
    0x00, 0x80, 0x0f, 0xfe, 0x04, 0x88, 0x58, 0x80,
    0x7f, 0x8e, 0xd8, 0xb1, 0x00, 0x2c, 0xd1, 0x00,
    0x4e, 0x77, 0x06, 0xb4, 0xc0, 0x20,

    /* U+0045 "E" */
    0x0c, 0xdf, 0xfb, 0x77, 0xbf, 0xc8, 0x19, 0xa2,
    0x00, 0x9d, 0xdc, 0xe0, 0x1f, 0xfc, 0x1c, 0x00,
    0xff, 0xe0, 0xa0, 0x07, 0xff, 0x0b, 0xd0, 0x03,
    0xf8, 0xf4, 0x03, 0xf9, 0xc0, 0x0c, 0x01, 0xfe,
    0xec, 0xc5, 0x80, 0x7f, 0xbb, 0x31, 0x60, 0x1f,
    0xe7, 0x00, 0x30, 0x07, 0xff, 0x04, 0xf8, 0x03,
    0xff, 0x82, 0x60, 0x68, 0x01, 0xff, 0xc0, 0x9f,
    0x00, 0xff, 0xe0, 0x20, 0x07, 0xff, 0x00, 0x84,
    0x01, 0x9a, 0x20, 0x09, 0xcc, 0xde, 0x00,

    /* U+0046 "F" */
    0x0c, 0xdf, 0xfb, 0x77, 0xbb, 0xd8, 0x33, 0x44,
    0x01, 0x3b, 0xba, 0x00, 0x3f, 0xf8, 0x28, 0x01,
    0xff, 0xc1, 0x22, 0x00, 0x7f, 0xf0, 0x75, 0x80,
    0x3f, 0x8f, 0x40, 0x3f, 0x9c, 0x00, 0xc0, 0x1f,
    0xee, 0xcc, 0x40, 0x07, 0xfb, 0xb3, 0x10, 0x01,
    0xfe, 0x70, 0x03, 0x00, 0x7f, 0xf0, 0x4e, 0x00,
    0x3f, 0xf8, 0x2a, 0x01, 0xff, 0xe2, 0xce, 0x10,
    0x05, 0xec, 0x00, 0x70,

    /* U+0047 "G" */
    0x00, 0xc3, 0x19, 0xdc, 0xcc, 0x49, 0x80, 0x79,
    0xf9, 0xef, 0xfb, 0x30, 0x58, 0xc0, 0x1b, 0x20,
    0x31, 0xc4, 0x02, 0xc0, 0x0e, 0xa3, 0x08, 0x30,
    0x0e, 0x50, 0x0c, 0x6a, 0x02, 0xe0, 0x1e, 0x24,
    0x20, 0x05, 0x00, 0x10, 0x03, 0xf5, 0xa0, 0x01,
    0x40, 0x04, 0x01, 0xff, 0xc0, 0x20, 0x07, 0x00,
    0x7f, 0xf2, 0x1b, 0x33, 0xc6, 0x40, 0x0e, 0x00,
    0xcd, 0x9e, 0x66, 0x2c, 0x34, 0x00, 0x10, 0x07,
    0x84, 0x00, 0x60, 0x0b, 0x00, 0x20, 0x07, 0xff,
    0x00, 0xd4, 0x06, 0x00, 0x3f, 0xf8, 0x14, 0x40,
    0xe8, 0x01, 0xff, 0xc0, 0xd5, 0x0b, 0x71, 0x00,
    0xe7, 0x00, 0xea, 0xd7, 0xbf, 0xdc, 0xe6, 0xda,
    0x00, 0x00,

    /* U+0048 "H" */
    0x0b, 0xdf, 0xfb, 0x6c, 0x80, 0xaf, 0x7f, 0xed,
    0xb0, 0x05, 0xe8, 0x05, 0x36, 0x40, 0x57, 0xc0,
    0x16, 0xd8, 0x07, 0xce, 0x01, 0xff, 0xe9, 0x10,
    0x0f, 0xf8, 0x40, 0x3f, 0xf8, 0x62, 0x01, 0xff,
    0xc0, 0xec, 0xce, 0xf0, 0x0f, 0xfe, 0x07, 0x66,
    0x77, 0x80, 0x7f, 0xf8, 0xc4, 0x03, 0xfe, 0x10,
    0x0f, 0xfe, 0x18, 0x80, 0x7f, 0xf4, 0xdc, 0x03,
    0xff, 0x83, 0x9c, 0x01, 0x56, 0x10, 0x16, 0x68,
    0x05, 0xd8, 0x00,

    /* U+0049 "I" */
    0x0c, 0xdf, 0xfb, 0xb1, 0x03, 0x34, 0x40, 0x15,
    0x88, 0x01, 0xff, 0xe7, 0x70, 0x0f, 0xfe, 0x2b,
    0x80, 0x7f, 0xf9, 0x33, 0x44, 0x01, 0x58, 0x80,

    /* U+004A "J" */
    0x00, 0x5e, 0xff, 0xed, 0x80, 0x05, 0xec, 0x00,
    0x1b, 0x60, 0x03, 0xff, 0xda, 0x20, 0x1f, 0xfe,
    0xff, 0x00, 0xfe, 0x10, 0x0f, 0x78, 0x01, 0x40,
    0x3c, 0x40, 0x46, 0x00, 0x6e, 0xc2, 0x60, 0x90,
    0x0b, 0x44, 0xfc, 0xa9, 0x00, 0x2b, 0xb4, 0xcb,
    0x94, 0x03, 0x00,

    /* U+004B "K" */
    0x0c, 0xdf, 0xfb, 0xb0, 0x81, 0xb7, 0xfd, 0xd8,
    0x00, 0xcd, 0x10, 0x06, 0x60, 0x81, 0xb5, 0x27,
    0xb0, 0x03, 0xff, 0x81, 0x06, 0xc0, 0x1f, 0xfc,
    0x15, 0x38, 0x00, 0xff, 0xe0, 0x9c, 0xd8, 0x07,
    0xfc, 0x60, 0x3b, 0xa0, 0x0f, 0xfe, 0x16, 0x8b,
    0x80, 0x7f, 0xf0, 0x68, 0xc2, 0x04, 0x03, 0xfe,
    0x8c, 0x50, 0x19, 0x00, 0xff, 0xe0, 0x34, 0x00,
    0x1c, 0x80, 0x3f, 0xd0, 0x04, 0xc0, 0x08, 0x00,
    0xff, 0xe0, 0xc0, 0x01, 0x4c, 0x03, 0xff, 0x80,
    0x2e, 0x00, 0xf0, 0x0f, 0xe3, 0x00, 0xa0, 0x40,
    0xd4, 0x03, 0xff, 0x83, 0x00, 0x0b, 0x00, 0xb3,
    0x44, 0x01, 0x98, 0x00, 0x4d, 0x80, 0x07, 0xa8,

    /* U+004C "L" */
    0x0c, 0xdf, 0xfb, 0xb1, 0x40, 0x3d, 0x9a, 0x20,
    0x0a, 0xc5, 0x00, 0xff, 0xfb, 0xb8, 0x07, 0xff,
    0xad, 0xc0, 0x3f, 0xf8, 0xf0, 0x60, 0x1f, 0xfc,
    0x07, 0x60, 0x0f, 0xf9, 0x00, 0x3f, 0xf8, 0x38,
    0x01, 0x5e, 0x88, 0x02, 0x73, 0x33, 0x80, 0x00,

    /* U+004D "M" */
    0x1c, 0xdf, 0xf9, 0xc0, 0x3f, 0x3f, 0xfd, 0xb8,
    0x03, 0x9a, 0x01, 0x50, 0x07, 0xea, 0x00, 0x0e,
    0xe0, 0x06, 0x21, 0x02, 0x40, 0x0f, 0x18, 0x80,
    0x7f, 0x98, 0x01, 0xc0, 0x1e, 0x9a, 0x00, 0xff,
    0x50, 0x01, 0x44, 0x03, 0x0b, 0xa0, 0x07, 0xf1,
    0x92, 0x00, 0x18, 0x03, 0x3a, 0x80, 0x7f, 0xf0,
    0x38, 0x01, 0x40, 0x1a, 0xa4, 0x03, 0xfc, 0x20,
    0xa2, 0x04, 0x60, 0x03, 0x71, 0x10, 0x07, 0xff,
    0x01, 0x80, 0x14, 0x00, 0xae, 0x00, 0xff, 0xe1,
    0x50, 0x01, 0x80, 0x08, 0xa0, 0x1f, 0xfc, 0x22,
    0x40, 0x03, 0x2a, 0x00, 0x7f, 0xf1, 0x38, 0x01,
    0x53, 0x40, 0x1f, 0xfc, 0x45, 0x10, 0x30, 0x30,
    0x0f, 0xfe, 0x2b, 0x00, 0x28, 0x03, 0xff, 0x8d,
    0x40, 0x07, 0x00, 0xff, 0x26, 0x70, 0x76, 0xa8,
    0x12, 0x28, 0x81, 0xe6, 0x80, 0x07, 0x70, 0x00,

    /* U+004E "N" */
    0x0c, 0xdf, 0xf8, 0x80, 0x34, 0xef, 0x7f, 0x60,
    0x86, 0x68, 0x05, 0xe0, 0x1a, 0x77, 0x87, 0xb0,
    0x40, 0x21, 0x00, 0x14, 0x80, 0x7f, 0xf0, 0x4e,
    0x40, 0x0c, 0x80, 0x1f, 0xfc, 0x03, 0x64, 0x00,
    0x50, 0x80, 0x7f, 0xf0, 0x68, 0x40, 0x6c, 0x03,
    0xff, 0x82, 0x34, 0x00, 0x55, 0x00, 0x7f, 0x84,
    0x00, 0x8c, 0x00, 0xa2, 0x00, 0xff, 0xe0, 0xc9,
    0x00, 0x38, 0x03, 0xff, 0x85, 0xc0, 0x03, 0x70,
    0x30, 0x0f, 0xf8, 0xe0, 0x01, 0x06, 0x01, 0xff,
    0xc1, 0x73, 0x00, 0x71, 0x80, 0x7f, 0xf0, 0x78,
    0x00, 0x42, 0x01, 0xff, 0xc1, 0x2a, 0x00, 0xff,
    0xe2, 0xaa, 0x80, 0x38, 0xbb, 0xc3, 0xfa, 0x80,
    0x3a, 0xc4, 0x03, 0x00,

    /* U+004F "O" */
    0x00, 0xc9, 0x5b, 0x9b, 0x8e, 0x01, 0xf0, 0xd5,
    0x86, 0xe6, 0xd4, 0x69, 0x80, 0x77, 0xaa, 0x50,
    0x04, 0xd0, 0x58, 0x80, 0x14, 0x88, 0x48, 0x07,
    0x38, 0x84, 0x80, 0x0d, 0x80, 0x88, 0x01, 0xe6,
    0x02, 0x80, 0xa0, 0x02, 0x80, 0x7d, 0x80, 0x06,
    0x05, 0x00, 0x78, 0x07, 0xce, 0x00, 0x11, 0x10,
    0x00, 0x80, 0x3e, 0x20, 0x08, 0x80, 0x3f, 0xf8,
    0x62, 0x40, 0x02, 0x00, 0xf8, 0x80, 0x23, 0x50,
    0x07, 0x80, 0x7c, 0xe0, 0x01, 0x16, 0x80, 0x14,
    0x03, 0xec, 0x00, 0x30, 0x22, 0x81, 0x10, 0x03,
    0xcc, 0x05, 0x00, 0x0b, 0x10, 0x90, 0x0e, 0x71,
    0x09, 0x00, 0x87, 0xd1, 0x12, 0x01, 0x34, 0x0d,
    0x20, 0x06, 0x1b, 0xa2, 0xdc, 0xda, 0x8f, 0x50,
    0x08,

    /* U+0050 "P" */
    0x0c, 0xdf, 0xfb, 0x75, 0xdb, 0x46, 0x01, 0xb3,
    0x44, 0x01, 0x3b, 0xd0, 0x99, 0x40, 0x1f, 0xf2,
    0xd8, 0x2c, 0x00, 0x7f, 0xca, 0x00, 0x60, 0x0f,
    0xfe, 0x01, 0x00, 0x88, 0x03, 0xff, 0x84, 0x20,
    0x1f, 0xf1, 0x01, 0x00, 0x7c, 0xe0, 0x14, 0x00,
    0x24, 0x03, 0xf8, 0x61, 0xc6, 0x50, 0x03, 0xee,
    0xdc, 0x38, 0xe6, 0x00, 0xfd, 0xdb, 0xab, 0x70,
    0x0f, 0xf3, 0x80, 0x7f, 0xfa, 0xaf, 0x04, 0x01,
    0x58, 0xe0, 0x1e,

    /* U+0051 "Q" */
    0x00, 0xcb, 0x5b, 0x9b, 0x8e, 0x01, 0xf0, 0xe5,
    0x06, 0xe6, 0xd4, 0x72, 0x00, 0x76, 0x19, 0xa8,
    0x02, 0x67, 0x1b, 0x30, 0x0a, 0x08, 0x3c, 0x03,
    0xa0, 0x43, 0x80, 0x04, 0xe0, 0x46, 0x01, 0xe7,
    0x02, 0x70, 0xa0, 0x02, 0x00, 0x7d, 0x80, 0x0a,
    0x04, 0x00, 0x70, 0x07, 0xcc, 0x00, 0x21, 0x20,
    0x00, 0x80, 0x7c, 0x20, 0x11, 0x80, 0x46, 0x01,
    0xf1, 0x80, 0x42, 0x40, 0x03, 0x00, 0xf8, 0xc0,
    0x23, 0x50, 0x07, 0x00, 0x7c, 0xc0, 0x01, 0x0f,
    0x00, 0x10, 0x07, 0xc4, 0x00, 0x50, 0x61, 0x05,
    0x00, 0xfb, 0x40, 0x10, 0x00, 0xb0, 0x03, 0x00,
    0x71, 0x20, 0x29, 0x80, 0x16, 0x02, 0x4c, 0x03,
    0x78, 0x25, 0x00, 0x67, 0xa2, 0xd7, 0x46, 0xc3,
    0x7b, 0x00, 0xf2, 0xee, 0xa6, 0xe6, 0x5d, 0x00,
    0x1f, 0xc6, 0xa0, 0x07, 0x00, 0xff, 0xe0, 0x70,
    0x02, 0x80, 0x3f, 0xf8, 0x0a, 0xa0, 0x77, 0x08,
    0x8c, 0x03, 0xfa, 0xa8, 0x93, 0xd9, 0x60, 0x00,

    /* U+0052 "R" */
    0x0c, 0xdf, 0xfb, 0x73, 0xb9, 0x90, 0x40, 0x1d,
    0x9a, 0x20, 0x0e, 0xce, 0xf6, 0x7d, 0x50, 0x0f,
    0xfe, 0x00, 0xd0, 0x85, 0x00, 0x7f, 0xf0, 0x94,
    0x00, 0x80, 0x1f, 0xfc, 0x46, 0x00, 0xff, 0xe0,
    0x0a, 0x02, 0x10, 0x07, 0xe1, 0x00, 0x1e, 0x03,
    0xd8, 0x07, 0xf7, 0x67, 0xe3, 0xf4, 0x00, 0x7f,
    0xbf, 0x39, 0x17, 0xd0, 0x03, 0xff, 0x80, 0x32,
    0x03, 0x40, 0x1f, 0xfc, 0x12, 0x20, 0x0a, 0x00,
    0x7f, 0xf0, 0x50, 0x01, 0x80, 0x1f, 0xfc, 0x1f,
    0x00, 0x20, 0x07, 0xff, 0x05, 0x00, 0x06, 0x01,
    0xc4, 0x01, 0x30, 0x04, 0x44, 0x00, 0x18, 0x05,
    0xfa, 0x20, 0x0a, 0xf5, 0x00, 0x71, 0x86, 0x7a,
    0x80,

    /* U+0053 "S" */
    0x00, 0x14, 0xe7, 0x6e, 0x51, 0x80, 0x4d, 0xaf,
    0x1d, 0xb8, 0xd8, 0xa0, 0x52, 0x16, 0x80, 0x15,
    0x80, 0x4a, 0x00, 0x70, 0x0c, 0xa0, 0x21, 0xe0,
    0x04, 0x00, 0xc5, 0x2a, 0x1a, 0x00, 0x84, 0x00,
    0xcc, 0x20, 0xa4, 0x03, 0x78, 0xa0, 0x1e, 0xf2,
    0x00, 0x1d, 0x6b, 0x00, 0x62, 0xd8, 0x10, 0x01,
    0x4d, 0x88, 0x06, 0x7e, 0xa2, 0x00, 0x25, 0x80,
    0x79, 0x76, 0x00, 0x0a, 0x0e, 0xa0, 0x1c, 0xe6,
    0x00, 0x2b, 0x90, 0x0f, 0x30, 0x00, 0x80, 0xc0,
    0x3c, 0x80, 0xa0, 0x13, 0x88, 0x00, 0xac, 0x4e,
    0x83, 0x2f, 0x76, 0xef, 0x0b, 0xc0, 0x00,

    /* U+0054 "T" */
    0x6f, 0xed, 0xdb, 0xfe, 0xdd, 0xbb, 0xe8, 0x01,
    0x3b, 0xb0, 0x05, 0x3b, 0xac, 0x01, 0x10, 0x28,
    0x07, 0xf1, 0x08, 0x00, 0x48, 0x02, 0x10, 0x03,
    0x80, 0x4e, 0xe4, 0xb0, 0x0f, 0xfa, 0xa8, 0x6a,
    0x01, 0xff, 0x1b, 0x00, 0x7f, 0xff, 0xc0, 0x3f,
    0xfb, 0x02, 0x00, 0x70, 0x0f, 0xfe, 0x59, 0xe6,
    0x80, 0x55, 0x8e, 0x01, 0x00,

    /* U+0055 "U" */
    0x1b, 0xdf, 0xfb, 0x70, 0x80, 0x0d, 0x9d, 0xfd,
    0x86, 0x37, 0xe0, 0x16, 0xe1, 0x00, 0x1b, 0x38,
    0x3b, 0x0c, 0x03, 0xff, 0xfe, 0x01, 0xff, 0x08,
    0x07, 0xff, 0x2c, 0xc0, 0x3f, 0xfa, 0xe2, 0x01,
    0x10, 0x07, 0x84, 0xc0, 0x3c, 0x20, 0x06, 0x00,
    0xf1, 0x38, 0x07, 0x90, 0x01, 0xc0, 0x1e, 0x9c,
    0x00, 0xf5, 0x80, 0x15, 0x80, 0x33, 0x3b, 0x00,
    0x78, 0x68, 0x01, 0x3b, 0x54, 0xd8, 0xe0, 0x0f,
    0xcb, 0xcc, 0x66, 0x46, 0x4f, 0x30, 0x0c,

    /* U+0056 "V" */
    0xad, 0xff, 0xb7, 0x14, 0x00, 0x99, 0xdf, 0xd6,
    0x15, 0x80, 0x17, 0x62, 0x80, 0x13, 0x30, 0x1d,
    0x60, 0x01, 0x50, 0x05, 0x00, 0x7a, 0x98, 0x03,
    0xbc, 0x00, 0xe0, 0x1e, 0x5d, 0x00, 0xe5, 0x00,
    0x09, 0x80, 0x62, 0x34, 0x00, 0xf3, 0x00, 0x28,
    0x03, 0x2b, 0x00, 0x7d, 0xa0, 0x07, 0x00, 0xd7,
    0x60, 0x0f, 0x90, 0x40, 0x50, 0x00, 0x42, 0x60,
    0x1f, 0x98, 0x01, 0xa0, 0x05, 0xa0, 0x0f, 0xea,
    0x00, 0x38, 0x02, 0xd4, 0x03, 0xf8, 0x88, 0x02,
    0x82, 0x04, 0x01, 0xfe, 0xa0, 0x06, 0xb5, 0x00,
    0x7f, 0xcc, 0x00, 0x7b, 0x70, 0x0f, 0xf8, 0x50,
    0x05, 0xc4, 0x03, 0xff, 0x81, 0xa0, 0x0e, 0x00,
    0xff, 0xe0, 0xb0, 0x01, 0x40, 0x3e,

    /* U+0057 "W" */
    0x9d, 0xff, 0xbb, 0x08, 0x17, 0x3b, 0xfd, 0xd8,
    0x80, 0x9b, 0xfe, 0xdb, 0x9d, 0x00, 0xab, 0x08,
    0x17, 0x24, 0x01, 0xb8, 0x80, 0x9b, 0x0b, 0xb6,
    0x00, 0x50, 0x06, 0x00, 0x75, 0x80, 0x2c, 0x03,
    0xb3, 0xc0, 0x37, 0x80, 0x14, 0x03, 0x09, 0x80,
    0x10, 0x03, 0x91, 0x00, 0x19, 0x00, 0x04, 0x20,
    0x12, 0x30, 0x81, 0x88, 0x04, 0x86, 0x20, 0x18,
    0x4c, 0x00, 0x80, 0x17, 0xeb, 0x80, 0x1c, 0x02,
    0xcb, 0x00, 0xf5, 0x80, 0x30, 0x02, 0x44, 0x68,
    0x03, 0x40, 0x25, 0x50, 0x07, 0x94, 0x00, 0xe0,
    0x04, 0x40, 0x20, 0x01, 0x00, 0x02, 0x64, 0x01,
    0xe2, 0x10, 0x12, 0x0c, 0xf0, 0x02, 0x80, 0x10,
    0x1d, 0xc0, 0x1f, 0x9c, 0x00, 0x80, 0xaa, 0x00,
    0x78, 0x03, 0x43, 0x34, 0x03, 0xf6, 0x80, 0x34,
    0x98, 0x02, 0x50, 0x02, 0x02, 0x20, 0x03, 0xf2,
    0x00, 0x11, 0x74, 0x03, 0x20, 0x12, 0xa8, 0x03,
    0xfc, 0x80, 0x09, 0x70, 0x0d, 0xa0, 0x0b, 0xd0,
    0x0f, 0xf6, 0x80, 0x08, 0x40, 0x33, 0x80, 0x05,
    0xc0, 0x3f, 0xce, 0x00, 0x40, 0x0e, 0x13, 0x03,
    0x10, 0x0f, 0xf0, 0x98, 0x58, 0x07, 0xac, 0x10,
    0x03, 0xc0,

    /* U+0058 "X" */
    0x6c, 0xff, 0xdb, 0x00, 0x59, 0xdf, 0xd8, 0x0d,
    0x8c, 0x00, 0x2d, 0x80, 0x2c, 0x85, 0xec, 0x00,
    0xa0, 0x40, 0x9c, 0x02, 0x1b, 0xb0, 0x07, 0x0c,
    0x00, 0x20, 0x40, 0x17, 0x02, 0x01, 0xe6, 0x30,
    0x05, 0x82, 0x02, 0x80, 0x7e, 0xf0, 0x02, 0xa4,
    0x58, 0x07, 0xf1, 0xb0, 0x02, 0xe4, 0x40, 0x3f,
    0xd0, 0x20, 0x02, 0x00, 0xff, 0x85, 0x80, 0x10,
    0x20, 0x1f, 0xe1, 0x43, 0x00, 0x58, 0x07, 0xfa,
    0xa3, 0xc0, 0x0a, 0x60, 0x1f, 0x98, 0x50, 0xd8,
    0x01, 0xe0, 0x1f, 0x0d, 0xd8, 0x01, 0x02, 0x06,
    0xc0, 0x1e, 0xa8, 0x10, 0x00, 0xc0, 0x02, 0x04,
    0x03, 0x30, 0x28, 0x06, 0x62, 0x01, 0x80, 0x04,
    0x6c, 0xa6, 0xb8, 0x02, 0x34, 0x80, 0x0d, 0xae,

    /* U+0059 "Y" */
    0x6d, 0xff, 0xbb, 0x58, 0x01, 0x5d, 0xfe, 0xd3,
    0x6d, 0x10, 0x03, 0xeb, 0x00, 0x2b, 0x87, 0x74,
    0x60, 0x08, 0x00, 0x30, 0x80, 0x66, 0x42, 0x00,
    0xcc, 0x20, 0x09, 0x00, 0xd7, 0x00, 0x1e, 0x80,
    0x03, 0x80, 0x4a, 0xe4, 0x01, 0xe6, 0x10, 0x03,
    0x80, 0x26, 0x00, 0x3f, 0x40, 0x02, 0x41, 0x18,
    0x80, 0x3f, 0x30, 0x80, 0xb7, 0xc0, 0x07, 0xfa,
    0x00, 0x12, 0x24, 0x01, 0xfe, 0x61, 0x00, 0x78,
    0x07, 0xff, 0x00, 0x80, 0x3f, 0xfc, 0x62, 0x01,
    0xff, 0xd0, 0x1c, 0xd2, 0x00, 0x5e, 0x40, 0x06,

    /* U+005A "Z" */
    0x0e, 0xfd, 0xdf, 0x77, 0xfb, 0x80, 0x02, 0x2d,
    0xdf, 0x18, 0x01, 0x80, 0x24, 0x00, 0xe8, 0x20,
    0x28, 0x00, 0xb0, 0x03, 0x13, 0x80, 0x24, 0x02,
    0x87, 0x00, 0xdc, 0x00, 0x54, 0x00, 0x9c, 0x40,
    0x26, 0x30, 0x1b, 0x00, 0xfc, 0x30, 0x00, 0x81,
    0x00, 0xfd, 0x62, 0x06, 0xc0, 0x1f, 0x91, 0x40,
    0x1c, 0x01, 0xfd, 0x40, 0x07, 0x20, 0x0f, 0xd0,
    0x20, 0x50, 0x01, 0xf8, 0xdc, 0x01, 0x20, 0x1d,
    0x20, 0x17, 0x80, 0x15, 0x00, 0x32, 0x30, 0x83,
    0x18, 0x0d, 0x80, 0x76, 0x80, 0x06, 0x40, 0x10,
    0x20, 0x1c, 0x80, 0x2e, 0x01, 0x56, 0x67, 0x88,
    0x00,

    /* U+0061 "a" */
    0x00, 0x9a, 0xa9, 0xba, 0xa2, 0x00, 0xc3, 0x93,
    0x2a, 0xd7, 0x5c, 0x10, 0x09, 0x8c, 0x08, 0x01,
    0xc0, 0x2c, 0x01, 0x08, 0x28, 0x80, 0x1c, 0x01,
    0xc0, 0x13, 0x7d, 0x00, 0x4e, 0x00, 0x30, 0x0f,
    0x2d, 0x4e, 0x00, 0x7c, 0xdf, 0x31, 0x34, 0x01,
    0xe8, 0x90, 0xd2, 0x00, 0xfc, 0xc0, 0x62, 0x01,
    0xfc, 0x20, 0x40, 0x13, 0x80, 0x04, 0x02, 0x50,
    0x1b, 0x69, 0x32, 0x06, 0x25, 0x0b, 0x61, 0x5c,
    0xa6, 0x92, 0x39, 0x40,

    /* U+0062 "b" */
    0x01, 0x47, 0xa5, 0x00, 0xfc, 0x57, 0x50, 0xa6,
    0x01, 0xf8, 0xa9, 0x80, 0x3f, 0xfa, 0x46, 0x01,
    0xff, 0xd0, 0x2a, 0xde, 0xb3, 0x00, 0xfb, 0xab,
    0xd4, 0x13, 0x18, 0x03, 0xd9, 0x0b, 0x18, 0x00,
    0x91, 0x00, 0xe1, 0x00, 0x89, 0x80, 0x12, 0x01,
    0xfe, 0xf0, 0x01, 0x80, 0x7f, 0x88, 0x00, 0xc0,
    0x1f, 0xfc, 0xc2, 0x00, 0x38, 0x07, 0xfb, 0x00,
    0x18, 0x01, 0xc2, 0x01, 0x12, 0x80, 0xb0, 0x00,
    0x40, 0x1b, 0x2d, 0x1a, 0x03, 0x40, 0x5e, 0xc0,
    0x0b, 0xad, 0x62, 0x5c, 0x40,

    /* U+0063 "c" */
    0x00, 0xcd, 0x7b, 0x76, 0x60, 0x0c, 0x5b, 0x23,
    0xb7, 0xb3, 0x60, 0x17, 0x91, 0xd0, 0x01, 0x41,
    0x14, 0x20, 0x82, 0x40, 0x23, 0x30, 0x18, 0x30,
    0x01, 0xc0, 0x36, 0x7b, 0x00, 0x80, 0x08, 0x03,
    0xe1, 0x00, 0x84, 0x03, 0xe1, 0x10, 0x00, 0x80,
    0x3f, 0x20, 0x02, 0x40, 0x3f, 0x40, 0x01, 0x54,
    0x01, 0x95, 0x40, 0x54, 0x00, 0xab, 0x77, 0x5f,
    0xa8, 0x01, 0x79, 0x8d, 0x26, 0xf6, 0x80,

    /* U+0064 "d" */
    0x00, 0xf8, 0x56, 0x2f, 0x90, 0x03, 0xf1, 0x11,
    0x10, 0x20, 0x1f, 0xc6, 0xea, 0x01, 0xff, 0xd2,
    0x70, 0x0f, 0xfe, 0x31, 0x56, 0xf5, 0x98, 0x07,
    0xcb, 0xaa, 0x73, 0xb4, 0x80, 0x1c, 0x34, 0x03,
    0xee, 0xd2, 0xc0, 0x1d, 0x00, 0x09, 0x10, 0x08,
    0x40, 0x39, 0x00, 0x08, 0x01, 0xfe, 0x20, 0x01,
    0x00, 0x7f, 0x08, 0x07, 0xff, 0x04, 0x44, 0x00,
    0x20, 0x0f, 0xf2, 0x80, 0x14, 0x03, 0xfd, 0x00,
    0x08, 0x10, 0x08, 0x40, 0x38, 0xdc, 0x07, 0x1d,
    0xa9, 0x80, 0x3d, 0x16, 0x87, 0x59, 0x0a, 0x00,
    0xeb,

    /* U+0065 "e" */
    0x00, 0xd1, 0x97, 0x96, 0x80, 0x18, 0xf9, 0xfe,
    0xf0, 0x2e, 0x00, 0x03, 0xa2, 0xe6, 0x00, 0x80,
    0x73, 0x08, 0x10, 0xb0, 0x08, 0x80, 0x14, 0x08,
    0x00, 0x20, 0x09, 0x40, 0x04, 0x04, 0x00, 0xdb,
    0xb6, 0x49, 0x14, 0x01, 0xb6, 0xed, 0x9b, 0xb4,
    0x81, 0x00, 0x14, 0x03, 0xf3, 0x80, 0x34, 0x03,
    0xf5, 0x80, 0x19, 0x00, 0x32, 0x30, 0x0d, 0x08,
    0x5d, 0x3c, 0x5f, 0xb0, 0x01, 0x7d, 0xcd, 0x21,
    0x36, 0xc0,

    /* U+0066 "f" */
    0x00, 0xe3, 0xad, 0xeb, 0x20, 0x0d, 0x39, 0xd6,
    0x29, 0x00, 0x13, 0xb1, 0xa3, 0x4a, 0xc8, 0x05,
    0x20, 0x80, 0x06, 0xa3, 0x00, 0x18, 0x87, 0x00,
    0x7c, 0xa0, 0x1f, 0x93, 0x20, 0x01, 0x1b, 0xa6,
    0x00, 0x26, 0x30, 0x02, 0x37, 0x4c, 0x01, 0xff,
    0xe7, 0x10, 0x0f, 0xfe, 0xe0, 0x80, 0x7e, 0x2b,
    0x70, 0x04, 0xe3, 0x00, 0x40,

    /* U+0067 "g" */
    0x00, 0x9f, 0x2e, 0xd8, 0xe2, 0xb5, 0x20, 0x0d,
    0x84, 0xbb, 0x24, 0x77, 0x87, 0x04, 0x10, 0x40,
    0x02, 0x40, 0x05, 0x4e, 0x06, 0x02, 0x01, 0x08,
    0x81, 0x00, 0x21, 0x00, 0xfc, 0xe0, 0x16, 0x00,
    0x88, 0x00, 0x22, 0x0c, 0x00, 0x99, 0x42, 0x00,
    0x16, 0x08, 0xe0, 0x1b, 0x94, 0x2a, 0xce, 0xac,
    0x03, 0x1d, 0xda, 0x6a, 0xe5, 0x40, 0x3a, 0x82,
    0x9d, 0x9a, 0x53, 0x00, 0xde, 0x09, 0x13, 0x35,
    0x67, 0x28, 0x01, 0x9c, 0x03, 0xe1, 0xa2, 0x04,
    0x5e, 0xff, 0xdc, 0xc0, 0x04, 0x1b, 0x41, 0x00,
    0xc3, 0x20, 0x12, 0x80, 0x80, 0x7f, 0x23, 0x81,
    0x80, 0x79, 0x81, 0xc8, 0xd1, 0x10, 0x01, 0x14,
    0x4b, 0x40, 0x02, 0xe5, 0x3b, 0x9b, 0x21, 0xd2,
    0x00,

    /* U+0068 "h" */
    0x04, 0x7a, 0xd6, 0x00, 0xfe, 0x13, 0xb5, 0x20,
    0x0f, 0xf0, 0xba, 0x00, 0x7f, 0xf5, 0x0c, 0x03,
    0xff, 0xa6, 0xfb, 0xfa, 0xc0, 0x1f, 0x8b, 0x35,
    0x44, 0xa5, 0x40, 0x3e, 0xbe, 0xa8, 0xd0, 0x04,
    0x80, 0x7d, 0x44, 0x00, 0x30, 0x01, 0x00, 0x7f,
    0xf0, 0x84, 0x03, 0xff, 0xb2, 0x20, 0x1f, 0xfd,
    0xd1, 0x00, 0xff, 0xe0, 0x0d, 0xb8, 0x02, 0xa4,
    0x17, 0x00, 0x2c, 0x50,

    /* U+0069 "i" */
    0x00, 0x26, 0xd8, 0x80, 0x5e, 0x48, 0xe0, 0x16,
    0x80, 0xa0, 0x04, 0xdf, 0xc4, 0x01, 0xff, 0xc0,
    0x33, 0x00, 0xbd, 0xfe, 0x20, 0x00, 0x9c, 0x03,
    0x0a, 0xa0, 0x07, 0xff, 0x10, 0x40, 0x3f, 0xf9,
    0x02, 0x01, 0xff, 0xca, 0x1b, 0x60, 0x04, 0xd0,

    /* U+006A "j" */
    0x00, 0xe6, 0xeb, 0x00, 0xf4, 0x0a, 0x28, 0x07,
    0x30, 0x0a, 0x00, 0x74, 0x77, 0x04, 0x03, 0xc2,
    0x01, 0xfc, 0x84, 0x01, 0x0b, 0xe7, 0xda, 0x00,
    0x62, 0x00, 0x8c, 0x02, 0x15, 0x60, 0x0f, 0xc6,
    0x01, 0xff, 0xfe, 0x10, 0x0f, 0xfe, 0x2a, 0x80,
    0x71, 0x80, 0x88, 0x12, 0x90, 0x18, 0x24, 0x01,
    0x4b, 0x68, 0x68, 0xe0, 0x08, 0x20, 0x88, 0x58,
    0x00,

    /* U+006B "k" */
    0x04, 0x7a, 0xd7, 0x00, 0xfe, 0x13, 0xb5, 0x20,
    0x0f, 0xf0, 0xba, 0x00, 0x7f, 0xf5, 0x04, 0x03,
    0xff, 0xa9, 0x7b, 0xfd, 0x8e, 0x01, 0xfd, 0x76,
    0x3e, 0xc7, 0x00, 0xfe, 0x6d, 0xc0, 0x0f, 0xf9,
    0xa2, 0xc0, 0x3f, 0xe6, 0x91, 0x30, 0x0f, 0xf5,
    0x50, 0x01, 0xe0, 0x1f, 0xe6, 0xc2, 0x03, 0x40,
    0x0f, 0xed, 0x08, 0x00, 0x40, 0x07, 0xfc, 0xa6,
    0x06, 0xa0, 0x1f, 0xf4, 0x00, 0x20, 0x03, 0x84,
    0x03, 0x90, 0xc0, 0x94, 0x00, 0x56, 0xe0, 0x09,
    0xb0, 0x04, 0x00, 0x2e, 0xc4,

    /* U+006C "l" */
    0x04, 0x7a, 0xd7, 0x00, 0x09, 0xda, 0x90, 0x04,
    0x2e, 0x80, 0x1f, 0xfc, 0x61, 0x00, 0xff, 0xfd,
    0x88, 0x07, 0xff, 0x20, 0x40, 0x38, 0xad, 0xc0,
    0x13, 0x62,

    /* U+006D "m" */
    0x00, 0x24, 0x69, 0x84, 0x77, 0xea, 0x00, 0x1f,
    0x7f, 0x5c, 0x02, 0x3c, 0xb7, 0x25, 0xc2, 0x70,
    0x2b, 0x3b, 0xc5, 0x22, 0x43, 0x80, 0x0f, 0x14,
    0x01, 0x7d, 0x53, 0x00, 0x0d, 0xfb, 0x8c, 0x00,
    0x50, 0x06, 0x30, 0x05, 0x90, 0x01, 0x00, 0x08,
    0x80, 0x00, 0x88, 0x08, 0x03, 0xfe, 0x10, 0x00,
    0x80, 0x63, 0x00, 0xff, 0xfc, 0x08, 0x07, 0xff,
    0x18, 0xc0, 0x3f, 0xf8, 0x22, 0x01, 0xff, 0xcc,
    0x70, 0x0f, 0xe2, 0xb7, 0x00, 0x5c, 0x84, 0x78,
    0x00, 0xec, 0x52, 0xc4, 0x01, 0xaa,

    /* U+006E "n" */
    0x00, 0x24, 0x69, 0x83, 0xef, 0xea, 0x80, 0x47,
    0x96, 0xe4, 0xb9, 0xaa, 0x25, 0x48, 0x00, 0x3c,
    0x50, 0x05, 0x75, 0x45, 0x00, 0x38, 0x03, 0x18,
    0x02, 0x88, 0x00, 0xa0, 0x07, 0x00, 0xff, 0x84,
    0x00, 0x60, 0x1f, 0xff, 0xf0, 0x0f, 0xf8, 0x40,
    0x02, 0x00, 0x2b, 0x70, 0x05, 0xc8, 0x36, 0x80,
    0x56, 0x80,

    /* U+006F "o" */
    0x00, 0xd1, 0x99, 0x5b, 0x00, 0x72, 0x73, 0xc6,
    0x60, 0xa7, 0x04, 0x00, 0x34, 0x2c, 0x80, 0x09,
    0x13, 0xa0, 0x04, 0x08, 0x68, 0x06, 0x70, 0x45,
    0x04, 0x00, 0x30, 0x06, 0xe0, 0x06, 0x81, 0x00,
    0x0c, 0x03, 0x08, 0x00, 0xc0, 0x3f, 0xf8, 0x44,
    0x00, 0x30, 0x0c, 0x20, 0x03, 0x04, 0x00, 0x30,
    0x06, 0xe0, 0x06, 0x84, 0x08, 0x68, 0x06, 0x70,
    0x45, 0x01, 0xa1, 0x64, 0x00, 0x40, 0x9d, 0x00,
    0x49, 0xef, 0x19, 0x83, 0x9c, 0x10,

    /* U+0070 "p" */
    0x00, 0x24, 0x69, 0x95, 0x6f, 0x5a, 0x00, 0x0f,
    0x2d, 0xca, 0x6f, 0x28, 0x12, 0xd8, 0x0f, 0x18,
    0x00, 0x52, 0xcf, 0x80, 0x09, 0x10, 0x00, 0x80,
    0x38, 0x02, 0x25, 0x00, 0x48, 0x07, 0xfb, 0x00,
    0x06, 0x01, 0xfe, 0x30, 0x03, 0x00, 0x7f, 0xf3,
    0x08, 0x00, 0xe0, 0x1f, 0xed, 0x00, 0x60, 0x07,
    0x08, 0x04, 0x4a, 0x04, 0xc0, 0x1d, 0x70, 0xd1,
    0xa0, 0x3c, 0x01, 0xea, 0xca, 0x72, 0x6f, 0x30,
    0x0f, 0x93, 0x3f, 0x64, 0x40, 0x3f, 0xfa, 0x82,
    0x01, 0xff, 0xcd, 0x2c, 0x70, 0x04, 0x61, 0x80,
    0x78,

    /* U+0071 "q" */
    0x00, 0x8a, 0xb7, 0xad, 0x00, 0x12, 0x80, 0x12,
    0xea, 0x9c, 0xef, 0x47, 0x30, 0x04, 0x34, 0x03,
    0xee, 0xd4, 0x62, 0x01, 0xac, 0x01, 0x22, 0x01,
    0x08, 0x07, 0x38, 0x01, 0x00, 0x3e, 0x70, 0x01,
    0x00, 0x08, 0x03, 0xf8, 0x40, 0x3f, 0xf8, 0x22,
    0x20, 0x01, 0x00, 0x7f, 0x94, 0x00, 0xa0, 0x1f,
    0xef, 0x00, 0x58, 0x80, 0x42, 0x01, 0xc8, 0xc0,
    0x58, 0xed, 0x2c, 0x01, 0xe9, 0xa4, 0x3a, 0xc8,
    0x40, 0x0f, 0x96, 0xfb, 0x68, 0x4c, 0x03, 0xff,
    0x88, 0xe0, 0x1f, 0xfe, 0x65, 0xc5, 0x00, 0x55,
    0x00,

    /* U+0072 "r" */
    0x00, 0x24, 0x69, 0x84, 0x76, 0xa1, 0xed, 0xb9,
    0x3d, 0x30, 0x94, 0x9e, 0xa8, 0x03, 0x47, 0x94,
    0x28, 0x00, 0x60, 0x06, 0xa0, 0xaf, 0x70, 0x0e,
    0x61, 0x00, 0xfe, 0xf0, 0x0f, 0xff, 0x81, 0x5b,
    0x80, 0x22, 0xd4, 0x02,

    /* U+0073 "s" */
    0x00, 0x0c, 0xe6, 0x37, 0x1c, 0x40, 0x05, 0xcf,
    0xd9, 0xb3, 0x0c, 0x00, 0x80, 0x72, 0x00, 0x28,
    0x06, 0x70, 0x41, 0x00, 0xa5, 0x00, 0x0c, 0x05,
    0xf2, 0x60, 0xc6, 0x00, 0x80, 0x00, 0xb6, 0x6b,
    0x00, 0x47, 0xaa, 0x01, 0x14, 0xc0, 0x04, 0x55,
    0xf4, 0x60, 0x07, 0x00, 0x52, 0x80, 0x17, 0x14,
    0x00, 0x40, 0xbe, 0x01, 0xb4, 0x04, 0x80, 0x0e,
    0x01, 0x0d, 0x05, 0x00, 0x31, 0x33, 0x33, 0xea,
    0x00,

    /* U+0074 "t" */
    0x00, 0x95, 0xc4, 0x03, 0xd7, 0x04, 0x01, 0xc6,
    0x20, 0x1f, 0x20, 0x07, 0xa3, 0x20, 0x01, 0xbb,
    0x04, 0x61, 0x80, 0x33, 0x74, 0x01, 0xff, 0xf0,
    0x10, 0x0e, 0x70, 0x03, 0x80, 0x76, 0x80, 0x21,
    0x61, 0x00, 0x0c, 0xe2, 0x73, 0xc8,

    /* U+0075 "u" */
    0x00, 0xc2, 0x01, 0xf0, 0x80, 0x0f, 0x3b, 0xf9,
    0x00, 0x0f, 0x9d, 0xfa, 0x00, 0x3d, 0x20, 0x03,
    0x80, 0x1e, 0x04, 0x03, 0x84, 0x03, 0xe7, 0x00,
    0x38, 0x07, 0xc2, 0x01, 0xff, 0xdd, 0x10, 0x0f,
    0x38, 0x07, 0xff, 0x29, 0x80, 0x02, 0x01, 0xff,
    0x10, 0x02, 0xc0, 0x03, 0xe0, 0x1f, 0x58, 0x01,
    0xf3, 0x1b, 0xc0, 0x1f, 0x15, 0x10, 0x12, 0xe3,
    0x80, 0x13, 0xcc,

    /* U+0076 "v" */
    0x2c, 0xff, 0xba, 0xc4, 0x23, 0x3f, 0x58, 0xb1,
    0x40, 0x0d, 0x62, 0x11, 0xc7, 0xac, 0x00, 0xe0,
    0x03, 0x00, 0x65, 0xa0, 0x0c, 0x84, 0x02, 0x80,
    0x15, 0xb8, 0x07, 0x50, 0x03, 0x80, 0x04, 0xc2,
    0x01, 0xcc, 0x00, 0x50, 0x02, 0xf0, 0x07, 0x85,
    0x40, 0x0c, 0x18, 0x80, 0x1f, 0x48, 0x02, 0x88,
    0xc0, 0x3f, 0x19, 0x01, 0xc5, 0x00, 0x7f, 0x50,
    0x01, 0x88, 0x03, 0xf9, 0x80, 0x14, 0x01, 0xfe,
    0x15, 0x07, 0x00, 0xe0,

    /* U+0077 "w" */
    0x1b, 0xff, 0xb2, 0x80, 0xf3, 0xfd, 0xd6, 0x29,
    0x9d, 0xcc, 0x11, 0x5a, 0x00, 0x22, 0x80, 0xf0,
    0x41, 0xec, 0x53, 0x1e, 0xb0, 0x40, 0x1c, 0x00,
    0xd0, 0x08, 0xc4, 0x1c, 0x03, 0x22, 0x00, 0x32,
    0x80, 0x1c, 0x02, 0xb6, 0x01, 0x40, 0x01, 0xb8,
    0x07, 0x94, 0x04, 0xc0, 0x09, 0x00, 0x0d, 0x00,
    0x5f, 0x00, 0x7b, 0xc0, 0x16, 0x06, 0x82, 0x80,
    0xe0, 0x03, 0x40, 0x0f, 0x28, 0x01, 0x42, 0xe8,
    0x38, 0x05, 0x04, 0x80, 0x3f, 0x30, 0x11, 0x60,
    0x50, 0x06, 0xbe, 0x80, 0x7e, 0xd0, 0x04, 0x68,
    0x04, 0xa0, 0xf8, 0x80, 0x1f, 0x90, 0x41, 0x58,
    0x02, 0xf0, 0x13, 0x00, 0xff, 0x38, 0x20, 0x80,
    0x4a, 0x00, 0xd0, 0x0f, 0xf5, 0x06, 0x80, 0x72,
    0x8a, 0x00, 0x70,

    /* U+0078 "x" */
    0x7d, 0xff, 0xb1, 0x81, 0xf7, 0xf5, 0x9f, 0x44,
    0x01, 0x6c, 0x0f, 0x09, 0xac, 0x00, 0xa0, 0x04,
    0x10, 0x0c, 0x50, 0x06, 0x45, 0x00, 0x48, 0x5c,
    0x88, 0x07, 0x58, 0x82, 0x51, 0x20, 0x07, 0x86,
    0x00, 0x0b, 0x20, 0x1f, 0x98, 0x40, 0x16, 0x01,
    0xfa, 0x24, 0x00, 0xaa, 0x00, 0xf1, 0x93, 0xb8,
    0x01, 0x60, 0x1e, 0xeb, 0x08, 0x20, 0x19, 0x00,
    0xd5, 0x62, 0x00, 0x90, 0x03, 0x20, 0x46, 0x2d,
    0x38, 0x27, 0x80, 0x55, 0x40,

    /* U+0079 "y" */
    0x1b, 0xff, 0xb6, 0xc4, 0x23, 0x3f, 0x60, 0x6d,
    0x40, 0x0b, 0x62, 0x11, 0x87, 0x90, 0x00, 0x90,
    0x03, 0x00, 0x61, 0x61, 0x00, 0x8c, 0x80, 0x4c,
    0x02, 0x6e, 0x00, 0xeb, 0x00, 0x50, 0x05, 0x88,
    0x01, 0xcc, 0x00, 0x70, 0x00, 0x90, 0x07, 0xcc,
    0x02, 0x80, 0xd4, 0x01, 0xf5, 0x00, 0x38, 0x34,
    0xc0, 0x3e, 0x33, 0x02, 0x9e, 0x80, 0x7f, 0x50,
    0x03, 0x98, 0x03, 0xf9, 0x80, 0x0c, 0x20, 0x1f,
    0xe6, 0x0d, 0x00, 0xff, 0xac, 0x18, 0x03, 0xfe,
    0x36, 0x00, 0xff, 0xe0, 0x45, 0x80, 0x7c, 0xb6,
    0xc0, 0x40, 0x40, 0x1f, 0x52, 0x4d, 0x74, 0x80,
    0x7e, 0x92, 0x10, 0xd0, 0x0f, 0xc0,

    /* U+007A "z" */
    0x0f, 0xeb, 0xbd, 0xdf, 0xe7, 0x10, 0x6b, 0xba,
    0x80, 0x02, 0xc6, 0x18, 0x01, 0x58, 0x84, 0x09,
    0xaa, 0x00, 0x11, 0x40, 0xd8, 0x06, 0x80, 0x2a,
    0x00, 0x70, 0x07, 0xa4, 0x41, 0xc8, 0x03, 0x8d,
    0x80, 0xa0, 0x03, 0xdc, 0x00, 0x90, 0x0f, 0x39,
    0x02, 0xa0, 0x01, 0xb0, 0x0a, 0x00, 0x16, 0x01,
    0x6b, 0x84, 0x80, 0x24, 0x40, 0x24, 0x04, 0x40,
    0x03, 0x6e, 0xec, 0x01,

    /* U+007C "|" */
    0x07, 0x30, 0x85, 0x00, 0xff, 0xfc, 0x80,

    /* U+00B7 "·" */
    0x02, 0x74, 0x00, 0x64, 0x5a, 0x00, 0x80, 0x08,
    0x20, 0x0d, 0x80,

    /* U+2013 "–" */
    0x01, 0x1f, 0xf8, 0x01, 0xdd, 0xff, 0x00, 0x2e,
    0xff, 0xe0,

    /* U+2014 "—" */
    0x01, 0x1f, 0xfe, 0x30, 0x03, 0xbb, 0xff, 0x8c,
    0xe1, 0x77, 0xff, 0xc6, 0x50,

    /* U+2026 "…" */
    0x07, 0x20, 0x0e, 0x55, 0x00, 0x71, 0x38, 0x3c,
    0x78, 0x06, 0x2a, 0xa1, 0x00, 0x6f, 0x87, 0x41,
    0x50, 0x0c, 0x46, 0x62, 0x00, 0xca, 0x28,

    /* U+3001 "、" */
    0x18, 0x40, 0x0c, 0x3b, 0x7c, 0xe0, 0x12, 0xc0,
    0xc6, 0x00, 0x4e, 0x40, 0x70, 0x01, 0x40, 0x00,
    0xc0, 0x25, 0x50, 0xf8,

    /* U+300A "《" */
    0x00, 0xf3, 0x80, 0x18, 0x80, 0x38, 0xb0, 0x06,
    0x88, 0x03, 0xa6, 0x41, 0x10, 0x00, 0xe4, 0x32,
    0x33, 0x20, 0x07, 0x44, 0x84, 0x40, 0x03, 0x9e,
    0x85, 0x4c, 0x80, 0x30, 0xdb, 0x04, 0xc0, 0x07,
    0x44, 0x01, 0xe8, 0x03, 0x88, 0xd0, 0x6d, 0x80,
    0x3a, 0x60, 0x2f, 0xc0, 0x39, 0x08, 0xa1, 0x30,
    0x0e, 0x45, 0x02, 0x01, 0x00, 0xf4, 0xc0, 0x45,
    0x80, 0x79, 0x4c, 0x8c, 0x0c, 0x03, 0xd1, 0x00,
    0xbf, 0x00, 0xf1, 0x99, 0x06, 0xd8, 0x03, 0xd1,
    0x00, 0x7a, 0x00, 0xf0, 0xdb, 0x04, 0xc0, 0x07,
    0x9e, 0x81, 0x4c, 0x80, 0x3d, 0x30, 0x11, 0x00,
    0x0f, 0x29, 0x81, 0x98, 0x80, 0x3d, 0x60, 0x09,
    0x20,

    /* U+300B "》" */
    0x26, 0x00, 0x38, 0x07, 0x8a, 0x84, 0x30, 0x80,
    0x3d, 0x10, 0x09, 0x90, 0x07, 0x90, 0xcc, 0x44,
    0x40, 0x0f, 0x44, 0x02, 0x20, 0x01, 0xe2, 0x35,
    0x1a, 0x70, 0x0f, 0x44, 0x83, 0x58, 0x80, 0x7a,
    0x9c, 0x22, 0x00, 0x1e, 0x6b, 0x14, 0x32, 0x00,
    0xf7, 0xc0, 0x44, 0x80, 0x78, 0xc8, 0xb2, 0x00,
    0x70, 0x81, 0x02, 0xa0, 0x07, 0x5c, 0x04, 0x48,
    0x07, 0x18, 0x19, 0x1a, 0x80, 0x77, 0xd8, 0x44,
    0x00, 0x39, 0xac, 0x50, 0xcc, 0x01, 0xd4, 0xe1,
    0x10, 0x00, 0xe8, 0x90, 0x6b, 0x10, 0x0c, 0x46,
    0xa1, 0x4e, 0x01, 0xd1, 0x00, 0x89, 0x00, 0xe2,
    0x33, 0x01, 0xa8, 0x07, 0x14, 0x80, 0x2c, 0x03,
    0xc0,

    /* U+3010 "【" */
    0x1f, 0xff, 0x71, 0x80, 0x79, 0x7c, 0xc0, 0x39,
    0x68, 0x40, 0x38, 0xe8, 0x03, 0xee, 0x00, 0xf9,
    0x08, 0x03, 0xee, 0x00, 0xfc, 0xa0, 0x1f, 0x08,
    0x07, 0xe2, 0x00, 0xfc, 0xe0, 0x1f, 0x9c, 0x03,
    0xf1, 0x00, 0x7e, 0x10, 0x0f, 0xe5, 0x00, 0xfd,
    0xc0, 0x1f, 0x90, 0x80, 0x3f, 0x70, 0x07, 0xe3,
    0xa0, 0x0f, 0xcb, 0x42, 0x01, 0xf2, 0xf9, 0x80,

    /* U+3011 "】" */
    0x3e, 0xff, 0xf0, 0x9f, 0xa8, 0x07, 0xc3, 0x4a,
    0x01, 0xfa, 0x8c, 0x03, 0xf7, 0x00, 0x7e, 0x24,
    0x00, 0xfd, 0xc0, 0x1f, 0x94, 0x03, 0xf8, 0x40,
    0x3f, 0x10, 0x07, 0xe7, 0x00, 0xfc, 0xe0, 0x1f,
    0x88, 0x03, 0xf0, 0x80, 0x7c, 0xa0, 0x1f, 0xb8,
    0x03, 0xe2, 0x40, 0x0f, 0xb8, 0x03, 0xea, 0x30,
    0x0e, 0x1a, 0x50, 0x0e, 0x3f, 0x50, 0x0f, 0x00,

    /* U+4E0E "与" */
    0x00, 0xe7, 0xa7, 0x30, 0x0f, 0xfe, 0x2e, 0xac,
    0x08, 0x07, 0xff, 0x15, 0x80, 0x88, 0x01, 0xf8,
    0x48, 0x03, 0xe2, 0x07, 0x00, 0xfe, 0xad, 0x60,
    0x0f, 0x08, 0x3d, 0x57, 0xeb, 0x40, 0x96, 0x00,
    0xc6, 0x00, 0xba, 0xaf, 0xd7, 0xff, 0x30, 0x06,
    0x60, 0x02, 0x80, 0x7f, 0xf1, 0x74, 0x00, 0x40,
    0x1f, 0xc6, 0x01, 0xf1, 0x80, 0x88, 0x03, 0xf2,
    0x65, 0x00, 0x71, 0x28, 0x02, 0x67, 0xfc, 0x0b,
    0x60, 0x18, 0xba, 0x36, 0x67, 0xf9, 0xc0, 0x16,
    0x01, 0xe7, 0x30, 0x0e, 0x30, 0x09, 0x80, 0x40,
    0x3f, 0xf8, 0x27, 0x96, 0x20, 0x40, 0x60, 0x14,
    0xcf, 0xfb, 0x41, 0x34, 0x44, 0x0c, 0x01, 0x4c,
    0xff, 0xbb, 0xfd, 0x8a, 0x00, 0x30, 0x0f, 0xfe,
    0x29, 0x80, 0x34, 0x03, 0xff, 0x8b, 0x60, 0x04,
    0x00, 0xff, 0xe0, 0x08, 0x04, 0x86, 0x06, 0x20,
    0x1f, 0xfc, 0x04, 0xae, 0xe5, 0x80, 0x28, 0x03,
    0xff, 0x82, 0xb5, 0x02, 0x00, 0x36, 0x00, 0xff,
    0xe1, 0xb8, 0x14, 0x60, 0x06,

    /* U+4ED3 "仓" */
    0x00, 0xfe, 0x42, 0x00, 0xff, 0xe3, 0x8d, 0xee,
    0x9c, 0x03, 0xff, 0x8b, 0x00, 0x03, 0x00, 0xff,
    0xe2, 0x9b, 0x00, 0x33, 0x54, 0x03, 0xff, 0x87,
    0xc0, 0x0a, 0x28, 0xa6, 0x00, 0xff, 0xe0, 0xc9,
    0x04, 0x28, 0x13, 0x4d, 0x08, 0x07, 0xf9, 0x98,
    0x12, 0xe0, 0x14, 0x9a, 0xf4, 0x08, 0x07, 0xcd,
    0x21, 0x6c, 0x01, 0xde, 0x40, 0xfd, 0x6e, 0x40,
    0x12, 0xc8, 0x18, 0x88, 0x03, 0x26, 0x22, 0x00,
    0x09, 0x86, 0x00, 0x7a, 0x82, 0x3a, 0x89, 0x9d,
    0x00, 0xc7, 0x24, 0x36, 0x22, 0xaf, 0xe7, 0x10,
    0x19, 0x9e, 0xb0, 0x04, 0xb6, 0xe0, 0x05, 0x50,
    0x20, 0x1f, 0xfc, 0x32, 0x00, 0x08, 0x07, 0xff,
    0x03, 0xc0, 0x02, 0x01, 0xff, 0xc3, 0x32, 0x22,
    0x00, 0x80, 0x7f, 0xf1, 0x06, 0xb4, 0xc1, 0x40,
    0x04, 0x01, 0xff, 0xc1, 0x28, 0x50, 0x18, 0x00,
    0x58, 0x07, 0xff, 0x0e, 0x33, 0x8c, 0x15, 0x40,
    0x1f, 0xe1, 0x43, 0x22, 0x00, 0x0c, 0xcb, 0x04,
    0x40, 0x0f, 0x9c, 0x01, 0x79, 0xbb, 0x66, 0x54,
    0x43, 0x80, 0x1f, 0x40, 0x80, 0x7f, 0xc3, 0x00,
    0x1f, 0x1f, 0x6e, 0x67, 0xed, 0xee, 0x30, 0x00,

    /* U+4F4D "位" */
    0x00, 0xc5, 0x8e, 0x40, 0x13, 0x10, 0x07, 0xff,
    0x05, 0x0e, 0x30, 0xc0, 0x03, 0xb6, 0x20, 0x1f,
    0xf6, 0x00, 0x2c, 0xc0, 0x0e, 0x29, 0xa0, 0x1f,
    0xf2, 0x81, 0x28, 0x06, 0x70, 0x33, 0x00, 0x0c,
    0x03, 0xca, 0x00, 0x80, 0x0e, 0xc0, 0x01, 0x02,
    0x65, 0x00, 0x77, 0x81, 0x2c, 0xcf, 0x62, 0x2c,
    0x4d, 0x02, 0xd8, 0x04, 0x2a, 0x00, 0x39, 0x9f,
    0x5d, 0x4c, 0xbb, 0xfd, 0x60, 0x14, 0x80, 0x0c,
    0xc0, 0x80, 0x1f, 0x75, 0xb9, 0x00, 0x66, 0x00,
    0xe7, 0xa0, 0x0e, 0x21, 0x4a, 0x00, 0xce, 0x06,
    0x01, 0x8d, 0x20, 0x03, 0x30, 0x02, 0x88, 0x00,
    0x37, 0x8c, 0x01, 0xc8, 0xe4, 0x01, 0x18, 0x01,
    0x40, 0x24, 0xd2, 0x00, 0xf6, 0x04, 0x80, 0x5c,
    0x06, 0x40, 0x12, 0x88, 0x07, 0xca, 0x08, 0x40,
    0x02, 0x0a, 0x00, 0xff, 0xe0, 0x88, 0x01, 0x40,
    0x0a, 0x0c, 0x01, 0xff, 0xc1, 0x20, 0x06, 0x80,
    0x89, 0xc0, 0x3f, 0xf8, 0xea, 0x12, 0x01, 0xff,
    0xc5, 0xc0, 0x36, 0x10, 0x0f, 0xfe, 0x1c, 0x2b,
    0x06, 0xd8, 0x02, 0x58, 0x03, 0xff, 0x80, 0xf4,
    0x00, 0x22, 0x02, 0xb4, 0xc8, 0x03, 0xe5, 0x99,
    0xf8, 0x66, 0x58, 0xcc, 0x02, 0x00, 0xc4, 0xcb,
    0x33, 0xff, 0xc2, 0x20,

    /* U+4FE1 "信" */
    0x00, 0xc7, 0x4a, 0x01, 0x8e, 0x98, 0x03, 0xff,
    0x80, 0x8b, 0x58, 0x20, 0x03, 0x09, 0xe2, 0x00,
    0xff, 0x60, 0x03, 0x84, 0x02, 0x80, 0x18, 0x00,
    0x8c, 0x03, 0xc8, 0x08, 0x40, 0x18, 0x8c, 0x34,
    0x00, 0xf8, 0xc0, 0x19, 0x00, 0x1d, 0x35, 0x5c,
    0xc7, 0xb5, 0x48, 0x09, 0x60, 0x0b, 0x80, 0x56,
    0x6a, 0xbd, 0x95, 0x57, 0x7f, 0x98, 0x02, 0x40,
    0x33, 0x00, 0x7f, 0xa3, 0x08, 0x03, 0x28, 0x81,
    0x98, 0x1a, 0x67, 0xea, 0x72, 0xc1, 0x00, 0xa4,
    0x03, 0x9a, 0x67, 0xea, 0xff, 0x70, 0x80, 0x0c,
    0xc4, 0x01, 0xff, 0xc1, 0x8c, 0x10, 0x0a, 0x29,
    0xc0, 0x32, 0xc4, 0x7d, 0x2e, 0x78, 0x00, 0x3e,
    0x50, 0x0e, 0x59, 0x9f, 0xa3, 0xb9, 0xa0, 0x03,
    0x50, 0x0f, 0x22, 0x04, 0x7e, 0x68, 0x00, 0xff,
    0x8e, 0xba, 0xab, 0xd0, 0xd8, 0x20, 0x1f, 0xf0,
    0xdd, 0x57, 0x00, 0x1c, 0x40, 0x3f, 0xf9, 0x04,
    0x01, 0xff, 0xed, 0xba, 0xae, 0x00, 0xff, 0xe2,
    0x5d, 0x57, 0x00, 0x7f, 0x0b, 0x80, 0x44, 0xc2,
    0x01, 0xe4, 0xa0, 0x00,

    /* U+522B "别" */
    0x00, 0xff, 0xe2, 0x91, 0x90, 0x05, 0x8e, 0x20,
    0x10, 0xed, 0x00, 0x79, 0x73, 0x58, 0x00, 0x71,
    0xb3, 0x35, 0x92, 0xd8, 0x5d, 0x48, 0x80, 0x4e,
    0x01, 0xa6, 0x74, 0x00, 0x3c, 0x15, 0x5c, 0x20,
    0x1f, 0xff, 0xb9, 0xaa, 0xa4, 0x03, 0xff, 0x88,
    0xc2, 0x7d, 0x20, 0x6c, 0x01, 0xff, 0x67, 0x9a,
    0x3a, 0x17, 0xe1, 0x00, 0x7f, 0xc6, 0x01, 0x18,
    0x01, 0xf0, 0x40, 0x3f, 0xd3, 0x54, 0x70, 0x3a,
    0xa4, 0x1e, 0x00, 0x7f, 0xa6, 0xa8, 0x40, 0xd5,
    0x40, 0x05, 0x00, 0x7f, 0xf0, 0x48, 0x34, 0x03,
    0x08, 0x07, 0xff, 0x04, 0x41, 0x00, 0x40, 0x06,
    0x01, 0xff, 0xc0, 0x50, 0x41, 0x02, 0x00, 0x08,
    0x00, 0x90, 0x03, 0xf6, 0x07, 0x00, 0x18, 0x00,
    0xc1, 0xda, 0x60, 0x1f, 0x0b, 0x1a, 0x80, 0x30,
    0x00, 0x40, 0x1d, 0xe0, 0x1d, 0x23, 0xa9, 0x34,
    0xc0, 0x80, 0x12, 0xdf, 0x38, 0x00, 0x40, 0xdb,
    0x45, 0x2d, 0x40, 0x1e, 0x01, 0x2d, 0xa8, 0x00,
    0xc0, 0xa3, 0x0c, 0x00, 0x46, 0x6a, 0x40, 0x0e,
    0xd2, 0x6d, 0x02, 0xb2, 0x00, 0xd9, 0x85, 0x00,
    0xf3, 0x6c, 0x88, 0x00,

    /* U+529F "功" */
    0x00, 0xff, 0xe0, 0x65, 0xc9, 0x00, 0x7f, 0xf0,
    0x88, 0x02, 0x34, 0x32, 0x00, 0xff, 0xe0, 0xb6,
    0xa8, 0x07, 0xff, 0x06, 0x26, 0x75, 0x48, 0x52,
    0x00, 0x46, 0x01, 0xfa, 0x26, 0x4e, 0xc7, 0xff,
    0x20, 0x07, 0xc4, 0x40, 0x0f, 0xfe, 0x38, 0xfe,
    0x10, 0x07, 0xf1, 0xcc, 0xc0, 0x05, 0x99, 0x51,
    0x0e, 0x08, 0x07, 0xe3, 0x99, 0x40, 0x02, 0xa6,
    0x50, 0x00, 0xb1, 0x00, 0xff, 0x88, 0x00, 0x40,
    0x1c, 0x20, 0x1f, 0xfc, 0x06, 0x00, 0x30, 0x01,
    0xc0, 0x0e, 0x01, 0xff, 0xc0, 0x30, 0x01, 0x00,
    0x04, 0x00, 0x20, 0x1f, 0xe1, 0x3c, 0x02, 0x00,
    0x8c, 0x00, 0x60, 0x1f, 0x13, 0x5d, 0x89, 0x41,
    0x40, 0x21, 0x00, 0x08, 0x06, 0x31, 0x04, 0x8f,
    0xa5, 0x00, 0x50, 0x05, 0xc0, 0x18, 0xab, 0xb0,
    0x00, 0xdc, 0x81, 0xa0, 0x84, 0x01, 0x10, 0x08,
    0x00, 0x90, 0x40, 0xf2, 0x40, 0x04, 0xc1, 0x20,
    0x19, 0x80, 0x80, 0x28, 0x1a, 0xc3, 0x00, 0xa4,
    0x24, 0x80, 0x31, 0x02, 0x80, 0x4d, 0xea, 0x01,
    0x9d, 0x1d, 0x80, 0x33, 0x00, 0x3c, 0x03, 0x08,
    0x06, 0x68, 0x88, 0x0a, 0x37, 0xa4, 0x00, 0xe0,
    0x1f, 0x9a, 0xf1, 0xc0, 0x05, 0x1c, 0x20, 0x06,
    0x10, 0x0f, 0xa0, 0x34, 0xc0, 0x38, 0xc8, 0xe6,
    0x40, 0x1f, 0xa1, 0x80, 0x3f, 0x6e, 0x30, 0x06,

    /* U+533B "医" */
    0x00, 0xff, 0xe2, 0x90, 0x06, 0x94, 0x00, 0xff,
    0xe0, 0xd6, 0xa0, 0x04, 0xd7, 0xb3, 0x3f, 0xf5,
    0x20, 0xc9, 0x00, 0x67, 0x99, 0xbb, 0x97, 0x33,
    0xd5, 0xdc, 0xd2, 0x00, 0xfd, 0x31, 0x88, 0x01,
    0x94, 0x03, 0xfe, 0x31, 0x08, 0x40, 0x09, 0x2b,
    0x48, 0x03, 0xfa, 0xc0, 0xb3, 0xba, 0xae, 0x46,
    0xb0, 0x0f, 0xe6, 0x2c, 0xa3, 0x13, 0xaa, 0x5d,
    0xa4, 0x03, 0xf3, 0x9f, 0x88, 0x18, 0x08, 0x04,
    0x22, 0x00, 0xfd, 0xda, 0x40, 0x19, 0x80, 0x2a,
    0xf3, 0x00, 0xf2, 0x1d, 0x56, 0x10, 0x7a, 0xa5,
    0xa0, 0xe1, 0x80, 0x72, 0x55, 0x69, 0x00, 0x45,
    0x52, 0xff, 0xe3, 0x00, 0xff, 0x58, 0x0d, 0xd3,
    0x00, 0x7f, 0xf0, 0x85, 0x82, 0x35, 0x27, 0x90,
    0x03, 0xff, 0x81, 0x62, 0xcc, 0x3c, 0x11, 0x5a,
    0x00, 0x7f, 0xa9, 0x62, 0x40, 0x05, 0xa0, 0x08,
    0x00, 0xfc, 0xb8, 0x7c, 0xe0, 0x18, 0xdc, 0x1c,
    0x03, 0xe5, 0x0c, 0x91, 0x00, 0xf4, 0x60, 0x28,
    0x07, 0x95, 0x40, 0x1f, 0xe5, 0x4a, 0x70, 0x40,
    0x02, 0x55, 0x7f, 0xf0, 0x31, 0x55, 0xc2, 0x9c,
    0xb5, 0x5f, 0xfc, 0x49, 0x10,

    /* U+5355 "单" */
    0x00, 0xe3, 0x00, 0xf8, 0x60, 0x40, 0x3f, 0xcb,
    0xf4, 0x20, 0x1a, 0x5f, 0xa0, 0x03, 0xf9, 0x91,
    0x7c, 0x40, 0x26, 0x03, 0x80, 0x0f, 0xf4, 0x00,
    0xb0, 0x01, 0x85, 0x30, 0x03, 0xf2, 0xa0, 0x19,
    0x80, 0x80, 0x17, 0x16, 0x36, 0x40, 0x1e, 0xdb,
    0xea, 0x64, 0xc9, 0xb0, 0xe9, 0xc4, 0xd5, 0x00,
    0xf8, 0x6a, 0x96, 0x0c, 0x99, 0x32, 0x40, 0x03,
    0x00, 0x7f, 0xf2, 0x0c, 0x03, 0xff, 0xa3, 0x33,
    0x20, 0x02, 0xe6, 0x48, 0x01, 0xff, 0x4c, 0xc8,
    0x00, 0xb9, 0x92, 0x00, 0x7f, 0xf5, 0x2a, 0xa4,
    0x00, 0x5d, 0x51, 0x00, 0x3f, 0xc5, 0x55, 0x20,
    0x02, 0xea, 0x88, 0x4e, 0x01, 0xeb, 0xcd, 0x00,
    0xfe, 0x9d, 0xc9, 0x00, 0xe3, 0x30, 0x07, 0xfc,
    0x54, 0xd8, 0x27, 0x55, 0xf9, 0x00, 0x17, 0x55,
    0x42, 0x2b, 0x39, 0xd5, 0x7e, 0x40, 0x05, 0xd5,
    0x7c, 0xc0, 0x1f, 0xfe, 0x81, 0x41, 0x00, 0xfc,

    /* U+53C2 "参" */
    0x00, 0xfc, 0x50, 0x40, 0x1f, 0xfc, 0x61, 0xf7,
    0xd9, 0x00, 0xff, 0xe2, 0x16, 0x10, 0xcc, 0x81,
    0xdc, 0x60, 0x1f, 0xf2, 0x61, 0x3f, 0xb0, 0x01,
    0xaf, 0x34, 0xc0, 0x3e, 0x4b, 0xb2, 0xd6, 0x2a,
    0x21, 0x52, 0x80, 0xb0, 0x40, 0x3c, 0x68, 0x09,
    0x57, 0x75, 0x76, 0x9e, 0x08, 0x20, 0x07, 0x98,
    0x04, 0xd8, 0x40, 0x13, 0x70, 0xa7, 0xae, 0x44,
    0x00, 0xe1, 0xde, 0xcd, 0x10, 0x26, 0x00, 0xc7,
    0xb1, 0xa8, 0x00, 0x99, 0xae, 0x6a, 0xc0, 0x0f,
    0x13, 0x79, 0x32, 0xf5, 0x57, 0x00, 0x26, 0x79,
    0x80, 0x19, 0x5d, 0x36, 0x1d, 0x35, 0x58, 0x03,
    0xd6, 0x63, 0x87, 0x71, 0xa7, 0xf1, 0xd0, 0x60,
    0x1f, 0x5a, 0x2f, 0x96, 0x20, 0x51, 0x1d, 0x8b,
    0xe7, 0xd1, 0x00, 0x13, 0x5e, 0xe8, 0xbc, 0xcd,
    0x8f, 0x72, 0x98, 0x20, 0x0d, 0x20, 0x8e, 0x9c,
    0x49, 0xc2, 0xbc, 0x1c, 0x56, 0xb3, 0xe7, 0x37,
    0x01, 0x8a, 0x46, 0xd3, 0xcc, 0x23, 0xe9, 0x84,
    0x59, 0x04, 0x60, 0x00, 0x40, 0x0e, 0x5b, 0x46,
    0xbb, 0x02, 0xfc, 0xeb, 0xb4, 0x01, 0xf3, 0xa0,
    0x2e, 0xd3, 0x57, 0x41, 0xd5, 0x01, 0x68, 0x03,
    0xc7, 0x37, 0x91, 0xf6, 0xa5, 0x3a, 0xa0, 0x55,
    0x40, 0x0f, 0x0c, 0xdc, 0xa8, 0x25, 0x6b, 0x02,
    0x56, 0xa8, 0x07, 0xc4, 0x00, 0x49, 0xeb, 0x54,
    0x9e, 0xb5, 0x00, 0xfc, 0x6f, 0x59, 0xe1, 0x7b,
    0xf6, 0xc2, 0x01, 0xf8,

    /* U+53D6 "取" */
    0x00, 0xff, 0x84, 0x03, 0xff, 0x91, 0x3e, 0x60,
    0x1f, 0xc3, 0x33, 0xfa, 0x98, 0x70, 0xc0, 0x3f,
    0x0c, 0xd3, 0x32, 0xe6, 0x4e, 0xaf, 0xfe, 0x30,
    0x0d, 0x06, 0x01, 0xff, 0xc0, 0x18, 0x8f, 0x63,
    0xe2, 0x80, 0x7f, 0xc3, 0x23, 0x33, 0x94, 0x01,
    0xa0, 0x1e, 0x9a, 0xa0, 0x80, 0x04, 0x46, 0x23,
    0x28, 0x02, 0x00, 0x3d, 0x35, 0x41, 0x00, 0xb5,
    0x00, 0x23, 0x03, 0x00, 0xff, 0xe1, 0x3e, 0x00,
    0x08, 0x00, 0x80, 0x1f, 0xfc, 0x22, 0x40, 0x02,
    0x00, 0x30, 0x03, 0xe1, 0x18, 0x03, 0x89, 0xc3,
    0x40, 0x08, 0x01, 0xf5, 0x4c, 0x84, 0x03, 0x54,
    0x8a, 0x02, 0x80, 0x7e, 0xb8, 0x80, 0x80, 0x67,
    0x1d, 0x00, 0x48, 0x07, 0xff, 0x08, 0x50, 0x50,
    0xc0, 0xcc, 0x01, 0xf8, 0x49, 0x44, 0x1a, 0x18,
    0x34, 0x01, 0x00, 0x18, 0x56, 0x80, 0x19, 0xb4,
    0x00, 0x69, 0x20, 0xd0, 0x01, 0x80, 0x63, 0xa6,
    0x00, 0x97, 0x04, 0x03, 0x22, 0x00, 0x11, 0x00,
    0x08, 0x98, 0x12, 0x7e, 0x8c, 0x03, 0xa4, 0xb4,
    0xc1, 0xec, 0x40, 0x17, 0x96, 0xc0, 0x1f, 0x50,
    0x61, 0x68, 0x82, 0x72, 0x01, 0x18, 0x07, 0xe8,
    0x0c, 0x10, 0x1d, 0x10, 0x84, 0x00, 0xfe, 0x30,
    0xda, 0x10, 0x08, 0xf1, 0xdc, 0x00,

    /* U+544A "告" */
    0x00, 0xc4, 0x80, 0x13, 0x4c, 0x28, 0x07, 0xff,
    0x02, 0xaf, 0xe4, 0x3d, 0x9d, 0xc0, 0x1f, 0xfc,
    0x04, 0x00, 0x40, 0x06, 0x30, 0x09, 0x40, 0x3f,
    0x18, 0x38, 0x80, 0x7c, 0xf5, 0x60, 0x1e, 0x30,
    0x01, 0xd5, 0x10, 0x01, 0x75, 0x48, 0x04, 0xb0,
    0x0e, 0xb0, 0x9b, 0xaa, 0x20, 0x02, 0xea, 0x9f,
    0xf5, 0x80, 0x73, 0x2b, 0x00, 0x7f, 0xf1, 0x55,
    0x28, 0x03, 0xff, 0x80, 0x4e, 0x01, 0x86, 0x80,
    0x3f, 0xf8, 0x3f, 0x14, 0x03, 0x5d, 0x55, 0xe2,
    0x33, 0x5d, 0x55, 0x62, 0x6c, 0xc1, 0xaa, 0xfd,
    0x79, 0x8a, 0xad, 0x79, 0x93, 0x00, 0x66, 0x10,
    0x0f, 0xe8, 0x50, 0x0f, 0xd1, 0xd7, 0x33, 0xf5,
    0xbd, 0x48, 0x07, 0xf1, 0x4c, 0xfd, 0x00, 0x01,
    0x00, 0xff, 0xe4, 0x68, 0x07, 0xff, 0xf1, 0x2a,
    0xbe, 0x80, 0x0f, 0xfe, 0x02, 0x55, 0x7d, 0x00,
    0x1f, 0xf1, 0xe8, 0x07, 0xf2, 0x38, 0x04,

    /* U+5907 "备" */
    0x00, 0xfa, 0x54, 0x80, 0x3f, 0xf8, 0xca, 0xd5,
    0x88, 0x01, 0xc6, 0x01, 0xff, 0x40, 0x02, 0x90,
    0x03, 0x5e, 0x28, 0x07, 0xf3, 0x10, 0x27, 0x55,
    0x6d, 0x40, 0xa6, 0x00, 0xf8, 0x60, 0x0e, 0xea,
    0xb7, 0x10, 0x01, 0x90, 0x03, 0xea, 0x19, 0xbb,
    0x08, 0x00, 0xe8, 0x00, 0xb2, 0x40, 0x1e, 0x74,
    0xb6, 0x73, 0xe8, 0x5c, 0x10, 0x6a, 0x00, 0xf9,
    0xb3, 0x50, 0x01, 0x0c, 0xf4, 0x00, 0x89, 0x00,
    0xf8, 0xcd, 0x64, 0x01, 0x2a, 0x00, 0x68, 0xda,
    0x75, 0x31, 0x00, 0x1a, 0x80, 0x49, 0xb4, 0x4b,
    0x6e, 0x20, 0x4b, 0x15, 0x9e, 0x60, 0x10, 0xb6,
    0x58, 0xc7, 0x52, 0x47, 0x51, 0x80, 0x43, 0xc6,
    0x0d, 0x5b, 0x23, 0x98, 0x71, 0x00, 0xcb, 0x60,
    0x4d, 0x20, 0x13, 0xd6, 0x01, 0x75, 0x55, 0xfe,
    0xba, 0xa4, 0x81, 0x0b, 0x80, 0x42, 0x01, 0x9e,
    0xa9, 0x60, 0x08, 0xaa, 0x20, 0x02, 0x00, 0x3f,
    0xfa, 0x6f, 0x54, 0xb0, 0x04, 0x55, 0x10, 0x03,
    0xff, 0x80, 0xf5, 0x4b, 0x00, 0x45, 0x51, 0x00,
    0x3f, 0xfd, 0x8f, 0x32, 0x86, 0x65, 0x4c, 0x90,
    0x03, 0xfc, 0x27, 0x33, 0xfc, 0x84, 0xc0, 0x18,

    /* U+5B58 "存" */
    0x00, 0xf8, 0xa5, 0x00, 0x3f, 0xf8, 0xca, 0xd7,
    0x82, 0x01, 0xff, 0xc4, 0xc0, 0x07, 0x88, 0x07,
    0x1c, 0x00, 0x7f, 0x20, 0x11, 0x80, 0x70, 0xeb,
    0xd8, 0x83, 0xd5, 0x6c, 0x00, 0x35, 0x57, 0xad,
    0x50, 0x1c, 0x1e, 0xab, 0x00, 0x0e, 0xea, 0xbe,
    0xbb, 0x98, 0x03, 0x8c, 0xc1, 0xe0, 0x1f, 0x26,
    0x08, 0x07, 0xd2, 0x0c, 0x55, 0x5f, 0x59, 0xe0,
    0x80, 0x71, 0xa8, 0xc0, 0xd5, 0x78, 0x80, 0x0e,
    0x40, 0x1d, 0xe0, 0x28, 0x01, 0xe3, 0x71, 0xaa,
    0x18, 0x06, 0x63, 0x00, 0x20, 0x06, 0x47, 0xe5,
    0xe5, 0x00, 0xe2, 0x92, 0x00, 0xfb, 0x20, 0xa4,
    0x0d, 0x80, 0x21, 0xec, 0xa0, 0x0f, 0xf1, 0x0e,
    0xcc, 0x80, 0x67, 0x4c, 0x02, 0x29, 0x9c, 0xa0,
    0x0b, 0x87, 0x60, 0x31, 0x81, 0x00, 0xc5, 0x33,
    0x94, 0x01, 0x73, 0x38, 0xc0, 0x3f, 0xff, 0x8d,
    0x58, 0xc0, 0x01, 0x00, 0xff, 0xe1, 0x35, 0x00,
    0x81, 0x80, 0x7f, 0xc5, 0x02, 0x01, 0x59, 0x36,
    0x80, 0x78,

    /* U+5DF2 "已" */
    0x00, 0xff, 0xeb, 0x9f, 0x28, 0x07, 0x4c, 0xff,
    0xf0, 0x78, 0x6a, 0x40, 0x34, 0xcf, 0xff, 0x05,
    0x00, 0x1a, 0x01, 0xff, 0xc8, 0x50, 0x0e, 0x76,
    0x51, 0x00, 0xff, 0xe2, 0xcc, 0xc2, 0x01, 0xff,
    0xc7, 0x60, 0x0f, 0xfe, 0xea, 0x4c, 0xff, 0x20,
    0x07, 0xf9, 0x26, 0x7f, 0x90, 0x00, 0x20, 0x1f,
    0xfc, 0x5a, 0xbf, 0x00, 0xff, 0xe3, 0x1a, 0x00,
    0x7f, 0xf2, 0xcc, 0x03, 0xff, 0x8e, 0x36, 0x01,
    0xff, 0xc7, 0x60, 0x0f, 0x84, 0x03, 0xff, 0x81,
    0x20, 0x1c, 0x40, 0x8e, 0x88, 0x33, 0xf2, 0x2e,
    0x0b, 0x30, 0x02, 0xa0, 0x04, 0x5d, 0xb3, 0x3d,
    0x74, 0x60, 0x32, 0x01, 0x34, 0x10, 0x07, 0xff,
    0x04, 0xac, 0x03, 0x3e, 0xf6, 0xe6, 0x7f, 0x6f,
    0xea, 0x00,

    /* U+5E08 "师" */
    0x00, 0xd0, 0xea, 0x01, 0xff, 0x10, 0x07, 0x9a,
    0x34, 0x03, 0xfd, 0x1a, 0xa0, 0x1f, 0x73, 0x55,
    0x7f, 0x38, 0x52, 0x1e, 0x51, 0x80, 0x4d, 0x55,
    0xb5, 0x55, 0x54, 0xff, 0x91, 0xcd, 0x0c, 0x03,
    0xff, 0x9a, 0xc2, 0x01, 0xf3, 0xa0, 0x07, 0xfa,
    0x3a, 0xe6, 0xc0, 0x13, 0x51, 0x70, 0x01, 0xff,
    0x6c, 0xd8, 0x02, 0x68, 0x01, 0xc0, 0x1f, 0xfc,
    0x82, 0x00, 0xff, 0xe7, 0x08, 0x07, 0xff, 0x28,
    0x80, 0x3f, 0xf9, 0x0e, 0x01, 0xff, 0xc5, 0x20,
    0x01, 0x00, 0x7f, 0xf1, 0x58, 0x0c, 0x40, 0x3f,
    0xf8, 0x4e, 0x72, 0x60, 0x80, 0x1f, 0xc7, 0x60,
    0x18, 0xf1, 0xec, 0x28, 0x03, 0xf8, 0xf0, 0x00,
    0xa0, 0x11, 0x1b, 0x90, 0x04, 0x4a, 0x01, 0xc6,
    0x94, 0x20, 0x15, 0x0c, 0x00, 0x5d, 0xa6, 0x01,
    0xc9, 0x6a, 0x01, 0x1b, 0x60, 0x07, 0xff, 0x1a,
    0xbc, 0x80, 0x3f, 0x85, 0x40, 0x3c,

    /* U+5F85 "待" */
    0x00, 0xe6, 0x00, 0xf4, 0xc9, 0xc4, 0x03, 0xfc,
    0xf3, 0xa6, 0x01, 0x9d, 0xb4, 0x40, 0x3f, 0x8a,
    0x00, 0xd4, 0x03, 0xf8, 0xc4, 0x03, 0xdc, 0x05,
    0x8c, 0x01, 0xf8, 0x77, 0xcc, 0x03, 0x51, 0xb6,
    0x10, 0x45, 0x54, 0x20, 0x95, 0xa6, 0x6f, 0x00,
    0xa1, 0xb2, 0x3e, 0x06, 0x2a, 0xa1, 0x04, 0xac,
    0xdd, 0x60, 0x00, 0xbb, 0x0e, 0x45, 0xf0, 0x40,
    0x3f, 0x84, 0xc0, 0x04, 0xc0, 0x2e, 0x05, 0x82,
    0x01, 0xfd, 0xb8, 0xa0, 0x1a, 0x00, 0x7a, 0x26,
    0x71, 0x93, 0x4c, 0xac, 0x4a, 0x0c, 0x00, 0x6c,
    0x02, 0x13, 0x3d, 0xba, 0xe5, 0x33, 0x66, 0xe8,
    0xc0, 0x1c, 0x01, 0x18, 0x07, 0xe3, 0x5e, 0xac,
    0x10, 0x04, 0xab, 0x80, 0x49, 0x11, 0xf0, 0x02,
    0xd0, 0xfc, 0x4f, 0x63, 0xc0, 0x24, 0x99, 0xf7,
    0x00, 0x2b, 0xb9, 0xe2, 0x68, 0x01, 0xe2, 0xd7,
    0x11, 0x98, 0x00, 0x23, 0x80, 0x3f, 0x8d, 0x67,
    0x44, 0x03, 0xff, 0x8d, 0x00, 0x50, 0x01, 0xff,
    0xc6, 0x15, 0x00, 0xff, 0xe4, 0xd6, 0x48, 0x08,
    0x07, 0xff, 0x19, 0x66, 0xa0, 0x00, 0x60, 0x1f,
    0xfc, 0x36, 0x91, 0x40, 0x03, 0x80, 0x7e, 0x27,
    0x00, 0xfb, 0xc5, 0x2c, 0x80, 0x3e, 0x7d, 0x80,
    0x0f, 0x93, 0xad, 0x00, 0x38,

    /* U+5FD7 "志" */
    0x00, 0xfe, 0x7c, 0xa7, 0x00, 0xff, 0xe4, 0x79,
    0xab, 0x00, 0x7f, 0xf4, 0x4c, 0x03, 0xff, 0x94,
    0x99, 0x40, 0x1c, 0xf3, 0x3f, 0x28, 0x02, 0xe6,
    0x75, 0x02, 0xd8, 0x06, 0x79, 0x9f, 0x90, 0x01,
    0x73, 0x3b, 0xbf, 0xd6, 0x01, 0xff, 0xc0, 0x10,
    0x0f, 0xfe, 0x90, 0x90, 0x07, 0xff, 0x2b, 0x74,
    0xa0, 0x1f, 0x1c, 0xcf, 0x94, 0x01, 0x73, 0x2b,
    0x30, 0xa5, 0x00, 0xf1, 0xcc, 0xfb, 0x7f, 0xd5,
    0x32, 0xbf, 0xf9, 0x40, 0x3f, 0xce, 0xa8, 0x16,
    0xe0, 0x1f, 0xfc, 0x32, 0x00, 0x45, 0x70, 0x7c,
    0x68, 0x80, 0x11, 0x80, 0x3f, 0x91, 0x00, 0x11,
    0x02, 0x11, 0x28, 0x00, 0x97, 0xea, 0x01, 0xf6,
    0x98, 0x07, 0x90, 0x14, 0x02, 0xe0, 0xa6, 0x00,
    0xe5, 0x4f, 0x00, 0xf5, 0x13, 0x00, 0xb1, 0x98,
    0x24, 0x03, 0x35, 0x06, 0x80, 0x78, 0xf6, 0x01,
    0x80, 0x14, 0x00, 0x30, 0x0a, 0x40, 0x54, 0x02,
    0x20, 0x0e, 0x29, 0xe0, 0x73, 0x43, 0x00, 0xa9,
    0xb0, 0x03, 0x2f, 0xff, 0x68, 0xba, 0x8e, 0x58,
    0x06, 0x59, 0x20, 0x03, 0x00, 0x7f, 0x13, 0x80,
    0x7f, 0xf0, 0x27, 0xb3, 0x3d, 0xbf, 0xa4, 0x01,
    0xe0,

    /* U+6001 "态" */
    0x00, 0xfe, 0x79, 0x64, 0x00, 0xff, 0xe4, 0x5b,
    0x49, 0x00, 0x7f, 0xf2, 0x08, 0x00, 0xc0, 0x1c,
    0x82, 0x01, 0xff, 0xc0, 0x11, 0x01, 0x80, 0x71,
    0x5f, 0x98, 0x06, 0x79, 0x9f, 0x50, 0x05, 0x73,
    0x3c, 0x8b, 0x20, 0x19, 0xe6, 0x7c, 0x01, 0x69,
    0xdc, 0xcd, 0x77, 0x50, 0x07, 0xf8, 0x90, 0x1c,
    0x6b, 0xc4, 0x03, 0xff, 0x89, 0xc0, 0x50, 0x04,
    0xfe, 0x80, 0x1f, 0xfc, 0x28, 0x31, 0x0d, 0x81,
    0xb3, 0xba, 0x20, 0x0f, 0xf9, 0xdc, 0x5f, 0x86,
    0xf8, 0x3c, 0x0b, 0xb6, 0xc2, 0x01, 0xf5, 0xc3,
    0xe8, 0x8a, 0x80, 0x88, 0x7a, 0x40, 0x93, 0x82,
    0x01, 0x9b, 0x4f, 0xa0, 0x02, 0x48, 0x72, 0x02,
    0xc5, 0x02, 0xd1, 0x00, 0x0b, 0x2e, 0xc0, 0x88,
    0x02, 0xb1, 0x80, 0x08, 0x6b, 0x38, 0x03, 0x0b,
    0x19, 0x88, 0x3f, 0xd8, 0x3b, 0x38, 0x20, 0x04,
    0x53, 0x30, 0x07, 0xc8, 0x80, 0x09, 0x85, 0x84,
    0xe0, 0x00, 0x97, 0xca, 0x01, 0xe1, 0x91, 0x00,
    0xf3, 0x81, 0x00, 0x12, 0x86, 0x98, 0x03, 0x16,
    0x08, 0x80, 0x3d, 0x10, 0x90, 0x61, 0x43, 0x09,
    0x00, 0xda, 0x40, 0xe0, 0x1e, 0x17, 0x21, 0xb3,
    0x0a, 0x00, 0x08, 0x04, 0x63, 0x42, 0x01, 0x2f,
    0xf7, 0x3f, 0xdc, 0x52, 0x6e, 0xb0, 0x20, 0x16,
    0x72, 0x80, 0x18, 0x02, 0x11, 0x00, 0x62, 0x20,
    0xd3, 0x80, 0x7f, 0x47, 0x65, 0xde, 0xcc, 0x76,
    0x88, 0x07, 0x80,

    /* U+606F "息" */
    0x00, 0xfe, 0x38, 0x53, 0x00, 0xff, 0xe4, 0x23,
    0xd4, 0x18, 0x00, 0x40, 0x3f, 0xe9, 0xa3, 0x00,
    0x70, 0x3d, 0x98, 0x57, 0x98, 0x07, 0xfc, 0xb9,
    0x54, 0x35, 0x2a, 0xa9, 0x47, 0x0c, 0x03, 0xfe,
    0x1a, 0xaf, 0xc2, 0x0a, 0x60, 0x1f, 0xfd, 0x71,
    0x88, 0xfc, 0x20, 0x1f, 0xfc, 0x21, 0x88, 0xfc,
    0x20, 0x1f, 0xfc, 0x21, 0x99, 0xfc, 0x20, 0x1f,
    0xfc, 0x21, 0x99, 0xfc, 0x20, 0x1f, 0xfd, 0xa1,
    0xaa, 0xfc, 0x20, 0x1f, 0xfc, 0x21, 0xaa, 0xfc,
    0x20, 0x60, 0x1f, 0xef, 0x83, 0x98, 0x2d, 0x70,
    0x0a, 0xb6, 0x40, 0x3f, 0x91, 0x0e, 0x4c, 0x24,
    0xb1, 0x60, 0x04, 0x58, 0x20, 0x0f, 0xd8, 0xe0,
    0x1d, 0x40, 0x86, 0x00, 0x35, 0xd8, 0x00, 0xf2,
    0x39, 0x00, 0x71, 0x08, 0x10, 0x29, 0x78, 0x3c,
    0x00, 0x65, 0xb0, 0x20, 0x0f, 0x77, 0x88, 0xa4,
    0x49, 0x41, 0xc0, 0x34, 0x01, 0x28, 0x04, 0xdf,
    0xdc, 0xff, 0x71, 0xc2, 0x78, 0x10, 0x06, 0xe9,
    0xc0, 0x03, 0x00, 0x42, 0x20, 0x0c, 0x4c, 0xb9,
    0x80, 0x0c, 0x6c, 0x20, 0x09, 0xdc, 0xbb, 0xd9,
    0x8e, 0xd2, 0x03, 0x10, 0x08,

    /* U+6210 "成" */
    0x00, 0xff, 0x91, 0x4c, 0x40, 0x3f, 0xf8, 0xdd,
    0x58, 0xb5, 0x90, 0x01, 0xff, 0xc3, 0x30, 0x14,
    0xb2, 0x7c, 0x00, 0xff, 0xe3, 0x0d, 0x81, 0x80,
    0x70, 0x80, 0x7f, 0x84, 0x00, 0xac, 0x0e, 0x01,
    0x8b, 0xe0, 0x40, 0x38, 0x40, 0x3b, 0x82, 0x1c,
    0x03, 0x9e, 0xa6, 0x79, 0x00, 0x13, 0x37, 0x33,
    0x38, 0x03, 0xdd, 0x33, 0xe0, 0x04, 0x4c, 0xf8,
    0x03, 0xff, 0x80, 0xc0, 0x02, 0x01, 0x72, 0x00,
    0xff, 0xa3, 0x48, 0x80, 0x06, 0x07, 0x8d, 0xb1,
    0x00, 0x9c, 0x01, 0xd3, 0x27, 0x2c, 0x01, 0x0d,
    0x0d, 0x00, 0x40, 0x80, 0x7b, 0xe6, 0x42, 0x0c,
    0x24, 0x0a, 0x28, 0x06, 0x60, 0x0f, 0xf0, 0x87,
    0x85, 0x01, 0x40, 0x02, 0x40, 0x38, 0x40, 0x0e,
    0x01, 0x84, 0x1c, 0x00, 0xc0, 0x8a, 0x01, 0xc6,
    0x00, 0x30, 0x10, 0x01, 0x80, 0xa0, 0x05, 0x20,
    0x1e, 0xe0, 0x20, 0x02, 0x80, 0x18, 0x01, 0xa0,
    0x05, 0x20, 0x01, 0x80, 0x44, 0x08, 0xd7, 0x40,
    0x03, 0x00, 0x58, 0x01, 0x4c, 0x01, 0x20, 0x12,
    0x06, 0xb6, 0x08, 0x28, 0x02, 0xc8, 0xc0, 0x18,
    0x68, 0xc0, 0x01, 0x11, 0xa0, 0x21, 0xc5, 0x04,
    0x24, 0x64, 0x00, 0x32, 0x98, 0x00, 0xe1, 0xe0,
    0x03, 0xc7, 0x09, 0x6b, 0x70, 0x76, 0x00, 0x0b,
    0x80, 0x2e, 0x4c, 0x03, 0x15, 0xf7, 0xa0, 0x05,
    0x2c, 0x00, 0x23, 0x58, 0x60, 0x0c, 0x29, 0x6e,
    0x20, 0x1d, 0x3a, 0xcc, 0x35, 0x50, 0x07, 0x0b,
    0x00, 0x7f, 0x14, 0xc8, 0x00,

    /* U+626B "扫" */
    0x00, 0xd3, 0x0e, 0x20, 0x1f, 0xfc, 0x67, 0x77,
    0x08, 0x07, 0xff, 0x20, 0x40, 0x3f, 0xe9, 0xa0,
    0x0f, 0xf1, 0xa4, 0xcf, 0xd4, 0xcb, 0x80, 0x1f,
    0xa7, 0x1e, 0x67, 0xeb, 0x00, 0x28, 0x0d, 0x54,
    0x20, 0xac, 0x1a, 0x20, 0x1f, 0xf0, 0xd5, 0x42,
    0x0b, 0xfe, 0xe1, 0x00, 0xff, 0xef, 0x20, 0x80,
    0x7f, 0xf1, 0x52, 0xb0, 0x04, 0x03, 0xff, 0x82,
    0x6e, 0x20, 0x7b, 0x8f, 0x55, 0xf5, 0x80, 0x64,
    0xec, 0x80, 0x03, 0xb8, 0x0e, 0xab, 0xeb, 0x00,
    0xca, 0x20, 0x40, 0x1f, 0xfc, 0x61, 0x48, 0xd1,
    0x00, 0xff, 0xe3, 0x53, 0x80, 0x7f, 0xf2, 0x04,
    0x03, 0xff, 0xbe, 0x86, 0x42, 0x01, 0xff, 0xc6,
    0x78, 0xd0, 0x07, 0x81, 0x55, 0x7e, 0xb0, 0x0e,
    0x3b, 0x10, 0x01, 0x81, 0x55, 0x7e, 0xb0, 0x0f,
    0x94, 0x65, 0x00, 0x3f, 0xf8, 0x09, 0x40, 0x1a,
    0xf9, 0x80, 0x3f, 0xe1, 0xfb, 0x30,

    /* U+63CF "描" */
    0x00, 0x96, 0x61, 0x00, 0x21, 0x54, 0x20, 0x35,
    0x41, 0x00, 0xf1, 0x33, 0xa8, 0x04, 0x75, 0x62,
    0x15, 0x4b, 0x30, 0x0f, 0xc2, 0x20, 0x0f, 0x10,
    0x04, 0x24, 0xe2, 0x01, 0xf8, 0x80, 0x3f, 0xc9,
    0x18, 0x20, 0x1e, 0x6d, 0xc9, 0x90, 0x02, 0xe5,
    0x00, 0x79, 0x5d, 0x4a, 0x65, 0x60, 0x36, 0x21,
    0x32, 0x00, 0x5c, 0xa0, 0x0d, 0x54, 0x85, 0x32,
    0xb0, 0x1d, 0xec, 0x00, 0xff, 0xe6, 0xa0, 0x80,
    0x05, 0xc4, 0x03, 0xfe, 0x7a, 0x1f, 0xb0, 0x04,
    0xf4, 0x65, 0x88, 0x07, 0x86, 0x27, 0x97, 0x26,
    0x5f, 0xec, 0x9b, 0x24, 0xd0, 0x01, 0xbd, 0x00,
    0x3e, 0x78, 0x06, 0x64, 0x21, 0x53, 0x60, 0x08,
    0x04, 0xc8, 0x20, 0x17, 0x00, 0xff, 0xe1, 0xa0,
    0x88, 0xc0, 0x3f, 0xf8, 0xf1, 0xd6, 0x01, 0xe1,
    0x99, 0x08, 0x54, 0xd8, 0x07, 0x30, 0x07, 0xe1,
    0x99, 0x08, 0x54, 0xd8, 0x07, 0xff, 0x9f, 0xc0,
    0x3f, 0xf8, 0xf1, 0xce, 0x01, 0xe1, 0xaa, 0x08,
    0x55, 0x2c, 0x03, 0xa2, 0x00, 0x02, 0x00, 0xc3,
    0x54, 0xff, 0x65, 0x58, 0x07, 0x90, 0x07, 0xc0,
    0x22, 0x90, 0x0f, 0x85, 0x54, 0x01, 0x16, 0xf1,
    0x80, 0x1f, 0x5c, 0x03, 0xc3, 0xd4, 0x20,

    /* U+6570 "数" */
    0x00, 0xe9, 0x87, 0x00, 0xe6, 0x61, 0x00, 0x7c,
    0x90, 0x20, 0xee, 0x03, 0xd7, 0x20, 0xa9, 0xd6,
    0x00, 0xf2, 0x37, 0x90, 0x00, 0x50, 0xb4, 0xc0,
    0xc0, 0x98, 0x03, 0xe4, 0x15, 0x00, 0xb1, 0x64,
    0x44, 0x00, 0x50, 0x08, 0xc0, 0x34, 0xb3, 0x80,
    0x5b, 0xf9, 0x04, 0x00, 0xb0, 0x04, 0x63, 0x00,
    0xcd, 0x1f, 0x88, 0x57, 0xf9, 0x49, 0x00, 0x13,
    0x2a, 0x70, 0x94, 0x19, 0x97, 0x80, 0x44, 0x4c,
    0xaa, 0x78, 0x3d, 0x4a, 0x82, 0x7a, 0x00, 0x56,
    0x01, 0x4b, 0x4d, 0x82, 0x04, 0x81, 0x00, 0x0c,
    0x03, 0x48, 0xd0, 0x80, 0xc8, 0x21, 0x99, 0x04,
    0x18, 0x01, 0xa0, 0x14, 0xae, 0xa8, 0x04, 0x8e,
    0xe6, 0x20, 0x08, 0x80, 0x0e, 0x00, 0x3d, 0xc2,
    0x70, 0x96, 0x08, 0x87, 0xf8, 0xd0, 0x30, 0x00,
    0x40, 0x03, 0x40, 0x04, 0x8e, 0x10, 0x49, 0x71,
    0x6f, 0x82, 0x82, 0x80, 0x43, 0x54, 0xb1, 0x01,
    0x8c, 0x6d, 0x00, 0x22, 0x20, 0x01, 0xc0, 0x10,
    0xd5, 0x14, 0x26, 0xe8, 0x00, 0x4c, 0x02, 0x6e,
    0x04, 0x80, 0x1c, 0xe2, 0x4c, 0x06, 0x60, 0x92,
    0x00, 0x58, 0x02, 0x40, 0x38, 0x60, 0x19, 0xd2,
    0x01, 0x50, 0x02, 0xb0, 0x01, 0x00, 0x70, 0xf4,
    0xbc, 0x5a, 0x07, 0x80, 0x50, 0x60, 0x09, 0x70,
    0x0e, 0x16, 0xc8, 0x00, 0xa8, 0xc1, 0x9d, 0x38,
    0x82, 0x2c, 0x80, 0x3a, 0x20, 0xb6, 0x20, 0xcf,
    0x31, 0x63, 0xc0, 0x04, 0xd4, 0x00, 0x2e, 0x1e,
    0x52, 0x7d, 0x76, 0xe9, 0xc0, 0x07, 0x60, 0x38,
    0x82, 0xe1, 0x96, 0x60, 0x03, 0x29, 0xa2, 0x00,
    0xc9, 0x90, 0x60,

    /* U+65E5 "日" */
    0x00, 0xff, 0xe1, 0xc1, 0x00, 0x7f, 0x16, 0x10,
    0x3e, 0xdc, 0x47, 0xec, 0x3d, 0x40, 0x03, 0xcc,
    0xfe, 0x50, 0x00, 0x80, 0x1c, 0x47, 0xf0, 0x04,
    0x80, 0x1f, 0xff, 0xf0, 0x02, 0xd5, 0x7e, 0x50,
    0x0e, 0x5a, 0xaf, 0xca, 0x01, 0xff, 0xff, 0x00,
    0xff, 0xe4, 0x2c, 0xcf, 0xe5, 0x00, 0xe5, 0x99,
    0xfc, 0xa0, 0x10, 0xa7, 0x80, 0x7f, 0x1c, 0x88,

    /* U+667A "智" */
    0x00, 0x91, 0x44, 0x03, 0xff, 0x8f, 0xd5, 0xe8,
    0x00, 0x51, 0x00, 0xf8, 0x44, 0x01, 0xc8, 0x12,
    0x80, 0x95, 0x85, 0x18, 0xa4, 0x56, 0x79, 0x80,
    0x44, 0x25, 0x7f, 0xed, 0x64, 0x50, 0x3a, 0x55,
    0x88, 0x78, 0x40, 0x16, 0x59, 0x60, 0x09, 0x8a,
    0x70, 0x00, 0xbb, 0xc0, 0x0a, 0x10, 0x0b, 0x47,
    0xc0, 0x83, 0x71, 0x40, 0x3f, 0xe8, 0x09, 0x92,
    0x80, 0x29, 0x97, 0xc4, 0x03, 0xfd, 0x13, 0x30,
    0x01, 0x22, 0xaa, 0x10, 0x0f, 0xfe, 0x09, 0x91,
    0x03, 0x74, 0xa0, 0x10, 0xcc, 0xc0, 0x1f, 0xbc,
    0x3a, 0x58, 0xa8, 0x40, 0x03, 0x33, 0x00, 0x7d,
    0x43, 0x86, 0x12, 0x60, 0x60, 0x2c, 0x01, 0x3d,
    0x38, 0x00, 0xef, 0x72, 0x10, 0x01, 0x9e, 0x51,
    0xd0, 0xbc, 0x70, 0xa0, 0x1a, 0xdc, 0x12, 0xf2,
    0x67, 0xeb, 0x1c, 0x40, 0x0c, 0x60, 0x1d, 0x53,
    0x3f, 0x20, 0x12, 0x00, 0x7f, 0xf2, 0x04, 0x03,
    0xfe, 0xaa, 0xfc, 0x80, 0x1f, 0xfc, 0x1a, 0xaf,
    0xc8, 0x01, 0xff, 0xed, 0xaa, 0xfc, 0x80, 0x1f,
    0xfc, 0x04, 0xea, 0xaf, 0x90, 0xac, 0x03, 0x00,

    /* U+673A "机" */
    0x00, 0xd3, 0x0e, 0x01, 0xff, 0xc7, 0x67, 0xf0,
    0x09, 0x18, 0x40, 0x2b, 0xb0, 0x07, 0xfb, 0x80,
    0x22, 0x9e, 0xa9, 0xb4, 0x46, 0x88, 0x07, 0xff,
    0x0e, 0xa6, 0x80, 0x14, 0x20, 0x1f, 0xd1, 0xa2,
    0x01, 0xf8, 0x40, 0x22, 0x88, 0x48, 0x02, 0x9c,
    0xb4, 0x40, 0x3f, 0xe2, 0x99, 0x08, 0x02, 0xfb,
    0x98, 0x20, 0x1f, 0xfc, 0x01, 0x11, 0x80, 0x42,
    0x20, 0x0f, 0xfe, 0x22, 0x80, 0x26, 0xc8, 0x03,
    0xff, 0x86, 0x42, 0x00, 0x94, 0xd3, 0x10, 0x0f,
    0xfe, 0x0a, 0x00, 0x42, 0x81, 0x20, 0x1f, 0xfc,
    0x2c, 0x00, 0xda, 0x18, 0x01, 0xff, 0xc1, 0x15,
    0x60, 0x09, 0xbd, 0xbc, 0x04, 0x03, 0xfc, 0xe5,
    0x00, 0x1e, 0x20, 0x20, 0x0f, 0xf5, 0x78, 0x80,
    0x79, 0x81, 0x00, 0x3f, 0x8f, 0x88, 0x03, 0xe3,
    0x0c, 0x00, 0xf9, 0x40, 0xc8, 0x03, 0xe4, 0x01,
    0x40, 0x0f, 0xb0, 0x03, 0xfd, 0xe1, 0x60, 0x1e,
    0xe2, 0x70, 0x0f, 0xe2, 0x46, 0x50, 0x08, 0x40,
    0x0f, 0xa3, 0x00, 0x1f, 0x0f, 0xbc, 0x80, 0x71,
    0x00, 0x6f, 0x00, 0xe3, 0x58, 0x98, 0x00, 0xf6,
    0x5d, 0x5e, 0xb8, 0x06, 0xfc, 0x39, 0x40, 0x0f,
    0x85, 0x15, 0x08, 0x00,

    /* U+6761 "条" */
    0x00, 0xf8, 0x98, 0x80, 0x3f, 0xf8, 0xf3, 0x2d,
    0xb2, 0x00, 0x8c, 0x03, 0xff, 0x80, 0x68, 0x03,
    0x44, 0x00, 0x7c, 0xa0, 0x0f, 0xfb, 0x80, 0x52,
    0xea, 0x97, 0x00, 0xb4, 0x01, 0xfd, 0x24, 0x1b,
    0x55, 0x9c, 0x00, 0x52, 0x01, 0xf9, 0xd9, 0x2f,
    0xc8, 0x01, 0x26, 0x03, 0xe6, 0x01, 0xf3, 0x4c,
    0xad, 0x27, 0x62, 0x98, 0x0b, 0x08, 0x03, 0xe8,
    0x1e, 0x60, 0x02, 0xb3, 0xa8, 0x0f, 0x10, 0x07,
    0xe8, 0x70, 0x08, 0xa9, 0x80, 0x21, 0xcf, 0xc9,
    0x76, 0x52, 0x00, 0xe1, 0x9d, 0x55, 0x5f, 0x41,
    0x00, 0x0d, 0xa2, 0x7c, 0xc0, 0x02, 0xd7, 0xeb,
    0x3d, 0x71, 0x7d, 0x94, 0xa2, 0x00, 0x2a, 0x10,
    0x66, 0x15, 0x76, 0x30, 0x81, 0xa8, 0x0a, 0xd7,
    0x24, 0xc8, 0x02, 0x67, 0x41, 0x00, 0xff, 0xa9,
    0x2d, 0x80, 0x33, 0xd5, 0x7a, 0xc0, 0x09, 0x55,
    0x02, 0xba, 0x80, 0x67, 0xaa, 0x4b, 0xfd, 0x58,
    0x01, 0x2f, 0xee, 0xaa, 0x70, 0x0f, 0xa0, 0xaa,
    0x80, 0x18, 0x4b, 0xac, 0xc0, 0x3f, 0x32, 0x02,
    0xd0, 0x07, 0x3b, 0x93, 0x20, 0x03, 0xc7, 0x20,
    0xd4, 0x01, 0xf4, 0x28, 0x3b, 0x00, 0x62, 0xd1,
    0xaa, 0x32, 0xb8, 0x07, 0xac, 0x43, 0x40, 0x22,
    0xf6, 0xe5, 0x37, 0xf9, 0x00, 0x78, 0x04, 0x30,
    0x38, 0x01, 0x3e, 0xc0, 0x04, 0x36, 0x00, 0x66,
    0x00, 0x66, 0xe7, 0x00, 0x94, 0x03, 0xc3, 0xdf,
    0x20, 0x1f, 0xe0,

    /* U+676F "杯" */
    0x00, 0xd5, 0x48, 0x20, 0x0f, 0xf1, 0x08, 0x07,
    0xe4, 0x52, 0x20, 0x07, 0xfb, 0xfc, 0x40, 0x1f,
    0xc6, 0x13, 0x3f, 0xd8, 0x43, 0x82, 0x01, 0xfe,
    0x89, 0x9d, 0x0c, 0xc5, 0xcf, 0xf7, 0x08, 0x07,
    0xf3, 0x79, 0x00, 0x4c, 0x00, 0x80, 0x0f, 0xd3,
    0x30, 0x82, 0x48, 0xe0, 0x05, 0x40, 0x48, 0x01,
    0xfa, 0x65, 0x80, 0x04, 0xff, 0x70, 0x00, 0xc8,
    0x2c, 0x03, 0xfe, 0xc0, 0x03, 0xc0, 0x80, 0x5e,
    0x00, 0xb1, 0x00, 0xff, 0x20, 0x01, 0x1f, 0xc8,
    0x10, 0xc0, 0x0f, 0x26, 0x01, 0xf8, 0x88, 0x00,
    0x35, 0x18, 0x09, 0x00, 0xd9, 0x8d, 0x30, 0x0f,
    0x20, 0x06, 0xc0, 0x2a, 0x2a, 0x10, 0x02, 0x41,
    0x62, 0x80, 0x76, 0x80, 0x66, 0xdd, 0x2d, 0xa8,
    0x06, 0x73, 0x0a, 0x20, 0x08, 0x92, 0x44, 0x02,
    0x68, 0xc4, 0x00, 0xf7, 0x80, 0x10, 0x02, 0xb4,
    0x60, 0x09, 0x73, 0x4c, 0x03, 0xe3, 0x50, 0x50,
    0x01, 0x2d, 0x80, 0x64, 0x80, 0x0f, 0xf5, 0x79,
    0x80, 0x1f, 0x40, 0x38, 0x40, 0x3f, 0xf8, 0x8a,
    0x20, 0x1f, 0xff, 0xf0, 0x0f, 0xfe, 0x60, 0xe0,
    0x07, 0xc7, 0xe0, 0x1f, 0xfc, 0x0e, 0xe2, 0x80,
    0x7b, 0xb1, 0x40, 0x3f, 0x00,

    /* U+67E5 "查" */
    0x00, 0xff, 0x21, 0x08, 0x07, 0xff, 0x18, 0x6f,
    0x74, 0x20, 0x1f, 0xfc, 0x8b, 0x10, 0x0c, 0xa8,
    0x01, 0xff, 0xc7, 0x3a, 0xb6, 0x00, 0x45, 0x57,
    0xbf, 0x80, 0x15, 0xb5, 0x54, 0xaa, 0xbc, 0x42,
    0x2a, 0xb8, 0xc0, 0x32, 0xbe, 0x55, 0x74, 0x88,
    0x07, 0x99, 0x80, 0x60, 0x0f, 0x89, 0xb2, 0x00,
    0xff, 0x34, 0x83, 0x68, 0x04, 0x56, 0x9b, 0x6a,
    0x20, 0x1e, 0x89, 0x2b, 0x90, 0x0e, 0x4b, 0x04,
    0xae, 0xb3, 0x00, 0x0d, 0xa4, 0xea, 0x00, 0x7c,
    0x9a, 0x40, 0x02, 0x30, 0x69, 0x8d, 0xb6, 0x10,
    0x1a, 0xc7, 0x00, 0x67, 0x7c, 0x14, 0x80, 0x1a,
    0x0c, 0x0a, 0x76, 0xa9, 0xf3, 0x55, 0x19, 0xbd,
    0xf4, 0x03, 0xfa, 0xea, 0xbd, 0x60, 0x05, 0x00,
    0xff, 0xae, 0x67, 0xd6, 0x01, 0xff, 0xc2, 0xb9,
    0x9f, 0x58, 0x07, 0xff, 0x62, 0xea, 0xbd, 0x60,
    0x1f, 0xfc, 0x2b, 0xaa, 0xf5, 0x80, 0x3c, 0x48,
    0x03, 0xc2, 0x90, 0xe0, 0x1e, 0x16, 0xb7, 0xcd,
    0x50, 0x19, 0x9c, 0x5d, 0x33, 0xf8, 0x36, 0xc0,
    0xa1, 0x00,

    /* U+68C0 "检" */
    0x00, 0x8b, 0xb2, 0x00, 0x39, 0x61, 0x8c, 0x03,
    0xfc, 0x27, 0x60, 0x1d, 0x2f, 0x28, 0x01, 0xff,
    0xc5, 0x13, 0x07, 0xb0, 0x0f, 0xfe, 0x2c, 0x80,
    0xc2, 0x50, 0x07, 0xff, 0x02, 0x28, 0x00, 0xc1,
    0x41, 0x2b, 0x62, 0x01, 0x0c, 0x42, 0xc0, 0x12,
    0xeb, 0x2e, 0x30, 0x80, 0x30, 0x9e, 0xa0, 0x01,
    0x99, 0x00, 0x5d, 0xd4, 0x41, 0x9c, 0x02, 0x73,
    0x1a, 0xd4, 0x01, 0x12, 0x80, 0x1c, 0x45, 0x6d,
    0x20, 0x18, 0xf4, 0x40, 0x0c, 0x01, 0x18, 0x02,
    0x85, 0x72, 0x40, 0x33, 0xe3, 0xe1, 0x79, 0x00,
    0x0c, 0x02, 0x4f, 0x16, 0x49, 0x9d, 0xcd, 0xe5,
    0xa4, 0x01, 0x20, 0x05, 0x43, 0x00, 0x93, 0xb3,
    0x38, 0x18, 0x40, 0x36, 0x00, 0x46, 0x02, 0xc0,
    0x08, 0x60, 0x00, 0xb4, 0xe1, 0x00, 0x05, 0x10,
    0x00, 0x7d, 0xcd, 0x80, 0xb9, 0x40, 0x50, 0x04,
    0x90, 0x01, 0x8e, 0x00, 0x22, 0x1c, 0x75, 0x40,
    0x90, 0x30, 0x34, 0x00, 0xaf, 0x84, 0x03, 0x90,
    0x20, 0x80, 0x89, 0x81, 0x20, 0x12, 0x71, 0x00,
    0x78, 0x40, 0x8c, 0x00, 0x2a, 0x4a, 0x01, 0x21,
    0x00, 0x7c, 0x40, 0x11, 0x90, 0x8a, 0x00, 0x3f,
    0xf8, 0x4c, 0xc2, 0xcd, 0x73, 0x51, 0x20, 0x0f,
    0xfe, 0x04, 0xc8, 0x02, 0xdf, 0x0d, 0xc4, 0x00,
    0xfc, 0x53, 0x3f, 0x25, 0x59, 0x05, 0x10, 0x07,
    0x21, 0x12, 0x67, 0xec, 0x9b, 0xee, 0x88,

    /* U+72B6 "状" */
    0x00, 0xc9, 0x0c, 0x80, 0x19, 0x19, 0x08, 0x03,
    0xfe, 0x37, 0x97, 0x00, 0xdb, 0x36, 0x2a, 0x80,
    0x1f, 0xfc, 0x02, 0x00, 0xf8, 0xda, 0xf9, 0x40,
    0x31, 0x00, 0x7f, 0xf0, 0x8d, 0x86, 0x80, 0x34,
    0xd0, 0x80, 0x7f, 0x84, 0x01, 0x40, 0x60, 0x1b,
    0xd7, 0x3c, 0x03, 0xff, 0x80, 0x7b, 0xa0, 0x0c,
    0x80, 0x4e, 0x01, 0xf1, 0x81, 0x80, 0x5d, 0x84,
    0x01, 0x84, 0x03, 0x15, 0x56, 0x40, 0x2a, 0xa5,
    0x99, 0x60, 0x80, 0x50, 0x8a, 0x00, 0x2a, 0xac,
    0x40, 0x0b, 0xab, 0xff, 0x70, 0x80, 0x4d, 0x7a,
    0x01, 0xf0, 0x81, 0x20, 0x07, 0xff, 0x1c, 0x81,
    0x34, 0x03, 0xfe, 0xe0, 0x0f, 0xec, 0x50, 0x0f,
    0xe4, 0xd6, 0x00, 0xf1, 0x80, 0x18, 0x54, 0x03,
    0xc7, 0x96, 0x4c, 0x01, 0xe4, 0x01, 0x34, 0x90,
    0x0f, 0x8c, 0x23, 0x80, 0x3d, 0x80, 0xc1, 0x87,
    0x20, 0x1c, 0x6a, 0x4e, 0x01, 0xe1, 0x40, 0xa0,
    0x40, 0x66, 0x00, 0x75, 0xf0, 0x07, 0xd2, 0x0a,
    0x40, 0x06, 0x09, 0x80, 0x0c, 0x26, 0x01, 0xe1,
    0x71, 0xb0, 0x0a, 0xc0, 0x0f, 0x84, 0x01, 0xfe,
    0xb1, 0xc1, 0x00, 0x89, 0x40, 0x0e, 0x01, 0xfe,
    0x87, 0xc2, 0x00, 0xea, 0x34, 0xb2, 0x00, 0xf0,
    0xba, 0x06, 0x90, 0x07, 0xdb, 0xe0, 0x1f, 0x3f,
    0x42, 0xc0, 0x07, 0xf0, 0xa0, 0x04,

    /* U+7406 "理" */
    0x00, 0xf1, 0x00, 0x80, 0x7f, 0x10, 0x80, 0x7c,
    0x39, 0x4d, 0xac, 0x45, 0xe3, 0xcf, 0x40, 0x29,
    0x9d, 0xa2, 0xb0, 0x52, 0xaa, 0xdd, 0x72, 0xa0,
    0x8a, 0x44, 0xa6, 0x4c, 0xc5, 0xff, 0x40, 0x01,
    0xdc, 0x20, 0xae, 0xc0, 0x0a, 0x10, 0x0e, 0x10,
    0x0f, 0xff, 0x2d, 0x48, 0x82, 0x4d, 0x80, 0x7f,
    0x98, 0x40, 0x2a, 0x91, 0x04, 0x9b, 0x00, 0xe1,
    0x10, 0x00, 0xe7, 0x3c, 0x03, 0xff, 0x82, 0x53,
    0x20, 0x03, 0xb9, 0x48, 0x03, 0xff, 0x82, 0x51,
    0x00, 0x02, 0x44, 0x34, 0x03, 0xff, 0x99, 0x54,
    0x10, 0x4a, 0xb0, 0x0f, 0xfe, 0x08, 0xad, 0x50,
    0x41, 0x2a, 0x8f, 0x6e, 0x01, 0xfc, 0xfd, 0x40,
    0x1f, 0x7b, 0x00, 0x7c, 0x71, 0x46, 0x01, 0xf9,
    0x23, 0x0c, 0x00, 0x4c, 0x00, 0x41, 0xa7, 0x99,
    0xc2, 0x09, 0x3a, 0xce, 0x80, 0xdb, 0x20, 0x59,
    0x20, 0x93, 0x38, 0x41, 0x26, 0x73, 0x83, 0x80,
    0x23, 0x4c, 0x03, 0xff, 0x82, 0xa0, 0x01, 0x8e,
    0x70, 0x0f, 0xfe, 0x12, 0xd5, 0x00, 0x0e, 0x20,
    0x12, 0x4c, 0xf8, 0x41, 0x26, 0x56, 0x0b, 0x20,

    /* U+745E "瑞" */
    0x00, 0xf0, 0x80, 0x7a, 0x6e, 0x40, 0x3f, 0xe6,
    0xe5, 0x07, 0x63, 0x02, 0x4e, 0x01, 0x76, 0x30,
    0x29, 0x9e, 0x0a, 0x68, 0x90, 0x0f, 0x14, 0x48,
    0x00, 0xa6, 0x4c, 0xc9, 0xff, 0x30, 0x00, 0x80,
    0x3f, 0x18, 0x07, 0xff, 0x4c, 0x40, 0x3f, 0xf9,
    0x24, 0x21, 0x72, 0x2b, 0xb3, 0x00, 0x1f, 0xe4,
    0x03, 0xe9, 0xa9, 0xaa, 0xa6, 0x94, 0x88, 0x01,
    0xed, 0xb8, 0x67, 0x17, 0x7f, 0x4a, 0x96, 0x10,
    0xcc, 0x80, 0x0e, 0xc2, 0x8c, 0xd0, 0x44, 0xa3,
    0x4f, 0x73, 0xc8, 0x66, 0x40, 0x0a, 0x99, 0x01,
    0x08, 0xb8, 0x70, 0xc4, 0x48, 0xa2, 0x01, 0xfc,
    0xf9, 0xb4, 0xe5, 0x15, 0x5a, 0xe0, 0x03, 0xff,
    0x81, 0x42, 0xf4, 0xad, 0x40, 0x0f, 0x00, 0xff,
    0xe4, 0x90, 0x07, 0x85, 0x67, 0x40, 0x3f, 0xf8,
    0x64, 0x00, 0x89, 0xbd, 0x00, 0xff, 0xe0, 0x9e,
    0xe8, 0x00, 0xd8, 0x40, 0x1f, 0xfc, 0x23, 0x30,
    0x0d, 0xc8, 0x07, 0xff, 0x16, 0x57, 0xd0, 0x03,
    0xff, 0x81, 0x60, 0x01, 0x00, 0x3d, 0x08, 0x07,
    0xe5, 0xe0, 0xdc, 0xe0, 0x03, 0x00, 0x7f, 0x85,
    0x42, 0x94, 0x08, 0x18, 0xa0, 0x80,

    /* U+7597 "疗" */
    0x00, 0xff, 0xea, 0xdf, 0x51, 0x00, 0x7f, 0xf1,
    0xa8, 0x17, 0x00, 0x30, 0x80, 0x79, 0x94, 0x03,
    0x85, 0x80, 0x44, 0x00, 0x4e, 0x50, 0x0e, 0xea,
    0xe9, 0x88, 0xc2, 0x07, 0x31, 0x0a, 0x0a, 0x60,
    0x94, 0x00, 0xd1, 0x33, 0xa3, 0xb6, 0x66, 0xfe,
    0xe3, 0x06, 0x5a, 0x80, 0x42, 0x3f, 0xe3, 0xd3,
    0x10, 0x02, 0x85, 0x88, 0x00, 0x66, 0x7f, 0xb0,
    0xf5, 0x00, 0x30, 0x90, 0x00, 0x66, 0x7f, 0x08,
    0x81, 0x5c, 0x02, 0x65, 0x20, 0x0f, 0xf2, 0xb9,
    0x5d, 0x18, 0x05, 0x34, 0x01, 0xfc, 0x6b, 0x35,
    0xa8, 0x01, 0xe8, 0x60, 0x30, 0x0e, 0x1c, 0xa0,
    0x40, 0x0f, 0x26, 0xb9, 0x00, 0x80, 0x7e, 0x51,
    0x00, 0xe4, 0xb2, 0x81, 0x05, 0x00, 0xff, 0xe1,
    0xa1, 0x11, 0xc8, 0x30, 0x03, 0xff, 0x89, 0x12,
    0x42, 0x0e, 0x01, 0xff, 0xc4, 0x54, 0x70, 0x32,
    0x00, 0xff, 0xe3, 0x70, 0x48, 0x07, 0xff, 0x18,
    0x91, 0x0a, 0x01, 0x19, 0x14, 0x01, 0xff, 0x41,
    0x50, 0x06, 0x15, 0xdc, 0x00, 0x70, 0x07, 0xca,
    0xd8, 0x20, 0x18, 0x9e, 0x40, 0x02, 0xa0, 0x1f,
    0x16, 0x08, 0x07, 0xce, 0xd1, 0xe4, 0x01, 0xe0,

    /* U+7AEF "端" */
    0x00, 0x10, 0x80, 0x7f, 0x24, 0x39, 0x00, 0x7e,
    0xe8, 0x00, 0xc6, 0x61, 0x03, 0x7b, 0x21, 0x42,
    0x10, 0x08, 0x88, 0xf0, 0x01, 0x76, 0x58, 0x07,
    0x15, 0xea, 0x00, 0x67, 0x05, 0x10, 0x0d, 0x80,
    0x1f, 0x94, 0x03, 0x71, 0xdd, 0x60, 0x80, 0x7f,
    0xf0, 0x4a, 0xa9, 0xcd, 0xa8, 0x74, 0x01, 0xff,
    0xc1, 0x2b, 0xaa, 0xa7, 0x3e, 0x4c, 0x2a, 0x75,
    0x5a, 0x60, 0x03, 0x99, 0x00, 0x0b, 0x9c, 0xde,
    0xfb, 0x35, 0x54, 0xd4, 0x11, 0x00, 0x09, 0x42,
    0x1e, 0x08, 0x70, 0x31, 0x33, 0xd1, 0x25, 0x82,
    0x06, 0x30, 0x04, 0x1e, 0xf3, 0x36, 0x33, 0xdc,
    0xcb, 0xbf, 0x84, 0x02, 0x60, 0x10, 0x42, 0x40,
    0x06, 0x8e, 0x10, 0x01, 0x54, 0x01, 0x84, 0x09,
    0x90, 0x5e, 0xf6, 0x98, 0xa2, 0xab, 0xa4, 0x03,
    0x8c, 0xb8, 0x02, 0x3a, 0x53, 0xa6, 0x4a, 0x10,
    0xe0, 0x08, 0xd0, 0x00, 0xa0, 0x1f, 0xfc, 0x12,
    0x00, 0xb6, 0xcd, 0x1e, 0x88, 0x03, 0xff, 0x84,
    0x4b, 0x38, 0x9b, 0x64, 0x01, 0xff, 0xc1, 0x4d,
    0xa6, 0x19, 0xa1, 0x00, 0xff, 0xe1, 0x21, 0x02,
    0x73, 0x00, 0x7f, 0xf1, 0x6e, 0xac, 0x40, 0x3f,
    0xf8, 0x14, 0x20, 0x19, 0x94, 0x03, 0xf8, 0xdc,
    0x37, 0xa4, 0x00, 0xc0, 0x1f, 0xe1, 0x60, 0x88,
    0x00, 0x81, 0x12, 0x0c, 0x00,

    /* U+7BA1 "管" */
    0x00, 0x8d, 0x00, 0x3e, 0x43, 0x00, 0xff, 0xa2,
    0xfa, 0x00, 0x0a, 0x00, 0xfc, 0xd6, 0x00, 0x13,
    0x00, 0x61, 0x40, 0x04, 0x83, 0xd4, 0x8a, 0x03,
    0xb8, 0x07, 0xe6, 0x40, 0x13, 0x00, 0x1f, 0xb7,
    0x98, 0x20, 0x10, 0xfb, 0x61, 0x18, 0x08, 0x01,
    0x23, 0x92, 0xc5, 0xf3, 0x22, 0xbb, 0x4a, 0x17,
    0xcc, 0xc4, 0x12, 0x5a, 0x61, 0x80, 0x03, 0xf7,
    0x70, 0x03, 0x8d, 0x40, 0x30, 0xe6, 0x10, 0x81,
    0x7d, 0x8d, 0x4e, 0x40, 0x0b, 0x87, 0x2a, 0x00,
    0x15, 0x0b, 0xe9, 0x9e, 0x61, 0x14, 0xce, 0xb6,
    0xa5, 0x00, 0xac, 0xea, 0x67, 0xb3, 0xae, 0x65,
    0x73, 0xe0, 0x03, 0x00, 0x3a, 0x01, 0x55, 0x10,
    0x03, 0xcb, 0xb0, 0x65, 0xac, 0x00, 0x42, 0x64,
    0x05, 0xb9, 0x9f, 0x81, 0xfb, 0x48, 0x02, 0x3d,
    0x90, 0x08, 0x66, 0x7d, 0x60, 0x08, 0x00, 0xff,
    0xe0, 0x08, 0xfb, 0xc0, 0x3f, 0xf8, 0x43, 0x33,
    0xe4, 0x02, 0x10, 0x0f, 0xf8, 0x62, 0x3d, 0x9e,
    0x8c, 0x01, 0xff, 0x0c, 0xcf, 0xd4, 0xd3, 0x60,
    0x1f, 0xe1, 0x99, 0xfa, 0xc0, 0x06, 0x01, 0xff,
    0xc9, 0xf0, 0x0f, 0xf0, 0xc4, 0x7e, 0x00, 0xff,
    0xe0, 0x8c, 0xcf, 0xd4, 0x01, 0xff, 0xc0, 0x29,
    0x11, 0xf8, 0x80, 0xd0, 0x02,

    /* U+7CFB "系" */
    0x00, 0xff, 0xe1, 0x0a, 0xd2, 0x00, 0x7f, 0xf0,
    0xc9, 0xa7, 0x7a, 0x96, 0xd0, 0x03, 0xf0, 0x9b,
    0x4e, 0x7e, 0xcb, 0x10, 0x00, 0x93, 0xc8, 0x03,
    0x2c, 0x55, 0xcf, 0x81, 0x00, 0x1b, 0x37, 0xfd,
    0xb7, 0x62, 0x00, 0xcb, 0x15, 0x54, 0x10, 0x80,
    0x88, 0x88, 0x08, 0x01, 0xff, 0xc0, 0x6f, 0x43,
    0x9e, 0x81, 0x2d, 0xb9, 0x00, 0xfe, 0x8e, 0x87,
    0xa8, 0x24, 0x57, 0xd2, 0x07, 0x70, 0x07, 0xef,
    0x11, 0x35, 0x5d, 0x4d, 0x40, 0x0c, 0x73, 0x80,
    0x7e, 0x61, 0x47, 0xac, 0x72, 0x02, 0x9e, 0x70,
    0x0f, 0xf0, 0xf5, 0xce, 0xe3, 0x2d, 0xeb, 0x55,
    0xb8, 0x07, 0xf8, 0xe7, 0x8e, 0xbe, 0x90, 0x01,
    0x43, 0x1e, 0xc0, 0x1e, 0x7d, 0xc5, 0x8c, 0x28,
    0x84, 0xca, 0xac, 0x08, 0x25, 0xc0, 0x3c, 0x40,
    0x71, 0x13, 0xb9, 0xbb, 0x95, 0x4d, 0x20, 0x80,
    0x0e, 0x72, 0x47, 0x9c, 0xe6, 0x00, 0x32, 0x08,
    0x03, 0x80, 0x40, 0x3d, 0xb6, 0x80, 0x62, 0x01,
    0x8e, 0x54, 0x4f, 0x30, 0x01, 0xf3, 0x9c, 0xe0,
    0x80, 0x63, 0xfa, 0xe7, 0x32, 0x00, 0xf1, 0xc0,
    0x16, 0x88, 0x07, 0x35, 0x04, 0x60, 0x80, 0x70,
    0xf0, 0x2e, 0x08, 0x07, 0xcb, 0x00, 0x76, 0x01,
    0xda, 0x75, 0x40, 0x77, 0x28, 0x07, 0x9c, 0xc1,
    0x40, 0x35, 0x53, 0x94, 0x05, 0xf4, 0xc0, 0x84,
    0x03, 0x40, 0xa8, 0x04, 0x34, 0xc0, 0x1d, 0xc0,
    0x9c, 0x01, 0xc9, 0xd4, 0x01, 0x08, 0x07, 0xc9,
    0xf6, 0x60, 0x1f, 0xf0,

    /* U+7EC8 "终" */
    0x00, 0x92, 0x4c, 0x03, 0xa9, 0xc8, 0x03, 0xfe,
    0xd6, 0xc9, 0x00, 0x89, 0x63, 0x10, 0x03, 0xfc,
    0xe0, 0x92, 0x01, 0x28, 0x02, 0xd0, 0x00, 0xf0,
    0x01, 0xca, 0x22, 0xa0, 0x0d, 0x60, 0x0f, 0x99,
    0x5c, 0x3d, 0x00, 0x69, 0x0d, 0x1c, 0x40, 0x13,
    0x0b, 0xa9, 0x90, 0x80, 0x08, 0x40, 0x0c, 0x78,
    0x6c, 0x77, 0x69, 0x02, 0x40, 0x01, 0x28, 0x24,
    0x08, 0x24, 0xa5, 0xcc, 0x00, 0xcb, 0x1c, 0xd0,
    0x03, 0x80, 0x12, 0x01, 0x28, 0x23, 0xb0, 0x85,
    0x21, 0xea, 0x05, 0xc1, 0x85, 0x90, 0x04, 0x2a,
    0x94, 0x00, 0xa5, 0xcd, 0x10, 0xb4, 0x70, 0x94,
    0x00, 0xea, 0xbe, 0x0a, 0x51, 0xa0, 0x09, 0x00,
    0x2b, 0x71, 0x00, 0xe8, 0x4b, 0x50, 0x0e, 0x7a,
    0x39, 0x12, 0x8e, 0xd9, 0x30, 0x77, 0x48, 0xbc,
    0xc8, 0x45, 0x53, 0x58, 0xd8, 0x60, 0x02, 0x52,
    0x18, 0x09, 0xa9, 0xf9, 0x6b, 0xfc, 0x8c, 0x83,
    0xca, 0x20, 0xe1, 0x12, 0x81, 0x57, 0x31, 0xb5,
    0x29, 0x79, 0x3f, 0x1a, 0xee, 0x10, 0x02, 0x6b,
    0x54, 0x00, 0x62, 0x01, 0x16, 0x80, 0x28, 0x00,
    0x60, 0x11, 0xa8, 0x01, 0x22, 0xd0, 0x03, 0x1c,
    0x1e, 0x80, 0x70, 0xac, 0xe7, 0xda, 0x52, 0x15,
    0x6d, 0xc8, 0xf2, 0x00, 0x7a, 0x98, 0xc2, 0x30,
    0x40, 0xab, 0x85, 0xa7, 0x70, 0xc0, 0x30, 0xa8,
    0x1e, 0xb8, 0x07, 0x1d, 0x61, 0x81, 0xe2, 0x00,
    0x69, 0x8c, 0x20, 0x0f, 0xc7, 0x90, 0x00, 0xe0,
    0x0c, 0x6e, 0x01, 0xff, 0xc0, 0x7c, 0x69, 0x00,
    0xff, 0xe3, 0x9c, 0x98, 0x04,

    /* U+7EDF "统" */
    0x00, 0xca, 0x01, 0xf4, 0x38, 0x80, 0x7f, 0xf0,
    0x06, 0xbe, 0x40, 0x3b, 0x63, 0x98, 0x03, 0xfe,
    0x60, 0x06, 0x80, 0x72, 0x98, 0x40, 0x04, 0xe0,
    0x1f, 0x48, 0x42, 0x00, 0x7a, 0x45, 0x80, 0x13,
    0x16, 0x01, 0xcc, 0x2a, 0xe8, 0x33, 0x55, 0x65,
    0xa1, 0x55, 0x0d, 0x45, 0x00, 0x34, 0x25, 0x05,
    0x7f, 0xaa, 0xa1, 0x12, 0x65, 0x57, 0x20, 0x05,
    0x4b, 0x60, 0xe2, 0x2e, 0x00, 0x59, 0x04, 0x33,
    0x14, 0x03, 0xc6, 0xaa, 0xee, 0x40, 0x2c, 0x05,
    0x22, 0x35, 0x81, 0xef, 0x90, 0x03, 0x19, 0x0a,
    0x98, 0x1d, 0x1e, 0x3d, 0x50, 0x08, 0xc9, 0xc6,
    0xd0, 0x03, 0x4e, 0xf9, 0x1e, 0x85, 0x99, 0x57,
    0x6e, 0xb3, 0x06, 0x41, 0x20, 0x19, 0x0e, 0x93,
    0x04, 0x24, 0x03, 0x2d, 0x80, 0x32, 0x80, 0xc0,
    0x3b, 0x12, 0xc0, 0x02, 0x75, 0x60, 0x0c, 0x50,
    0x09, 0xe2, 0x80, 0x36, 0x90, 0xef, 0x7d, 0x82,
    0x80, 0x46, 0x01, 0xce, 0x80, 0x19, 0xc1, 0x0d,
    0xba, 0x88, 0x04, 0x00, 0x20, 0x1f, 0xf4, 0xa5,
    0xf4, 0x08, 0x05, 0xa0, 0x05, 0x00, 0xff, 0x8e,
    0xd0, 0x00, 0x90, 0xc0, 0xa0, 0x62, 0x01, 0xe6,
    0x00, 0xc6, 0xd3, 0xbf, 0x5c, 0xc6, 0x41, 0x00,
    0x1f, 0x68, 0x06, 0xd9, 0x62, 0x5f, 0x60, 0xf0,
    0x64, 0x00, 0xdc, 0x28, 0xa0, 0x19, 0x80, 0xf2,
    0x84, 0x24, 0xda, 0x40, 0x02, 0x00, 0x7e, 0xb1,
    0x70, 0x0a, 0xa3, 0x0c, 0x01, 0x49, 0x72, 0x01,
    0x88, 0x03, 0x88, 0x02, 0x27, 0x00, 0x14, 0x76,
    0xa0, 0x07, 0x6e, 0x5d, 0xb3, 0xd4, 0x00,

    /* U+80FD "能" */
    0x00, 0xcc, 0xe2, 0x01, 0xc8, 0x64, 0x01, 0xfe,
    0x19, 0x8e, 0x60, 0x0d, 0x79, 0x20, 0x11, 0x00,
    0x7a, 0xc0, 0x16, 0x80, 0x1e, 0x30, 0x1c, 0xd5,
    0x00, 0xcc, 0xa5, 0x88, 0x8e, 0x70, 0x0e, 0x3c,
    0x30, 0xe4, 0x00, 0x2c, 0xbe, 0x98, 0x31, 0x45,
    0x80, 0x4b, 0xc9, 0x7f, 0x68, 0x09, 0x42, 0x9b,
    0xb9, 0xc1, 0x0c, 0x00, 0xbb, 0x28, 0x06, 0x00,
    0x41, 0x11, 0x8a, 0xce, 0xd8, 0x07, 0xfa, 0x00,
    0x28, 0x87, 0x64, 0x20, 0x36, 0x60, 0xc0, 0x04,
    0x67, 0x32, 0x08, 0x01, 0xa7, 0x59, 0x55, 0x32,
    0xe1, 0x00, 0x97, 0x32, 0x90, 0xa0, 0x0c, 0x7e,
    0x22, 0x00, 0x12, 0x83, 0x80, 0x78, 0xb8, 0x03,
    0xbd, 0x11, 0xe0, 0x06, 0x0c, 0xcb, 0x7b, 0x9f,
    0xaa, 0x01, 0xd5, 0x58, 0x03, 0x56, 0x79, 0x09,
    0xb0, 0x07, 0xd5, 0x58, 0x03, 0xcc, 0x05, 0x93,
    0x62, 0x01, 0xff, 0xc4, 0x4c, 0x11, 0x1a, 0x00,
    0x75, 0x56, 0x00, 0xf2, 0x5a, 0xd7, 0x42, 0x80,
    0x75, 0x56, 0x00, 0xf2, 0xfd, 0xa8, 0x07, 0xff,
    0x18, 0x40, 0x31, 0x98, 0x03, 0xff, 0x91, 0x4e,
    0x01, 0xe3, 0x7d, 0x00, 0x08, 0x04, 0xea, 0xb3,
    0x30, 0xc0, 0x3c, 0x66, 0x40, 0x20, 0x01, 0x81,
    0x55, 0x52, 0x10, 0x01, 0x91, 0x00, 0x84, 0x9e,
    0x00, 0x81, 0x00, 0xc2, 0x70, 0x00,

    /* U+836F "药" */
    0x00, 0xe5, 0x86, 0x30, 0x09, 0x61, 0x8c, 0x03,
    0xfd, 0xaf, 0x24, 0x01, 0x63, 0xc9, 0x00, 0xa0,
    0x07, 0xf0, 0x88, 0x03, 0x84, 0x41, 0xb6, 0xc1,
    0x13, 0x39, 0x40, 0x66, 0x72, 0x00, 0xcd, 0x01,
    0xd1, 0x44, 0xce, 0x50, 0x19, 0x9c, 0x80, 0x33,
    0x59, 0x91, 0x00, 0x67, 0x10, 0x20, 0x09, 0x0c,
    0x50, 0x03, 0xfa, 0x20, 0xd1, 0x80, 0x04, 0xb5,
    0x4a, 0x00, 0xfc, 0x8e, 0x10, 0xe2, 0x00, 0xd0,
    0x04, 0x00, 0x4b, 0x00, 0x11, 0xd1, 0xe3, 0xbb,
    0x94, 0x10, 0x06, 0xe6, 0x55, 0x47, 0xa0, 0x6c,
    0x2a, 0x57, 0x80, 0x84, 0x21, 0xf9, 0x9a, 0xc0,
    0x06, 0x06, 0x07, 0x37, 0x00, 0xba, 0x61, 0x42,
    0x01, 0x18, 0x03, 0x01, 0x52, 0x6c, 0xc2, 0x68,
    0x2a, 0x0c, 0x80, 0x3f, 0xac, 0xa9, 0x75, 0x81,
    0xa1, 0xc3, 0x60, 0x00, 0x20, 0x01, 0x01, 0x8b,
    0x68, 0x65, 0x64, 0x50, 0x60, 0x75, 0x07, 0x00,
    0x38, 0x23, 0x83, 0xe5, 0x62, 0x10, 0x00, 0x48,
    0x34, 0x08, 0x00, 0x40, 0xa2, 0x09, 0x5d, 0x24,
    0x01, 0xa1, 0x68, 0x38, 0x00, 0x20, 0x0b, 0xeb,
    0x51, 0x47, 0x80, 0x09, 0x68, 0x80, 0x80, 0x40,
    0x02, 0x51, 0x7d, 0xcb, 0x08, 0x00, 0xf9, 0x01,
    0x00, 0x28, 0x64, 0x16, 0xe7, 0x00, 0xcb, 0x59,
    0xc2, 0x18, 0x00, 0x14, 0x06, 0xd9, 0x10, 0x0e,
    0x5a, 0x61, 0x01, 0x60, 0x0b, 0xf6, 0x48, 0x03,
    0xfb, 0xc5, 0x70, 0x02,

    /* U+8428 "萨" */
    0x00, 0xf1, 0xaa, 0x10, 0x04, 0xca, 0x60, 0x1f,
    0xfc, 0x0b, 0xab, 0x00, 0xd3, 0x52, 0x00, 0x24,
    0x00, 0xfc, 0x20, 0x24, 0x00, 0x10, 0x06, 0x80,
    0xfd, 0xb8, 0x14, 0xcf, 0x20, 0x0c, 0xcd, 0x00,
    0x0b, 0x98, 0x46, 0xf0, 0x29, 0x9e, 0x50, 0x19,
    0x9c, 0x00, 0xa9, 0x9d, 0x00, 0x11, 0x00, 0x55,
    0x3e, 0x01, 0x11, 0xa2, 0x80, 0x04, 0x40, 0x1b,
    0x35, 0xda, 0xe5, 0xc0, 0x22, 0xb4, 0xe0, 0x06,
    0xe1, 0x00, 0x62, 0xf5, 0x50, 0x5b, 0x55, 0x5a,
    0x6d, 0x96, 0x03, 0x20, 0x1d, 0xc6, 0x62, 0xd6,
    0xae, 0x7c, 0xc5, 0x82, 0x36, 0xd8, 0x07, 0x94,
    0x7c, 0x02, 0x40, 0x96, 0x03, 0x1b, 0x10, 0x0f,
    0xbf, 0x08, 0x11, 0x00, 0xa1, 0xc8, 0x38, 0xda,
    0x40, 0x1e, 0xdb, 0x00, 0x65, 0xf1, 0x15, 0x05,
    0x70, 0x58, 0x20, 0x1c, 0xeb, 0x60, 0x10, 0xd6,
    0xd6, 0x62, 0x7f, 0xdc, 0x20, 0x1e, 0x44, 0x28,
    0x07, 0xff, 0x1f, 0xc3, 0x04, 0x08, 0x03, 0xff,
    0x85, 0xd9, 0x01, 0xc6, 0x0c, 0x01, 0xff, 0xc2,
    0xe8, 0x03, 0x64, 0x0d, 0x00, 0xff, 0xe1, 0xa7,
    0x61, 0x88, 0x98, 0x03, 0xff, 0x88, 0x21, 0x61,
    0x40, 0x1f, 0xfc, 0x64, 0x6a, 0x40, 0x0f, 0xfe,
    0x11, 0xa8, 0x0e, 0xe9, 0x40, 0x3f, 0xf8, 0x5d,
    0x86, 0x03, 0x24, 0x01, 0xff, 0xc1,

    /* U+8B66 "警" */
    0x00, 0xa2, 0x08, 0x33, 0x08, 0x01, 0x33, 0x08,
    0x03, 0xf9, 0x59, 0x0d, 0x9d, 0x75, 0x42, 0x27,
    0xcc, 0x05, 0x00, 0x03, 0x56, 0x43, 0x52, 0x00,
    0xb7, 0xf3, 0x10, 0x83, 0x0d, 0xb6, 0x01, 0xa3,
    0x03, 0xaa, 0x34, 0xec, 0x52, 0x81, 0xe4, 0xf9,
    0x9b, 0x80, 0x26, 0x00, 0x55, 0x9e, 0xc6, 0x25,
    0x15, 0xcf, 0x80, 0x3a, 0x00, 0x0c, 0x2f, 0x9e,
    0x55, 0x00, 0x02, 0x5d, 0xb8, 0x80, 0x41, 0x00,
    0x06, 0xc5, 0xea, 0x1d, 0x58, 0x09, 0xe4, 0x3d,
    0xc4, 0x94, 0x03, 0x69, 0x04, 0xb0, 0x36, 0x03,
    0x08, 0x17, 0x88, 0x16, 0xf5, 0xa0, 0x80, 0x4c,
    0xe7, 0x0c, 0x1a, 0x51, 0x32, 0xed, 0x40, 0x12,
    0x40, 0x05, 0x5a, 0xe6, 0x28, 0x87, 0xa2, 0x16,
    0xa0, 0x57, 0x66, 0xa0, 0x09, 0x90, 0x02, 0x1d,
    0xc6, 0x55, 0x00, 0x61, 0xa3, 0x30, 0x01, 0xe6,
    0x7e, 0xb0, 0x07, 0xcc, 0xed, 0x15, 0xb0, 0x03,
    0xcc, 0xfe, 0xff, 0x54, 0xdb, 0xfe, 0x7f, 0xac,
    0x03, 0x8e, 0xab, 0xfb, 0x82, 0xd0, 0x03, 0xf1,
    0xd5, 0x7f, 0x78, 0xba, 0x00, 0x7e, 0x49, 0x9f,
    0xea, 0x40, 0x50, 0x0f, 0xdc, 0x77, 0x33, 0xf4,
    0x33, 0x10, 0x03, 0xf9, 0x7e, 0x67, 0xeb, 0x23,
    0xd0, 0x0f, 0xf3, 0xcc, 0xfd, 0x60, 0x0b, 0x00,
    0xff, 0x25, 0x57, 0xd6, 0x01, 0xff, 0xc0, 0x2b,
    0xaa, 0xfa, 0xc0, 0xcc, 0x01, 0x80,

    /* U+8BBE "设" */
    0x01, 0x52, 0x00, 0xff, 0xe0, 0x08, 0x07, 0x87,
    0x37, 0x48, 0x01, 0x2d, 0xa8, 0x05, 0x5e, 0x60,
    0x1e, 0x94, 0x2b, 0x40, 0x09, 0x2a, 0x93, 0x25,
    0x1e, 0x10, 0x0f, 0x48, 0x03, 0xc0, 0x06, 0x00,
    0xb9, 0x90, 0x82, 0x88, 0x07, 0x8a, 0x07, 0x40,
    0x38, 0x40, 0x3f, 0xf8, 0x3d, 0xac, 0x00, 0xe0,
    0x20, 0x0f, 0xfa, 0xa7, 0x1b, 0x14, 0x00, 0x81,
    0x40, 0x1c, 0x6c, 0xc7, 0x00, 0x54, 0xd8, 0x01,
    0x00, 0x8c, 0x58, 0x03, 0x92, 0x65, 0x08, 0x01,
    0xc2, 0x20, 0x91, 0xd1, 0x00, 0xa4, 0x40, 0x49,
    0x90, 0x03, 0xe9, 0x1f, 0x30, 0x0c, 0xfe, 0x77,
    0xb2, 0x01, 0xf0, 0xd9, 0xc4, 0xcf, 0xb0, 0xe9,
    0x80, 0x3f, 0x09, 0x4e, 0xd4, 0xcf, 0x10, 0x07,
    0xff, 0x09, 0x20, 0x03, 0x38, 0x01, 0x98, 0x01,
    0xff, 0xc0, 0x26, 0x00, 0xa4, 0x06, 0x00, 0x3f,
    0xc5, 0x01, 0x72, 0xe1, 0x42, 0x16, 0x20, 0x1f,
    0x86, 0x32, 0x80, 0x9e, 0x2d, 0x42, 0x14, 0x03,
    0xec, 0x00, 0x3e, 0x90, 0x02, 0x09, 0x00, 0xdc,
    0x03, 0xe5, 0x40, 0x05, 0x98, 0x05, 0x04, 0x00,
    0x3f, 0xa5, 0x20, 0x0c, 0xa6, 0x14, 0x80, 0x01,
    0xc7, 0x6c, 0x40, 0x02, 0xd6, 0xf2, 0x00, 0x5c,
    0xea, 0x05, 0x3e, 0xbb, 0x27, 0x74, 0x20, 0x16,
    0x20, 0x04, 0x50, 0x2f, 0x54, 0xe9, 0x20, 0x09,
    0x7a, 0xd5, 0xc8, 0x00,

    /* U+8BC6 "识" */
    0x00, 0x28, 0x80, 0x7f, 0xf2, 0xb7, 0xa4, 0x40,
    0x27, 0x10, 0x0f, 0x36, 0x08, 0x07, 0xa0, 0x9b,
    0x00, 0x03, 0x1d, 0x75, 0x5d, 0x27, 0xe6, 0x01,
    0xeb, 0x02, 0x30, 0x0d, 0x95, 0x5a, 0xc0, 0x08,
    0x60, 0x1e, 0x64, 0x41, 0x80, 0x7f, 0xf2, 0x47,
    0xc0, 0x3f, 0xf8, 0xc5, 0x53, 0x8b, 0x6c, 0x01,
    0xff, 0xc5, 0x2a, 0x94, 0x00, 0x20, 0x07, 0xff,
    0x2c, 0x80, 0x3f, 0xff, 0xe1, 0x73, 0x3a, 0xc0,
    0x3f, 0xf8, 0xd5, 0x33, 0xac, 0x97, 0x80, 0x3f,
    0xf8, 0x39, 0x89, 0xa3, 0x08, 0x2d, 0xa4, 0x00,
    0xff, 0x9a, 0xce, 0x81, 0x7c, 0xef, 0x30, 0x40,
    0x1f, 0xf6, 0xdd, 0x0b, 0x00, 0xe9, 0x9a, 0x0f,
    0x54, 0x03, 0xe3, 0x00, 0x1f, 0x84, 0x00, 0x28,
    0x40, 0x0e, 0x61, 0x46, 0x01, 0xce, 0x80, 0x0d,
    0x22, 0x30, 0x52, 0x00, 0x68, 0x00, 0x70, 0x07,
    0x39, 0x05, 0x98, 0x70, 0x52, 0x80, 0x72, 0x18,
    0x11, 0x00, 0x3b, 0x95, 0x01, 0xc7, 0x14, 0x03,
    0xeb, 0x00, 0x18, 0x07, 0x1d, 0x02, 0x7e, 0x98,
    0x07, 0xe6, 0x7a, 0x10, 0x0f, 0xc9, 0x00, 0x1f,
    0xe1, 0x85, 0x00, 0xff, 0xe7, 0x80,

    /* U+8BEF "误" */
    0x00, 0x28, 0x80, 0x7f, 0xf0, 0x44, 0x03, 0xc5,
    0xd4, 0x20, 0x06, 0xa4, 0x00, 0xe3, 0xe8, 0x00,
    0xe7, 0x35, 0xc0, 0x00, 0xad, 0xd5, 0x77, 0x83,
    0xd0, 0x07, 0x48, 0x11, 0x80, 0x6b, 0xaa, 0xd6,
    0x00, 0xb0, 0x0e, 0x54, 0x32, 0x00, 0xff, 0xe3,
    0x0b, 0xd0, 0x80, 0x7f, 0xf0, 0xca, 0x65, 0xa7,
    0x2e, 0x01, 0xa2, 0x3a, 0xc0, 0x38, 0xa6, 0x56,
    0x02, 0xe0, 0x1a, 0xe6, 0x75, 0x8b, 0x08, 0x07,
    0xf9, 0x2b, 0x88, 0x47, 0x3b, 0x94, 0x40, 0x3f,
    0xd7, 0xb3, 0x11, 0xd2, 0xc7, 0x82, 0x01, 0xfd,
    0x33, 0x85, 0xdd, 0x91, 0xdc, 0xc1, 0x00, 0xfe,
    0x11, 0xc6, 0x00, 0x51, 0x11, 0x80, 0x7f, 0xf0,
    0xc4, 0x00, 0x20, 0x0f, 0xf1, 0x80, 0x7e, 0x99,
    0xe5, 0x00, 0x4c, 0xb0, 0x87, 0x08, 0x03, 0xe9,
    0x9d, 0x02, 0x08, 0x33, 0x9f, 0xf1, 0x00, 0x78,
    0xa1, 0x00, 0x0e, 0x00, 0xa5, 0x60, 0x0f, 0xda,
    0x03, 0xbe, 0x80, 0x08, 0x07, 0x1b, 0x9a, 0x10,
    0x0e, 0x65, 0x00, 0x43, 0x80, 0x28, 0x56, 0x01,
    0x89, 0x7a, 0x50, 0x02, 0x63, 0x08, 0x70, 0x05,
    0x2b, 0xd0, 0x05, 0xc0, 0x06, 0x82, 0x00, 0xb9,
    0xdc, 0x09, 0x81, 0xb0, 0x01, 0x8e, 0x80, 0xf0,
    0x80, 0x22, 0x80, 0x53, 0xda, 0x20, 0x0f, 0x2e,
    0xc0, 0x00,

    /* U+9519 "错" */
    0x00, 0xa5, 0x40, 0x3c, 0xec, 0xa0, 0x6e, 0xa6,
    0x01, 0xc4, 0xd5, 0xa4, 0x01, 0xaa, 0x74, 0x16,
    0x28, 0x80, 0x39, 0x00, 0x1c, 0x34, 0x01, 0xde,
    0x01, 0x85, 0x00, 0x36, 0x00, 0x2f, 0x57, 0x00,
    0x3f, 0xa2, 0xd4, 0x02, 0x40, 0xc9, 0xfe, 0xc9,
    0xa2, 0x0b, 0xaa, 0x00, 0x0d, 0x3c, 0x00, 0x83,
    0x06, 0x23, 0x04, 0xd1, 0x05, 0xd5, 0x00, 0x17,
    0x6a, 0x00, 0x71, 0xb8, 0x02, 0xe8, 0x03, 0xfe,
    0x10, 0x00, 0xbb, 0x55, 0x2d, 0x15, 0xc0, 0x3f,
    0xd9, 0x00, 0xdf, 0x5a, 0xaa, 0xff, 0x1d, 0x50,
    0x82, 0xea, 0x80, 0x0b, 0x27, 0x57, 0x20, 0x0f,
    0x25, 0x53, 0xfd, 0x95, 0x9f, 0xea, 0xff, 0x28,
    0x07, 0x8b, 0x48, 0x9a, 0xe4, 0x5d, 0x5e, 0xa0,
    0x14, 0x42, 0xc0, 0x7c, 0xb1, 0x8a, 0x2d, 0x13,
    0x86, 0xc8, 0x01, 0x32, 0xb0, 0x1c, 0xee, 0x30,
    0x03, 0x59, 0xb1, 0x83, 0x90, 0x00, 0x44, 0x01,
    0x08, 0x80, 0x3f, 0xfb, 0xe8, 0xe0, 0x17, 0xcc,
    0xe3, 0x00, 0xfe, 0x1a, 0x97, 0x00, 0xbe, 0x67,
    0x18, 0x07, 0xdc, 0x00, 0x5e, 0x00, 0xff, 0xe2,
    0x1b, 0x00, 0x28, 0xc0, 0x3f, 0xf8, 0x87, 0x00,
    0xea, 0x01, 0xdf, 0x55, 0x88, 0x03, 0xe7, 0x98,
    0x00, 0xe4, 0xaa, 0xe3, 0x2c, 0x00, 0x00,

    /* U+FF08 "（" */
    0x00, 0xe2, 0x50, 0x0c, 0xdc, 0x80, 0x13, 0xde,
    0x88, 0x01, 0x62, 0x44, 0x00, 0x54, 0xa8, 0x01,
    0x58, 0x48, 0x04, 0x2c, 0x26, 0x01, 0x30, 0x38,
    0x06, 0xd0, 0xe0, 0x0c, 0xc0, 0x40, 0x18, 0x40,
    0x40, 0x3c, 0x20, 0x19, 0x80, 0xc0, 0x31, 0x87,
    0x00, 0x6b, 0x04, 0x00, 0xc6, 0x86, 0x40, 0x1b,
    0xc2, 0x80, 0x32, 0x33, 0x90, 0x06, 0x94, 0x90,
    0x0e, 0xb1, 0x90, 0x0e, 0xaf, 0x60, 0x0e, 0x66,
    0x00,

    /* U+FF09 "）" */
    0x52, 0x00, 0xe4, 0xe6, 0x00, 0xc3, 0xb0, 0xe0,
    0x18, 0x6a, 0x14, 0x03, 0x22, 0xd1, 0x00, 0x69,
    0x0b, 0x00, 0xc6, 0x2c, 0x20, 0x19, 0xc1, 0x80,
    0x37, 0x06, 0x80, 0x62, 0x06, 0x00, 0xc2, 0x02,
    0x01, 0x84, 0x04, 0x03, 0x18, 0x38, 0x06, 0xe0,
    0x30, 0x0c, 0x81, 0x60, 0x11, 0x1a, 0x18, 0x05,
    0x41, 0x00, 0x11, 0x3b, 0x18, 0x05, 0x29, 0x20,
    0x14, 0x8d, 0x80, 0x4d, 0xf4, 0x01, 0x99, 0x80,
    0x1c,

    /* U+FF0C "，" */
    0x00, 0x08, 0x01, 0x3f, 0xa0, 0x3c, 0x00, 0xe1,
    0x80, 0x10, 0xbc, 0x90, 0x08, 0x35, 0x28, 0x05,
    0x52, 0x03, 0x76, 0x30, 0x98, 0x60, 0x00,

    /* U+FF1A "：" */
    0x04, 0xdc, 0x20, 0xa2, 0x39, 0x01, 0x00, 0xd4,
    0x47, 0x20, 0xbb, 0x84, 0x01, 0xff, 0xc4, 0x18,
    0x70, 0x06, 0x3c, 0x48, 0x10, 0x01, 0x41, 0xc0,
    0x12, 0x11, 0xdc, 0x50,

    /* U+FF1B "；" */
    0x04, 0xdc, 0x20, 0xa2, 0x39, 0x01, 0x00, 0xd4,
    0x47, 0x20, 0xbb, 0x84, 0x01, 0xff, 0xc5, 0x55,
    0x00, 0x2e, 0xa9, 0x20, 0x80, 0x05, 0x06, 0x00,
    0xd3, 0x21, 0x50, 0x03, 0x8d, 0x01, 0x6c, 0x19,
    0x74, 0xb8, 0x16, 0x28, 0x00,

    /* U+FF1F "？" */
    0x00, 0x14, 0xd6, 0xe5, 0x10, 0x04, 0xda, 0x55,
    0xaa, 0xad, 0x50, 0x29, 0x0c, 0x00, 0x48, 0x02,
    0x81, 0x00, 0x0a, 0x01, 0x18, 0x00, 0x9d, 0xa4,
    0x80, 0x22, 0x00, 0x86, 0x58, 0x02, 0x41, 0x03,
    0x20, 0x0e, 0x2a, 0x01, 0xe0, 0x0e, 0x2c, 0x13,
    0xc2, 0x00, 0xef, 0x18, 0xc2, 0x00, 0xe1, 0x2a,
    0x70, 0x0f, 0x8c, 0x14, 0x03, 0xf1, 0x90, 0x07,
    0xf0, 0xf8, 0x07, 0xf8, 0x80, 0x3f, 0x9f, 0x14,
    0x03, 0xe1, 0x83, 0xb0, 0x0f, 0x84, 0x81, 0x00,
    0x3f, 0x6e, 0xa8, 0x03, 0x80
};

/*---------------------
 *  GLYPH DESCRIPTION
 *--------------------*/

static const lv_font_fmt_txt_glyph_dsc_t glyph_dsc[] = {
    {.bitmap_index = 0, .adv_w = 0, .box_w = 0, .box_h = 0, .ofs_x = 0, .ofs_y = 0} /* id = 0 reserved */,
    {.bitmap_index = 0, .adv_w = 88, .box_w = 0, .box_h = 0, .ofs_x = 0, .ofs_y = 0},
    {.bitmap_index = 0, .adv_w = 125, .box_w = 4, .box_h = 16, .ofs_x = 2, .ofs_y = 0},
    {.bitmap_index = 34, .adv_w = 340, .box_w = 21, .box_h = 18, .ofs_x = 0, .ofs_y = -2},
    {.bitmap_index = 186, .adv_w = 212, .box_w = 13, .box_h = 13, .ofs_x = 0, .ofs_y = 2},
    {.bitmap_index = 216, .adv_w = 130, .box_w = 8, .box_h = 3, .ofs_x = 0, .ofs_y = 5},
    {.bitmap_index = 224, .adv_w = 118, .box_w = 5, .box_h = 4, .ofs_x = 1, .ofs_y = 0},
    {.bitmap_index = 235, .adv_w = 141, .box_w = 9, .box_h = 21, .ofs_x = 0, .ofs_y = -3},
    {.bitmap_index = 299, .adv_w = 209, .box_w = 13, .box_h = 16, .ofs_x = 0, .ofs_y = 0},
    {.bitmap_index = 383, .adv_w = 164, .box_w = 9, .box_h = 17, .ofs_x = 1, .ofs_y = 0},
    {.bitmap_index = 407, .adv_w = 209, .box_w = 11, .box_h = 16, .ofs_x = 1, .ofs_y = 0},
    {.bitmap_index = 476, .adv_w = 209, .box_w = 12, .box_h = 16, .ofs_x = 0, .ofs_y = 0},
    {.bitmap_index = 560, .adv_w = 209, .box_w = 13, .box_h = 16, .ofs_x = 0, .ofs_y = 0},
    {.bitmap_index = 616, .adv_w = 209, .box_w = 12, .box_h = 16, .ofs_x = 0, .ofs_y = 0},
    {.bitmap_index = 690, .adv_w = 209, .box_w = 13, .box_h = 17, .ofs_x = 0, .ofs_y = 0},
    {.bitmap_index = 784, .adv_w = 207, .box_w = 11, .box_h = 16, .ofs_x = 1, .ofs_y = 0},
    {.bitmap_index = 841, .adv_w = 209, .box_w = 11, .box_h = 16, .ofs_x = 1, .ofs_y = 0},
    {.bitmap_index = 927, .adv_w = 210, .box_w = 13, .box_h = 17, .ofs_x = 0, .ofs_y = -1},
    {.bitmap_index = 1020, .adv_w = 118, .box_w = 5, .box_h = 12, .ofs_x = 1, .ofs_y = 0},
    {.bitmap_index = 1046, .adv_w = 212, .box_w = 11, .box_h = 12, .ofs_x = 1, .ofs_y = 2},
    {.bitmap_index = 1096, .adv_w = 212, .box_w = 12, .box_h = 12, .ofs_x = 1, .ofs_y = 2},
    {.bitmap_index = 1148, .adv_w = 263, .box_w = 17, .box_h = 16, .ofs_x = 0, .ofs_y = 0},
    {.bitmap_index = 1247, .adv_w = 249, .box_w = 15, .box_h = 16, .ofs_x = 0, .ofs_y = 0},
    {.bitmap_index = 1332, .adv_w = 247, .box_w = 14, .box_h = 16, .ofs_x = 1, .ofs_y = 0},
    {.bitmap_index = 1417, .adv_w = 278, .box_w = 17, .box_h = 16, .ofs_x = 0, .ofs_y = 0},
    {.bitmap_index = 1511, .adv_w = 234, .box_w = 14, .box_h = 16, .ofs_x = 0, .ofs_y = 0},
    {.bitmap_index = 1582, .adv_w = 228, .box_w = 14, .box_h = 16, .ofs_x = 0, .ofs_y = 0},
    {.bitmap_index = 1642, .adv_w = 266, .box_w = 16, .box_h = 16, .ofs_x = 1, .ofs_y = 0},
    {.bitmap_index = 1740, .adv_w = 304, .box_w = 19, .box_h = 16, .ofs_x = 0, .ofs_y = 0},
    {.bitmap_index = 1807, .adv_w = 150, .box_w = 9, .box_h = 16, .ofs_x = 0, .ofs_y = 0},
    {.bitmap_index = 1831, .adv_w = 151, .box_w = 10, .box_h = 20, .ofs_x = -1, .ofs_y = -4},
    {.bitmap_index = 1874, .adv_w = 270, .box_w = 17, .box_h = 16, .ofs_x = 0, .ofs_y = 0},
    {.bitmap_index = 1970, .adv_w = 226, .box_w = 14, .box_h = 16, .ofs_x = 0, .ofs_y = 0},
    {.bitmap_index = 2010, .adv_w = 352, .box_w = 22, .box_h = 16, .ofs_x = 0, .ofs_y = 0},
    {.bitmap_index = 2130, .adv_w = 287, .box_w = 18, .box_h = 16, .ofs_x = 0, .ofs_y = 0},
    {.bitmap_index = 2230, .adv_w = 276, .box_w = 16, .box_h = 16, .ofs_x = 1, .ofs_y = 0},
    {.bitmap_index = 2335, .adv_w = 237, .box_w = 15, .box_h = 16, .ofs_x = 0, .ofs_y = 0},
    {.bitmap_index = 2402, .adv_w = 276, .box_w = 16, .box_h = 21, .ofs_x = 1, .ofs_y = -5},
    {.bitmap_index = 2538, .adv_w = 264, .box_w = 17, .box_h = 16, .ofs_x = 0, .ofs_y = 0},
    {.bitmap_index = 2635, .adv_w = 210, .box_w = 12, .box_h = 16, .ofs_x = 1, .ofs_y = 0},
    {.bitmap_index = 2722, .adv_w = 245, .box_w = 15, .box_h = 16, .ofs_x = 0, .ofs_y = 0},
    {.bitmap_index = 2775, .adv_w = 288, .box_w = 18, .box_h = 16, .ofs_x = 0, .ofs_y = 0},
    {.bitmap_index = 2846, .adv_w = 258, .box_w = 17, .box_h = 16, .ofs_x = 0, .ofs_y = 0},
    {.bitmap_index = 2948, .adv_w = 384, .box_w = 24, .box_h = 16, .ofs_x = 0, .ofs_y = 0},
    {.bitmap_index = 3110, .adv_w = 256, .box_w = 16, .box_h = 16, .ofs_x = 0, .ofs_y = 0},
    {.bitmap_index = 3214, .adv_w = 247, .box_w = 16, .box_h = 16, .ofs_x = 0, .ofs_y = 0},
    {.bitmap_index = 3294, .adv_w = 221, .box_w = 14, .box_h = 16, .ofs_x = 0, .ofs_y = 0},
    {.bitmap_index = 3383, .adv_w = 206, .box_w = 13, .box_h = 12, .ofs_x = 0, .ofs_y = 0},
    {.bitmap_index = 3451, .adv_w = 237, .box_w = 14, .box_h = 18, .ofs_x = 0, .ofs_y = 0},
    {.bitmap_index = 3528, .adv_w = 199, .box_w = 12, .box_h = 12, .ofs_x = 0, .ofs_y = 0},
    {.bitmap_index = 3591, .adv_w = 232, .box_w = 14, .box_h = 18, .ofs_x = 0, .ofs_y = 0},
    {.bitmap_index = 3672, .adv_w = 201, .box_w = 12, .box_h = 12, .ofs_x = 0, .ofs_y = 0},
    {.bitmap_index = 3738, .adv_w = 142, .box_w = 11, .box_h = 18, .ofs_x = 0, .ofs_y = 0},
    {.bitmap_index = 3791, .adv_w = 210, .box_w = 13, .box_h = 18, .ofs_x = 0, .ofs_y = -6},
    {.bitmap_index = 3896, .adv_w = 242, .box_w = 15, .box_h = 18, .ofs_x = 0, .ofs_y = 0},
    {.bitmap_index = 3956, .adv_w = 123, .box_w = 7, .box_h = 18, .ofs_x = 0, .ofs_y = 0},
    {.bitmap_index = 3996, .adv_w = 118, .box_w = 9, .box_h = 24, .ofs_x = -3, .ofs_y = -6},
    {.bitmap_index = 4053, .adv_w = 229, .box_w = 15, .box_h = 18, .ofs_x = 0, .ofs_y = 0},
    {.bitmap_index = 4130, .adv_w = 125, .box_w = 8, .box_h = 18, .ofs_x = 0, .ofs_y = 0},
    {.bitmap_index = 4156, .adv_w = 355, .box_w = 22, .box_h = 12, .ofs_x = 0, .ofs_y = 0},
    {.bitmap_index = 4234, .adv_w = 241, .box_w = 15, .box_h = 12, .ofs_x = 0, .ofs_y = 0},
    {.bitmap_index = 4284, .adv_w = 219, .box_w = 13, .box_h = 12, .ofs_x = 0, .ofs_y = 0},
    {.bitmap_index = 4354, .adv_w = 236, .box_w = 14, .box_h = 18, .ofs_x = 0, .ofs_y = -6},
    {.bitmap_index = 4435, .adv_w = 225, .box_w = 14, .box_h = 18, .ofs_x = 0, .ofs_y = -6},
    {.bitmap_index = 4516, .adv_w = 176, .box_w = 11, .box_h = 12, .ofs_x = 0, .ofs_y = 0},
    {.bitmap_index = 4552, .adv_w = 176, .box_w = 11, .box_h = 12, .ofs_x = 0, .ofs_y = 0},
    {.bitmap_index = 4617, .adv_w = 138, .box_w = 9, .box_h = 16, .ofs_x = 0, .ofs_y = 0},
    {.bitmap_index = 4655, .adv_w = 239, .box_w = 15, .box_h = 13, .ofs_x = 0, .ofs_y = 0},
    {.bitmap_index = 4714, .adv_w = 203, .box_w = 14, .box_h = 12, .ofs_x = -1, .ofs_y = 0},
    {.bitmap_index = 4782, .adv_w = 308, .box_w = 21, .box_h = 12, .ofs_x = -1, .ofs_y = 0},
    {.bitmap_index = 4889, .adv_w = 211, .box_w = 13, .box_h = 12, .ofs_x = 0, .ofs_y = 0},
    {.bitmap_index = 4958, .adv_w = 205, .box_w = 14, .box_h = 18, .ofs_x = -1, .ofs_y = -6},
    {.bitmap_index = 5052, .adv_w = 182, .box_w = 11, .box_h = 12, .ofs_x = 0, .ofs_y = 0},
    {.bitmap_index = 5112, .adv_w = 119, .box_w = 3, .box_h = 25, .ofs_x = 2, .ofs_y = -6},
    {.bitmap_index = 5119, .adv_w = 118, .box_w = 5, .box_h = 4, .ofs_x = 1, .ofs_y = 6},
    {.bitmap_index = 5130, .adv_w = 209, .box_w = 13, .box_h = 3, .ofs_x = 0, .ofs_y = 5},
    {.bitmap_index = 5140, .adv_w = 327, .box_w = 20, .box_h = 3, .ofs_x = 0, .ofs_y = 5},
    {.bitmap_index = 5153, .adv_w = 352, .box_w = 18, .box_h = 3, .ofs_x = 2, .ofs_y = 7},
    {.bitmap_index = 5176, .adv_w = 352, .box_w = 7, .box_h = 6, .ofs_x = 0, .ofs_y = -2},
    {.bitmap_index = 5196, .adv_w = 352, .box_w = 11, .box_h = 22, .ofs_x = 11, .ofs_y = -3},
    {.bitmap_index = 5293, .adv_w = 352, .box_w = 11, .box_h = 22, .ofs_x = 0, .ofs_y = -3},
    {.bitmap_index = 5390, .adv_w = 352, .box_w = 9, .box_h = 21, .ofs_x = 13, .ofs_y = -2},
    {.bitmap_index = 5446, .adv_w = 352, .box_w = 9, .box_h = 21, .ofs_x = 0, .ofs_y = -2},
    {.bitmap_index = 5502, .adv_w = 352, .box_w = 21, .box_h = 21, .ofs_x = 0, .ofs_y = -2},
    {.bitmap_index = 5643, .adv_w = 352, .box_w = 22, .box_h = 21, .ofs_x = 0, .ofs_y = -2},
    {.bitmap_index = 5803, .adv_w = 352, .box_w = 22, .box_h = 21, .ofs_x = 0, .ofs_y = -2},
    {.bitmap_index = 5975, .adv_w = 352, .box_w = 22, .box_h = 21, .ofs_x = 0, .ofs_y = -2},
    {.bitmap_index = 6123, .adv_w = 352, .box_w = 21, .box_h = 22, .ofs_x = 0, .ofs_y = -3},
    {.bitmap_index = 6279, .adv_w = 352, .box_w = 22, .box_h = 22, .ofs_x = 0, .ofs_y = -3},
    {.bitmap_index = 6463, .adv_w = 352, .box_w = 21, .box_h = 21, .ofs_x = 1, .ofs_y = -2},
    {.bitmap_index = 6620, .adv_w = 352, .box_w = 21, .box_h = 21, .ofs_x = 0, .ofs_y = -2},
    {.bitmap_index = 6748, .adv_w = 352, .box_w = 22, .box_h = 21, .ofs_x = 0, .ofs_y = -2},
    {.bitmap_index = 6944, .adv_w = 352, .box_w = 22, .box_h = 21, .ofs_x = 0, .ofs_y = -2},
    {.bitmap_index = 7118, .adv_w = 352, .box_w = 21, .box_h = 21, .ofs_x = 0, .ofs_y = -2},
    {.bitmap_index = 7245, .adv_w = 352, .box_w = 22, .box_h = 21, .ofs_x = 0, .ofs_y = -2},
    {.bitmap_index = 7405, .adv_w = 352, .box_w = 21, .box_h = 21, .ofs_x = 0, .ofs_y = -2},
    {.bitmap_index = 7543, .adv_w = 352, .box_w = 21, .box_h = 21, .ofs_x = 1, .ofs_y = -2},
    {.bitmap_index = 7649, .adv_w = 352, .box_w = 21, .box_h = 21, .ofs_x = 1, .ofs_y = -2},
    {.bitmap_index = 7775, .adv_w = 352, .box_w = 22, .box_h = 22, .ofs_x = 0, .ofs_y = -3},
    {.bitmap_index = 7948, .adv_w = 352, .box_w = 24, .box_h = 21, .ofs_x = 0, .ofs_y = -2},
    {.bitmap_index = 8109, .adv_w = 352, .box_w = 24, .box_h = 21, .ofs_x = 0, .ofs_y = -2},
    {.bitmap_index = 8304, .adv_w = 352, .box_w = 24, .box_h = 21, .ofs_x = 0, .ofs_y = -2},
    {.bitmap_index = 8461, .adv_w = 352, .box_w = 22, .box_h = 23, .ofs_x = 0, .ofs_y = -3},
    {.bitmap_index = 8666, .adv_w = 352, .box_w = 22, .box_h = 22, .ofs_x = 0, .ofs_y = -3},
    {.bitmap_index = 8792, .adv_w = 352, .box_w = 22, .box_h = 22, .ofs_x = 0, .ofs_y = -3},
    {.bitmap_index = 8959, .adv_w = 352, .box_w = 22, .box_h = 21, .ofs_x = 0, .ofs_y = -2},
    {.bitmap_index = 9178, .adv_w = 352, .box_w = 15, .box_h = 21, .ofs_x = 4, .ofs_y = -2},
    {.bitmap_index = 9234, .adv_w = 352, .box_w = 22, .box_h = 21, .ofs_x = 0, .ofs_y = -2},
    {.bitmap_index = 9386, .adv_w = 352, .box_w = 22, .box_h = 22, .ofs_x = 0, .ofs_y = -3},
    {.bitmap_index = 9550, .adv_w = 352, .box_w = 22, .box_h = 22, .ofs_x = 0, .ofs_y = -3},
    {.bitmap_index = 9745, .adv_w = 352, .box_w = 24, .box_h = 22, .ofs_x = 0, .ofs_y = -3},
    {.bitmap_index = 9910, .adv_w = 352, .box_w = 22, .box_h = 20, .ofs_x = 0, .ofs_y = -1},
    {.bitmap_index = 10056, .adv_w = 352, .box_w = 22, .box_h = 21, .ofs_x = 0, .ofs_y = -2},
    {.bitmap_index = 10247, .adv_w = 352, .box_w = 23, .box_h = 22, .ofs_x = 0, .ofs_y = -3},
    {.bitmap_index = 10429, .adv_w = 352, .box_w = 22, .box_h = 20, .ofs_x = 0, .ofs_y = -1},
    {.bitmap_index = 10581, .adv_w = 352, .box_w = 22, .box_h = 21, .ofs_x = 0, .ofs_y = -2},
    {.bitmap_index = 10739, .adv_w = 352, .box_w = 22, .box_h = 22, .ofs_x = 0, .ofs_y = -2},
    {.bitmap_index = 10899, .adv_w = 352, .box_w = 22, .box_h = 21, .ofs_x = 0, .ofs_y = -2},
    {.bitmap_index = 11080, .adv_w = 352, .box_w = 22, .box_h = 21, .ofs_x = 0, .ofs_y = -2},
    {.bitmap_index = 11253, .adv_w = 352, .box_w = 23, .box_h = 22, .ofs_x = 0, .ofs_y = -3},
    {.bitmap_index = 11457, .adv_w = 352, .box_w = 22, .box_h = 22, .ofs_x = 0, .ofs_y = -3},
    {.bitmap_index = 11670, .adv_w = 352, .box_w = 24, .box_h = 21, .ofs_x = 0, .ofs_y = -2},
    {.bitmap_index = 11885, .adv_w = 352, .box_w = 22, .box_h = 21, .ofs_x = 0, .ofs_y = -2},
    {.bitmap_index = 12067, .adv_w = 352, .box_w = 21, .box_h = 21, .ofs_x = 1, .ofs_y = -2},
    {.bitmap_index = 12263, .adv_w = 352, .box_w = 22, .box_h = 22, .ofs_x = 0, .ofs_y = -3},
    {.bitmap_index = 12445, .adv_w = 352, .box_w = 22, .box_h = 21, .ofs_x = 0, .ofs_y = -2},
    {.bitmap_index = 12635, .adv_w = 352, .box_w = 22, .box_h = 21, .ofs_x = 0, .ofs_y = -2},
    {.bitmap_index = 12823, .adv_w = 352, .box_w = 24, .box_h = 23, .ofs_x = 0, .ofs_y = -4},
    {.bitmap_index = 12981, .adv_w = 352, .box_w = 22, .box_h = 21, .ofs_x = 0, .ofs_y = -2},
    {.bitmap_index = 13159, .adv_w = 352, .box_w = 22, .box_h = 21, .ofs_x = 0, .ofs_y = -2},
    {.bitmap_index = 13334, .adv_w = 352, .box_w = 7, .box_h = 22, .ofs_x = 14, .ofs_y = -3},
    {.bitmap_index = 13399, .adv_w = 352, .box_w = 7, .box_h = 22, .ofs_x = 1, .ofs_y = -3},
    {.bitmap_index = 13464, .adv_w = 352, .box_w = 5, .box_h = 9, .ofs_x = 1, .ofs_y = -5},
    {.bitmap_index = 13487, .adv_w = 352, .box_w = 5, .box_h = 13, .ofs_x = 3, .ofs_y = 0},
    {.bitmap_index = 13515, .adv_w = 352, .box_w = 5, .box_h = 17, .ofs_x = 3, .ofs_y = -4},
    {.bitmap_index = 13552, .adv_w = 352, .box_w = 11, .box_h = 18, .ofs_x = 0, .ofs_y = -1}
};

/*---------------------
 *  CHARACTER MAPPING
 *--------------------*/

static const uint8_t glyph_id_ofs_list_0[] = {
    0, 1, 0, 0, 0, 2, 0, 0,
    0, 0, 0, 3, 0, 4, 5, 6,
    7, 8, 9, 10, 11, 12, 13, 14,
    15, 16, 17, 0, 18, 0, 19
};

static const uint16_t unicode_list_3[] = {
    0x00, 0x3b, 0x1f97, 0x1f98, 0x1faa, 0x2f85, 0x2f8e, 0x2f8f,
    0x2f94, 0x2f95, 0x4d92, 0x4e57, 0x4ed1, 0x4f65, 0x51af, 0x5223,
    0x52bf, 0x52d9, 0x5346, 0x535a, 0x53ce, 0x588b, 0x5adc, 0x5d76,
    0x5d8c, 0x5f09, 0x5f5b, 0x5f85, 0x5ff3, 0x6194, 0x61ef, 0x6353,
    0x64f4, 0x6569, 0x65fe, 0x66be, 0x66e5, 0x66f3, 0x6769, 0x6844,
    0x723a, 0x738a, 0x73e2, 0x751b, 0x7a73, 0x7b25, 0x7c7f, 0x7e4c,
    0x7e63, 0x8081, 0x82f3, 0x83ac, 0x8aea, 0x8b42, 0x8b4a, 0x8b73,
    0x949d, 0xfe8c, 0xfe8d, 0xfe90, 0xfe9e, 0xfe9f, 0xfea3
};

/*Collect the unicode lists and glyph_id offsets*/
static const lv_font_fmt_txt_cmap_t cmaps[] =
{
    {
        .range_start = 32, .range_length = 31, .glyph_id_start = 1,
        .unicode_list = NULL, .glyph_id_ofs_list = glyph_id_ofs_list_0, .list_length = 31, .type = LV_FONT_FMT_TXT_CMAP_FORMAT0_FULL
    },
    {
        .range_start = 65, .range_length = 26, .glyph_id_start = 21,
        .unicode_list = NULL, .glyph_id_ofs_list = NULL, .list_length = 0, .type = LV_FONT_FMT_TXT_CMAP_FORMAT0_TINY
    },
    {
        .range_start = 97, .range_length = 26, .glyph_id_start = 47,
        .unicode_list = NULL, .glyph_id_ofs_list = NULL, .list_length = 0, .type = LV_FONT_FMT_TXT_CMAP_FORMAT0_TINY
    },
    {
        .range_start = 124, .range_length = 65188, .glyph_id_start = 73,
        .unicode_list = unicode_list_3, .glyph_id_ofs_list = NULL, .list_length = 63, .type = LV_FONT_FMT_TXT_CMAP_SPARSE_TINY
    }
};



/*--------------------
 *  ALL CUSTOM DATA
 *--------------------*/

#if LVGL_VERSION_MAJOR == 8
/*Store all the custom data of the font*/
static  lv_font_fmt_txt_glyph_cache_t cache;
#endif

#if LVGL_VERSION_MAJOR >= 8
static const lv_font_fmt_txt_dsc_t font_dsc = {
#else
static lv_font_fmt_txt_dsc_t font_dsc = {
#endif
    .glyph_bitmap = glyph_bitmap,
    .glyph_dsc = glyph_dsc,
    .cmaps = cmaps,
    .kern_dsc = NULL,
    .kern_scale = 0,
    .cmap_num = 4,
    .bpp = 4,
    .kern_classes = 0,
    .bitmap_format = 1,
#if LVGL_VERSION_MAJOR == 8
    .cache = &cache
#endif

};



/*-----------------
 *  PUBLIC FONT
 *----------------*/

/*Initialize a public general font descriptor*/
#if LVGL_VERSION_MAJOR >= 8
const lv_font_t lv_font_SourceHanSerifSC_22 = {
#else
lv_font_t lv_font_SourceHanSerifSC_22 = {
#endif
    .get_glyph_dsc = lv_font_get_glyph_dsc_fmt_txt,    /*Function pointer to get glyph's data*/
    .get_glyph_bitmap = lv_font_get_bitmap_fmt_txt,    /*Function pointer to get glyph's bitmap*/
    .line_height = 26,          /*The maximum line height required by the font*/
    .base_line = 6,             /*Baseline measured from the bottom of the line*/
#if !(LVGL_VERSION_MAJOR == 6 && LVGL_VERSION_MINOR == 0)
    .subpx = LV_FONT_SUBPX_NONE,
#endif
#if LV_VERSION_CHECK(7, 4, 0) || LVGL_VERSION_MAJOR >= 8
    .underline_position = -2,
    .underline_thickness = 1,
#endif

#if LV_VERSION_CHECK(9, 3, 0)
    .static_bitmap = 0,    /*Bitmaps are stored as const so they are always static if not compressed */
#endif

    .dsc = &font_dsc,          /*The custom font data. Will be accessed by `get_glyph_bitmap/dsc` */
#if LV_VERSION_CHECK(8, 2, 0) || LVGL_VERSION_MAJOR >= 9
    .fallback = NULL,
#endif
    .user_data = NULL,
};



#endif /*#if LV_FONT_SOURCEHANSERIFSC_22*/
