/*******************************************************************************
 * Size: 15 px
 * Bpp: 4
 * Opts: --size 15 --bpp 4 --format lvgl --font D:\Renesas_project\26renesascup_smartmedicine_Ra8p1\gui\RA8P1\resources\font\SourceHanSerifSC-Bold.otf --symbols 0123456789ABCDEFGHIJKLMNOPQRSTUVWXYZabcdefghijklmnopqrstuvwxyz +-.:|/%<>请将取药单二维码放入框内待扫描级别数量坐标状态清空日志时间容已完成秒种盒异常·…：（）；，、—–【】《》？!条信息功警告错误等号品合计重新存确认库台账初始化界面启动触摸屏连摄像头采集停止开查看详情机中识就绪系统在线离正运行操作师登录未先当前余批次有效期编验证解创建阿莫西林胶囊生素片布洛芬缓释自检网络仓位表仅记复执忽略共出程失败 --no-kerning --lv-include lvgl.h --lv-font-name lv_font_SourceHanSerifSC_15 -o D:\Renesas_project\26renesascup_smartmedicine_Ra8p1\gui\RA8P1\generated\assets\fonts\lv_font_SourceHanSerifSC_15.c
 ******************************************************************************/

#ifdef __has_include
    #if __has_include("lvgl.h")
        #ifndef LV_LVGL_H_INCLUDE_SIMPLE
            #define LV_LVGL_H_INCLUDE_SIMPLE
        #endif
    #endif
#endif

#ifdef LV_LVGL_H_INCLUDE_SIMPLE
    #include "lvgl.h"
#else
    #include "lvgl.h"
#endif



#ifndef LV_FONT_SOURCEHANSERIFSC_15
#define LV_FONT_SOURCEHANSERIFSC_15 1
#endif

#if LV_FONT_SOURCEHANSERIFSC_15

/*-----------------
 *    BITMAPS
 *----------------*/

/*Store the image of the glyphs*/
static LV_ATTRIBUTE_LARGE_CONST const uint8_t glyph_bitmap[] = {
    /* U+0020 " " */

    /* U+0021 "!" */
    0x4e, 0x8c, 0x15, 0xe0, 0x65, 0x03, 0x30, 0x68,
    0x1b, 0x83, 0x10, 0x58, 0x01, 0x45, 0xef, 0x4c,
    0x50,

    /* U+0025 "%" */
    0x05, 0x98, 0x50, 0x0e, 0x61, 0x00, 0x0d, 0x5c,
    0xd0, 0x80, 0x45, 0xc2, 0x00, 0x50, 0x21, 0x12,
    0x00, 0x51, 0x00, 0x08, 0x40, 0x31, 0x80, 0x1e,
    0x40, 0x33, 0x00, 0x42, 0x40, 0x60, 0x6c, 0xc5,
    0x03, 0x23, 0x21, 0x40, 0xa7, 0x6c, 0x69, 0x50,
    0xc4, 0x5c, 0x09, 0x80, 0xbd, 0x04, 0xe0, 0x17,
    0x71, 0x2e, 0x08, 0x18, 0x87, 0xb0, 0x06, 0x1c,
    0x50, 0x01, 0x80, 0x3c, 0x40, 0x34, 0x48, 0x04,
    0x9c, 0x05, 0x60, 0x13, 0xd0, 0x06, 0x82, 0x60,
    0x70, 0x09, 0x4c, 0x03, 0x0d, 0x35, 0x00,

    /* U+002B "+" */
    0x00, 0xd0, 0x01, 0xf9, 0x00, 0x3f, 0xf9, 0x4b,
    0x77, 0x1d, 0xdc, 0xaa, 0xbb, 0x8e, 0xee, 0x50,
    0x0f, 0xfe, 0x54, 0x00, 0x60,

    /* U+002D "-" */
    0x5f, 0xfb, 0x40,

    /* U+002E "." */
    0x04, 0x08, 0xb9, 0xd1, 0xc0,

    /* U+002F "/" */
    0x00, 0xcb, 0x00, 0x1b, 0xec, 0x03, 0x39, 0x80,
    0x4a, 0x80, 0x1b, 0xf4, 0x03, 0x3a, 0x00, 0x48,
    0x80, 0x0d, 0xba, 0x00, 0xce, 0x80, 0x12, 0x20,
    0x03, 0x6f, 0x80, 0x64, 0x50, 0x08, 0xd8, 0x03,
    0x5e, 0x80, 0x60,

    /* U+0030 "0" */
    0x00, 0x25, 0x45, 0x98, 0x04, 0x97, 0x31, 0xd8,
    0x40, 0x08, 0x13, 0x05, 0x08, 0x01, 0x35, 0x00,
    0x89, 0x40, 0x80, 0x40, 0x21, 0x01, 0x60, 0x30,
    0x09, 0xc0, 0x98, 0x0c, 0x02, 0x70, 0x22, 0x00,
    0x80, 0x42, 0x02, 0x23, 0x50, 0x08, 0x94, 0x01,
    0x02, 0x60, 0xa1, 0x00, 0x04, 0xb9, 0x8e, 0xc2,
    0x00,

    /* U+0031 "1" */
    0x03, 0x7a, 0xa0, 0x00, 0x58, 0x15, 0x80, 0x02,
    0xa6, 0x0e, 0x01, 0xff, 0xe4, 0x70, 0x00, 0xc4,
    0x00, 0xa4, 0xc0,

    /* U+0032 "2" */
    0x00, 0x43, 0x4e, 0xb8, 0x05, 0x6a, 0xd2, 0xb0,
    0xe0, 0x04, 0xa0, 0x06, 0x05, 0x80, 0x3d, 0xc0,
    0x02, 0x0e, 0x01, 0xef, 0x08, 0x00, 0xe4, 0x59,
    0x30, 0x0c, 0x55, 0x2c, 0x01, 0x87, 0xa9, 0x80,
    0x3a, 0xb9, 0x00, 0x3a, 0xc6, 0xa2, 0x30, 0x89,
    0x15, 0xdf, 0x8c,

    /* U+0033 "3" */
    0x00, 0x4b, 0xce, 0xb8, 0x05, 0x4e, 0xe9, 0x58,
    0x60, 0x01, 0x40, 0x03, 0x43, 0x00, 0x10, 0xc0,
    0x03, 0x02, 0x00, 0xe1, 0xb3, 0x90, 0x08, 0x67,
    0xdb, 0x84, 0x02, 0x19, 0xe1, 0xd6, 0x00, 0xf4,
    0x04, 0x01, 0x59, 0x00, 0x0c, 0x04, 0x0d, 0x28,
    0x00, 0xe0, 0xc0, 0x38, 0x2f, 0x57, 0x12, 0x00,

    /* U+0034 "4" */
    0x00, 0xed, 0xd0, 0x07, 0x9c, 0x80, 0x3c, 0x86,
    0x01, 0xe1, 0x34, 0x00, 0xf4, 0xb8, 0x07, 0x97,
    0x00, 0x3c, 0x3a, 0x80, 0x1e, 0x67, 0xff, 0x80,
    0xbd, 0xdb, 0x33, 0x01, 0x63, 0x09, 0x9e, 0x00,
    0x18, 0x80, 0x7f, 0x00,

    /* U+0035 "5" */
    0x01, 0xff, 0xec, 0x00, 0x12, 0x3b, 0xea, 0x00,
    0x3e, 0xc4, 0x66, 0x00, 0x09, 0x80, 0x7c, 0x7d,
    0x59, 0x68, 0x01, 0x35, 0xd6, 0x85, 0xb8, 0x07,
    0x0c, 0x04, 0x00, 0x78, 0xc0, 0x02, 0x9e, 0x60,
    0x02, 0x01, 0x12, 0x82, 0x00, 0x28, 0x20, 0x07,
    0x39, 0xe9, 0x29, 0x80,

    /* U+0036 "6" */
    0x00, 0xf8, 0x80, 0x39, 0x69, 0xc0, 0x3a, 0xba,
    0xdc, 0x80, 0x2b, 0x7b, 0x10, 0x0c, 0xc9, 0x20,
    0x1e, 0x80, 0x2a, 0xc9, 0x00, 0x18, 0x89, 0x2a,
    0x1a, 0xc1, 0xc0, 0x88, 0x08, 0x48, 0x2e, 0x02,
    0x01, 0x30, 0x11, 0x81, 0x00, 0x4e, 0x04, 0x10,
    0x0a, 0x02, 0x6c, 0x20, 0xf5, 0xd1, 0x71, 0x20,

    /* U+0037 "7" */
    0x1f, 0xff, 0x68, 0x3b, 0xf3, 0x20, 0xc4, 0x70,
    0xd0, 0x07, 0x0a, 0x18, 0x07, 0x45, 0x80, 0x71,
    0x33, 0x00, 0x3a, 0x14, 0x40, 0x31, 0x2f, 0x00,
    0x74, 0x0a, 0x00, 0x63, 0x56, 0x00, 0xe8, 0x09,
    0x00, 0x80,

    /* U+0038 "8" */
    0x00, 0x3d, 0xc5, 0xb8, 0x05, 0x13, 0x71, 0x30,
    0xc0, 0x05, 0x30, 0x01, 0x06, 0x00, 0x04, 0x8c,
    0x04, 0x3c, 0x01, 0x21, 0x8f, 0x34, 0xa0, 0x05,
    0xa1, 0x87, 0x20, 0x08, 0xbb, 0x28, 0x62, 0x00,
    0x0c, 0x12, 0x5c, 0x07, 0x02, 0x12, 0x00, 0x11,
    0x80, 0x08, 0x50, 0x02, 0x35, 0x00, 0x63, 0x54,
    0x5b, 0xd0, 0x00,

    /* U+0039 "9" */
    0x00, 0x45, 0xc5, 0xa8, 0x05, 0x4f, 0x51, 0xf4,
    0xa0, 0x4a, 0x82, 0x08, 0x16, 0x0c, 0x01, 0xc2,
    0x33, 0x03, 0x00, 0x46, 0x04, 0x44, 0x25, 0x01,
    0x30, 0x20, 0xb8, 0xe9, 0x90, 0x90, 0x80, 0x1e,
    0xe7, 0x82, 0xc0, 0x38, 0x61, 0x18, 0x03, 0x0e,
    0xbd, 0x80, 0x42, 0xf1, 0x09, 0x00, 0xe7, 0x94,
    0x00, 0xc0,

    /* U+003A ":" */
    0x5e, 0x5c, 0x1c, 0x9b, 0x90, 0x40, 0x0e, 0x40,
    0x8b, 0x9d, 0x1c,

    /* U+003C "<" */
    0x00, 0xff, 0xe1, 0x0c, 0xd0, 0x06, 0x18, 0xaa,
    0x80, 0x27, 0xac, 0xb3, 0x00, 0x16, 0x9d, 0xa0,
    0x06, 0x28, 0xf5, 0x00, 0xf2, 0xd9, 0xda, 0x80,
    0x79, 0xac, 0xb1, 0x40, 0x3c, 0xf8, 0x60,

    /* U+003E ">" */
    0x00, 0xff, 0x54, 0x88, 0x07, 0xaa, 0xa8, 0x10,
    0x0e, 0x3b, 0xb5, 0x38, 0x07, 0x8e, 0xcf, 0x48,
    0x03, 0x97, 0xec, 0x80, 0x25, 0xb3, 0xb6, 0x00,
    0x25, 0x95, 0xb0, 0x06, 0x2a, 0x70, 0x0e,

    /* U+0041 "A" */
    0x00, 0xc7, 0xee, 0x01, 0xfd, 0x61, 0x60, 0x1f,
    0xc6, 0x06, 0x40, 0x1f, 0x19, 0x94, 0x14, 0x03,
    0xeb, 0xaf, 0x0a, 0x00, 0xf8, 0xc9, 0x40, 0x88,
    0x01, 0xc6, 0x60, 0x02, 0x85, 0x00, 0x75, 0x8b,
    0xb8, 0x00, 0xa0, 0x1c, 0x72, 0xee, 0xa0, 0x23,
    0x00, 0x8c, 0xc0, 0x19, 0x82, 0xc0, 0x0d, 0xe4,
    0x80, 0x06, 0x20, 0x68, 0x00,

    /* U+0042 "B" */
    0x28, 0xff, 0x54, 0xe5, 0x98, 0x00, 0xa0, 0x43,
    0xa7, 0x1b, 0x08, 0x03, 0x9c, 0x00, 0x80, 0x80,
    0x1f, 0x88, 0x08, 0x03, 0xe3, 0x47, 0x40, 0x0e,
    0xaa, 0x74, 0x48, 0x07, 0xaa, 0x9b, 0xae, 0x60,
    0x0f, 0xd0, 0x12, 0x01, 0xff, 0xc4, 0x70, 0x05,
    0x03, 0x01, 0x40, 0x87, 0x45, 0x1d, 0x48, 0x00,

    /* U+0043 "C" */
    0x00, 0x8e, 0xa9, 0x31, 0x48, 0x00, 0x8c, 0xda,
    0x98, 0x3f, 0x05, 0x75, 0x70, 0x0b, 0x40, 0x16,
    0x12, 0x01, 0x92, 0x04, 0x40, 0x40, 0x1c, 0x64,
    0x00, 0x10, 0x0f, 0x10, 0x00, 0x40, 0x3c, 0x22,
    0x02, 0x00, 0xe3, 0x08, 0x09, 0x00, 0xc7, 0xc0,
    0xca, 0xa7, 0x00, 0x90, 0x02, 0xab, 0xcb, 0x98,
    0xe9,

    /* U+0044 "D" */
    0x28, 0xff, 0x54, 0xd5, 0x0c, 0x02, 0x28, 0x10,
    0xe9, 0xad, 0xc8, 0x00, 0xfe, 0x74, 0x74, 0x00,
    0xfe, 0xe0, 0x80, 0x0f, 0xe6, 0x03, 0x00, 0xfe,
    0x20, 0x00, 0x80, 0x7e, 0x20, 0x11, 0x00, 0x7e,
    0x60, 0x50, 0x0f, 0xe9, 0x08, 0x00, 0xfc, 0xe7,
    0x06, 0x05, 0x02, 0x1d, 0x13, 0xda, 0xe0, 0x00,

    /* U+0045 "E" */
    0x28, 0xff, 0x54, 0x42, 0xbc, 0x0a, 0x04, 0x3a,
    0x21, 0x60, 0x1f, 0xc2, 0x42, 0x01, 0xfb, 0xc4,
    0x03, 0xca, 0xc4, 0x01, 0xdc, 0xfc, 0x01, 0xf7,
    0x3e, 0x80, 0x7f, 0x22, 0x80, 0x7e, 0x23, 0x53,
    0x00, 0xfd, 0x2c, 0x50, 0x21, 0xd1, 0x11, 0x80,

    /* U+0046 "F" */
    0x28, 0xff, 0x54, 0x42, 0xbc, 0x89, 0x02, 0x1d,
    0x10, 0xa0, 0x0f, 0xf1, 0x80, 0x7f, 0x69, 0x00,
    0x79, 0x58, 0x40, 0x3b, 0x9f, 0x80, 0x3e, 0xe7,
    0xd0, 0x0f, 0xe4, 0x50, 0x0f, 0xc4, 0x60, 0x1f,
    0xfc, 0x02, 0x81, 0x0e, 0x70, 0x0c,

    /* U+0047 "G" */
    0x00, 0x8e, 0xa9, 0x31, 0x4a, 0x01, 0xa3, 0x36,
    0xa6, 0x36, 0x00, 0x25, 0x74, 0x70, 0x09, 0x00,
    0x35, 0x84, 0x00, 0x63, 0xe0, 0x00, 0x88, 0x08,
    0x03, 0x8c, 0x00, 0x40, 0x01, 0x00, 0x1a, 0xae,
    0x02, 0x00, 0x08, 0x00, 0x9a, 0xa8, 0x20, 0x22,
    0x05, 0x00, 0x09, 0x88, 0x30, 0x02, 0xc3, 0xc0,
    0x3c, 0x60, 0x05, 0x64, 0x70, 0x0f, 0xe9, 0xcd,
    0xa9, 0x84, 0xb1, 0x00,

    /* U+0048 "H" */
    0x29, 0xff, 0x5a, 0x82, 0xdf, 0xfa, 0x48, 0x92,
    0x21, 0xea, 0x0b, 0xe0, 0x32, 0x40, 0x1f, 0xe3,
    0x00, 0xf3, 0x80, 0x7f, 0xf3, 0x69, 0xde, 0xe0,
    0x0f, 0xd4, 0xef, 0x70, 0x07, 0xff, 0x25, 0xc0,
    0x3f, 0xf8, 0xc6, 0x00, 0x28, 0x10, 0xe4, 0x05,
    0xf0, 0x18, 0x20,

    /* U+0049 "I" */
    0x29, 0xff, 0x5a, 0x94, 0x88, 0x7a, 0x80, 0x7f,
    0xf9, 0x0a, 0x44, 0x3d, 0x40,

    /* U+004A "J" */
    0x02, 0x8d, 0xfc, 0x70, 0x28, 0x40, 0xb7, 0x00,
    0xff, 0xf5, 0x10, 0x06, 0x30, 0x70, 0x29, 0x36,
    0x52, 0x06, 0x7e, 0x4a, 0x00, 0x00,

    /* U+004B "K" */
    0x29, 0xff, 0x52, 0x83, 0xe6, 0x20, 0x0a, 0x44,
    0x25, 0x41, 0x97, 0x20, 0x03, 0x84, 0x01, 0x12,
    0x01, 0xfd, 0x36, 0x01, 0xfc, 0xec, 0x01, 0xfc,
    0xb6, 0x10, 0x01, 0xfb, 0xf0, 0x54, 0xc0, 0x3e,
    0xa0, 0x90, 0xf0, 0x0f, 0xe7, 0x13, 0x50, 0x0f,
    0x08, 0x02, 0xc2, 0x00, 0x05, 0x22, 0x12, 0x61,
    0xa0, 0x54, 0x60,

    /* U+004C "L" */
    0x29, 0xff, 0x5b, 0x00, 0x62, 0x91, 0x0f, 0x60,
    0x0f, 0xff, 0x90, 0x80, 0x7f, 0x60, 0x80, 0x7c,
    0x24, 0x05, 0x02, 0x1d, 0x10, 0xb0, 0x00,

    /* U+004D "M" */
    0x39, 0xff, 0x38, 0x07, 0x3f, 0xfa, 0x48, 0xe4,
    0x82, 0x80, 0x3a, 0xc0, 0x64, 0x80, 0x08, 0x24,
    0x80, 0x11, 0xa8, 0x07, 0xcc, 0x1c, 0x01, 0x56,
    0x80, 0x78, 0xe8, 0x14, 0x40, 0x27, 0x00, 0xf8,
    0x90, 0x1c, 0x1a, 0x80, 0x3f, 0xb8, 0x2c, 0x30,
    0xc0, 0x3f, 0x94, 0x49, 0xb4, 0x03, 0xfe, 0x60,
    0x96, 0x07, 0x00, 0xfe, 0xa0, 0x41, 0x00, 0xf2,
    0x4a, 0x49, 0x92, 0x70, 0x2f, 0x80, 0xc9, 0x00,

    /* U+004E "N" */
    0x39, 0xff, 0x20, 0x00, 0xa7, 0x2d, 0x4e, 0x44,
    0x28, 0x40, 0xa6, 0xa1, 0x40, 0x08, 0x63, 0x40,
    0x1f, 0xdc, 0x08, 0xc0, 0x1f, 0x8a, 0x42, 0x48,
    0x03, 0xf3, 0x20, 0x70, 0x07, 0x84, 0x01, 0x42,
    0x6e, 0x01, 0xf8, 0x68, 0x23, 0xc0, 0x3f, 0x23,
    0x03, 0x00, 0x7f, 0x49, 0x00, 0x49, 0x4b, 0x4a,
    0x01, 0x70, 0x04,

    /* U+004F "O" */
    0x00, 0x96, 0xa6, 0x54, 0x60, 0x1d, 0x76, 0x89,
    0x97, 0xe3, 0x80, 0x4e, 0x92, 0x40, 0x05, 0x48,
    0x30, 0x04, 0x82, 0x80, 0x6d, 0x08, 0x01, 0x10,
    0x10, 0x06, 0x20, 0x50, 0x20, 0x0f, 0x9c, 0x04,
    0x08, 0x03, 0xe7, 0x01, 0x01, 0x10, 0x10, 0x06,
    0x20, 0x50, 0x04, 0x82, 0x80, 0x6d, 0x08, 0x00,
    0x3a, 0x49, 0x00, 0x15, 0x1c, 0xc0, 0x2b, 0xb4,
    0xcd, 0xf9, 0x00, 0x00,

    /* U+0050 "P" */
    0x28, 0xff, 0x54, 0x5c, 0x90, 0x14, 0x08, 0x74,
    0x5a, 0x61, 0x00, 0x7d, 0x42, 0xa0, 0x1f, 0x08,
    0x70, 0x07, 0xdc, 0x1e, 0x01, 0xe3, 0x74, 0x60,
    0x0d, 0xd3, 0x57, 0x60, 0x0e, 0xe9, 0x92, 0x00,
    0x7f, 0xf2, 0x8a, 0x04, 0x3d, 0xc0, 0x30,

    /* U+0051 "Q" */
    0x00, 0x96, 0xa6, 0x54, 0x60, 0x1d, 0x76, 0x89,
    0x97, 0x64, 0x00, 0x4e, 0x92, 0x40, 0x04, 0x43,
    0x98, 0x02, 0x41, 0x40, 0x36, 0x84, 0x00, 0x88,
    0x08, 0x03, 0x10, 0x28, 0x10, 0x07, 0xce, 0x02,
    0x04, 0x01, 0xf3, 0x80, 0x80, 0x88, 0x08, 0x03,
    0x10, 0x28, 0x02, 0x02, 0x80, 0x36, 0x84, 0x00,
    0x19, 0x8e, 0x60, 0x06, 0x49, 0x30, 0x0a, 0x6e,
    0x2f, 0x3f, 0x18, 0x03, 0x92, 0xd0, 0xa4, 0xc0,
    0x3f, 0x30, 0xb8, 0x07, 0xf4, 0xcb, 0x2e, 0x08,
    0x00,

    /* U+0052 "R" */
    0x28, 0xff, 0x54, 0xde, 0x28, 0x04, 0x50, 0x21,
    0xd3, 0x6d, 0x4a, 0x01, 0xe7, 0x00, 0x70, 0x70,
    0x07, 0xf0, 0x81, 0x00, 0x7e, 0x18, 0x38, 0x00,
    0xf5, 0x4f, 0xae, 0x08, 0x07, 0xaa, 0x59, 0xe0,
    0x03, 0xfa, 0x41, 0xc4, 0x03, 0xf0, 0x90, 0x20,
    0x07, 0x9c, 0x00, 0xa1, 0x80, 0x03, 0xb1, 0x09,
    0x70, 0x93, 0x7b, 0x10,

    /* U+0053 "S" */
    0x00, 0x3e, 0x5c, 0xd2, 0x00, 0x26, 0x3a, 0xe4,
    0xfc, 0x00, 0xc2, 0x40, 0x0d, 0x00, 0xc2, 0xc0,
    0x04, 0xb0, 0x03, 0x84, 0xda, 0x00, 0x68, 0x80,
    0x25, 0xe1, 0x00, 0x4f, 0xd0, 0x27, 0x80, 0x01,
    0x01, 0x7f, 0x11, 0x21, 0x60, 0x04, 0x28, 0x0e,
    0x24, 0x40, 0x00, 0xa1, 0x9d, 0x31, 0x32, 0xd6,
    0xc0,

    /* U+0054 "T" */
    0x9d, 0x88, 0x7f, 0xae, 0x2b, 0xc0, 0x0b, 0x10,
    0x20, 0xf8, 0xb0, 0x01, 0xe0, 0x07, 0x84, 0x86,
    0x90, 0x03, 0xed, 0x10, 0x0f, 0xff, 0xc1, 0xc9,
    0x07, 0xb8, 0x04,

    /* U+0055 "U" */
    0x39, 0xff, 0x4a, 0x00, 0xce, 0x5b, 0x1c, 0x00,
    0x21, 0x00, 0x66, 0xbd, 0x80, 0x40, 0x3f, 0xfa,
    0x8e, 0x01, 0xff, 0xcf, 0x10, 0x20, 0x0d, 0xc4,
    0x01, 0x28, 0x58, 0x06, 0x31, 0x00, 0xa0, 0x1d,
    0x84, 0xab, 0x80, 0x31, 0xe2, 0x47, 0x73, 0xd4,
    0x00,

    /* U+0056 "V" */
    0x7e, 0xfc, 0x80, 0x03, 0x56, 0xbb, 0x98, 0x1e,
    0x00, 0x0d, 0x90, 0xe1, 0x40, 0x82, 0x01, 0x6a,
    0x80, 0x08, 0xc1, 0xc0, 0x02, 0x20, 0x0d, 0x61,
    0xa0, 0x07, 0xe0, 0x0c, 0xc0, 0x82, 0x18, 0x80,
    0x18, 0x50, 0x1c, 0x4c, 0x03, 0xdc, 0x1a, 0x9a,
    0x01, 0xe5, 0x04, 0xf4, 0x00, 0xf9, 0x40, 0x80,
    0x3f, 0x70, 0x58, 0x06,

    /* U+0057 "W" */
    0x7d, 0xfd, 0x70, 0x3a, 0xfd, 0x81, 0x29, 0xe9,
    0x27, 0xa0, 0x67, 0x03, 0xe0, 0x04, 0x09, 0x5a,
    0x49, 0x02, 0x82, 0x00, 0x58, 0x24, 0x20, 0x04,
    0xf0, 0x08, 0x84, 0x10, 0x00, 0x28, 0x0e, 0x00,
    0xc5, 0x00, 0xce, 0x18, 0x05, 0xde, 0x1a, 0x01,
    0xfb, 0x41, 0x01, 0x56, 0x04, 0x03, 0xd0, 0x0e,
    0x40, 0x31, 0xe2, 0x04, 0x04, 0x42, 0x80, 0x79,
    0x01, 0xc4, 0x01, 0xa1, 0xbc, 0x40, 0x1e, 0xd0,
    0x8b, 0x00, 0x38, 0x38, 0x80, 0x7c, 0x80, 0x03,
    0x00, 0x09, 0x8e, 0x00, 0x7c, 0x44, 0x40, 0x0d,
    0x60, 0x80, 0x18,

    /* U+0058 "X" */
    0x5c, 0xff, 0x48, 0x94, 0xf4, 0x92, 0xe8, 0x03,
    0x44, 0xb2, 0xe4, 0x80, 0x60, 0x24, 0x07, 0x14,
    0x03, 0x39, 0x11, 0xa6, 0x00, 0x3d, 0x21, 0x3c,
    0x20, 0x1e, 0x44, 0x06, 0x00, 0x7e, 0x10, 0x53,
    0x00, 0xf4, 0x41, 0xc3, 0xc0, 0x38, 0xfc, 0xa0,
    0x4d, 0x80, 0x34, 0x38, 0x02, 0xc2, 0x04, 0x1b,
    0x1d, 0xc0, 0x5a, 0x03, 0x4a,

    /* U+0059 "Y" */
    0x6e, 0xfe, 0x81, 0x08, 0xea, 0x36, 0xb0, 0x19,
    0x10, 0x84, 0xa3, 0x05, 0x20, 0x60, 0x03, 0xf0,
    0x06, 0x80, 0x90, 0x06, 0xa0, 0x06, 0x52, 0x16,
    0x67, 0x00, 0x7a, 0x02, 0x3d, 0x00, 0x3c, 0xa4,
    0x3e, 0x01, 0xf8, 0x40, 0xc0, 0x3f, 0xfa, 0x07,
    0x04, 0x1d, 0x00, 0x10,

    /* U+005A "Z" */
    0x4f, 0x88, 0xdb, 0xf8, 0x25, 0x11, 0x51, 0x04,
    0x02, 0x00, 0x52, 0x0a, 0x8b, 0x20, 0x05, 0x41,
    0xb0, 0x0e, 0xb0, 0x81, 0x00, 0xd2, 0x26, 0xc0,
    0x18, 0xd8, 0x38, 0x03, 0xbc, 0x1c, 0x80, 0x04,
    0x0e, 0x63, 0x00, 0x16, 0x0c, 0x05, 0x00, 0x48,
    0x10, 0x03, 0x91, 0x18, 0x00,

    /* U+0061 "a" */
    0x02, 0x96, 0xad, 0x50, 0x0b, 0xd5, 0xa8, 0x68,
    0x40, 0x09, 0x00, 0x06, 0x05, 0x00, 0x4a, 0x2b,
    0x30, 0x03, 0x3f, 0x0b, 0x30, 0x02, 0x38, 0x44,
    0x00, 0x73, 0x83, 0x01, 0x30, 0x08, 0x23, 0x1e,
    0x27, 0x14, 0xa0,

    /* U+0062 "b" */
    0x27, 0xa9, 0x00, 0xf1, 0x0a, 0x98, 0x07, 0xc4,
    0x01, 0xff, 0xca, 0x7c, 0xea, 0x10, 0x0c, 0xcc,
    0xc9, 0x5d, 0x00, 0xce, 0x20, 0xe2, 0x66, 0x00,
    0xf9, 0x41, 0x40, 0x40, 0x3f, 0xf8, 0x6a, 0x0a,
    0x01, 0x30, 0x83, 0x8a, 0x1a, 0x48, 0x2c, 0xec,
    0xb5, 0x80,

    /* U+0063 "c" */
    0x00, 0x25, 0xcc, 0x48, 0x01, 0xef, 0x66, 0x1a,
    0x86, 0x05, 0x80, 0x10, 0x4a, 0x04, 0x01, 0x3c,
    0x08, 0x08, 0x07, 0x38, 0x10, 0x80, 0x62, 0x60,
    0xd2, 0x03, 0x60, 0x99, 0x0e, 0xe5, 0xb0,

    /* U+0064 "d" */
    0x00, 0xe7, 0xad, 0x60, 0x0f, 0x39, 0x90, 0x07,
    0xf8, 0xc0, 0x3f, 0xf8, 0x2f, 0xbd, 0x26, 0x01,
    0xa6, 0x13, 0xa5, 0x80, 0x21, 0x60, 0x90, 0x03,
    0x00, 0x4a, 0x06, 0x01, 0xf0, 0x80, 0x7f, 0x38,
    0x18, 0x07, 0xc4, 0xa1, 0x00, 0x06, 0x00, 0xd4,
    0xcc, 0xe8, 0x50, 0xe4,

    /* U+0065 "e" */
    0x00, 0x2d, 0xc5, 0xc0, 0x05, 0x15, 0x31, 0x2f,
    0x20, 0x2e, 0x44, 0x02, 0x06, 0x05, 0x03, 0x77,
    0x4a, 0x20, 0x04, 0x0d, 0xdd, 0x37, 0x60, 0x70,
    0x22, 0x00, 0x71, 0x30, 0x71, 0x01, 0xb8, 0x02,
    0x64, 0x1b, 0x96, 0xe0,

    /* U+0066 "f" */
    0x00, 0x96, 0x7f, 0x04, 0x00, 0xb5, 0x34, 0xe6,
    0x00, 0xb4, 0x05, 0xb2, 0x02, 0x10, 0x0e, 0x49,
    0x06, 0x97, 0x00, 0x27, 0x83, 0x4b, 0x80, 0x7f,
    0xf1, 0xc4, 0x03, 0xff, 0x94, 0x7e, 0x0b, 0x02,
    0x00,

    /* U+0067 "g" */
    0x01, 0xa9, 0x8c, 0x6a, 0x90, 0xd7, 0x98, 0x69,
    0xeb, 0x23, 0x70, 0x06, 0x80, 0x91, 0x83, 0x00,
    0x38, 0x04, 0x05, 0x4c, 0x41, 0x0d, 0x00, 0x12,
    0xd3, 0x15, 0x80, 0x16, 0x10, 0x8b, 0x9c, 0x40,
    0x0e, 0x8c, 0xd4, 0x71, 0x09, 0xff, 0xe8, 0x05,
    0x60, 0x0e, 0x50, 0x21, 0x51, 0x00, 0xad, 0x15,
    0x99, 0x95, 0x35, 0xf6, 0x00,

    /* U+0068 "h" */
    0x39, 0xca, 0x00, 0xf1, 0xe9, 0x80, 0x7f, 0xf4,
    0xcf, 0x3f, 0x08, 0x03, 0x3b, 0x6b, 0x9c, 0x00,
    0x66, 0x51, 0xa0, 0x70, 0x0f, 0xfe, 0x00, 0x80,
    0x7f, 0xf3, 0x8c, 0x0f, 0xc1, 0x94, 0x6c, 0x05,
    0x80,

    /* U+0069 "i" */
    0x03, 0xe7, 0x00, 0x38, 0xf8, 0x01, 0x3e, 0x00,
    0x31, 0x01, 0xdf, 0xc8, 0x1f, 0x00, 0x7f, 0xf4,
    0x0f, 0xc1, 0x94,

    /* U+006A "j" */
    0x00, 0x93, 0x98, 0x02, 0x11, 0x80, 0x25, 0xf7,
    0x00, 0xe2, 0x00, 0x25, 0xfc, 0x00, 0x13, 0x40,
    0x38, 0xc0, 0x3f, 0xfa, 0x66, 0x01, 0xc2, 0x01,
    0x18, 0x69, 0x5a, 0xf1, 0x28, 0x35, 0x8e, 0x00,

    /* U+006B "k" */
    0x39, 0xcb, 0x00, 0xf1, 0xe9, 0x80, 0x7f, 0xf5,
    0x12, 0xb6, 0x08, 0x03, 0x94, 0x32, 0x08, 0x03,
    0x0e, 0x58, 0x80, 0x73, 0xe9, 0x48, 0x06, 0x10,
    0x06, 0x83, 0x88, 0x07, 0x38, 0xb8, 0x58, 0x07,
    0xd0, 0x2a, 0x40, 0x7e, 0x0c, 0xa1, 0x21, 0xca,

    /* U+006C "l" */
    0x39, 0xcb, 0x03, 0xd3, 0x00, 0xff, 0xea, 0x88,
    0x07, 0xff, 0x04, 0xfc, 0x15, 0x80,

    /* U+006D "m" */
    0x27, 0xb8, 0x4c, 0xea, 0x05, 0xcf, 0xb0, 0x01,
    0xfa, 0x28, 0xea, 0x2d, 0x86, 0xaa, 0x38, 0x0e,
    0x83, 0xa8, 0xf8, 0x0a, 0x8f, 0x86, 0x80, 0x7c,
    0x20, 0x18, 0x40, 0x3f, 0xf8, 0x42, 0x01, 0xff,
    0xc4, 0x10, 0x0c, 0x20, 0x01, 0x01, 0x00, 0xf1,
    0xf0, 0x32, 0x17, 0x83, 0x21, 0x78, 0x32, 0x80,

    /* U+006E "n" */
    0x27, 0xb8, 0x4c, 0xfc, 0x10, 0x3f, 0x45, 0x2d,
    0x73, 0x80, 0x1d, 0x07, 0x61, 0xb0, 0x50, 0x0f,
    0xfe, 0x38, 0x80, 0x7f, 0xf0, 0x84, 0x03, 0xc7,
    0xc0, 0xc8, 0x54, 0x06, 0xc0,

    /* U+006F "o" */
    0x00, 0x2d, 0xc5, 0x48, 0x80, 0x22, 0xa2, 0x14,
    0xf8, 0x02, 0xe2, 0x60, 0x07, 0x26, 0x40, 0x20,
    0x0b, 0x83, 0x00, 0x3f, 0x90, 0x08, 0x02, 0xe0,
    0xd1, 0x71, 0x30, 0x03, 0x93, 0x84, 0x4c, 0x42,
    0x9f, 0x00,

    /* U+0070 "p" */
    0x27, 0xb8, 0x7c, 0xea, 0x10, 0x3f, 0x45, 0x6c,
    0x85, 0xd0, 0x1d, 0x06, 0x10, 0x61, 0x33, 0x00,
    0x7c, 0xa0, 0xa0, 0x20, 0x1f, 0xfc, 0x35, 0x05,
    0x00, 0x9c, 0x00, 0xe2, 0x86, 0x01, 0x3c, 0x74,
    0xb5, 0x80, 0x04, 0x06, 0x3b, 0x92, 0x01, 0xff,
    0xc3, 0x10, 0x0f, 0x1f, 0x02, 0xb8, 0x07, 0x00,

    /* U+0071 "q" */
    0x00, 0x3e, 0xf5, 0x0c, 0x28, 0x02, 0x61, 0x7a,
    0xa8, 0xe6, 0x02, 0xc1, 0x00, 0x01, 0x03, 0x05,
    0x03, 0x00, 0xf8, 0x40, 0x3f, 0x9c, 0x0c, 0x03,
    0xe2, 0x40, 0x80, 0x03, 0x00, 0x6b, 0x66, 0x6c,
    0x30, 0x07, 0x4f, 0x6c, 0x18, 0x07, 0xff, 0x1c,
    0xc0, 0xc0, 0x3c, 0xee, 0x0d, 0x30,

    /* U+0072 "r" */
    0x27, 0xb8, 0x3d, 0xe2, 0x3f, 0x42, 0xa5, 0x01,
    0x16, 0x82, 0xc4, 0x38, 0xc0, 0x24, 0x10, 0x0f,
    0x08, 0x07, 0xff, 0x0c, 0x40, 0x31, 0xf0, 0x33,
    0x80, 0x40,

    /* U+0073 "s" */
    0x03, 0xb9, 0x8a, 0x31, 0xc3, 0x98, 0x34, 0x20,
    0x42, 0x0b, 0x53, 0x23, 0xdc, 0x42, 0x0d, 0x92,
    0x39, 0x91, 0x2b, 0x6e, 0x03, 0xb4, 0x00, 0x0c,
    0x51, 0x9e, 0x62, 0xde, 0x80,

    /* U+0074 "t" */
    0x00, 0x32, 0x00, 0x69, 0xc0, 0x09, 0x00, 0x33,
    0x40, 0x24, 0xa3, 0x58, 0x24, 0xa0, 0x07, 0xff,
    0x34, 0x40, 0xc0, 0x81, 0x91, 0x18, 0xc0,

    /* U+0075 "u" */
    0x00, 0xff, 0x26, 0x7c, 0x81, 0x57, 0xd8, 0x25,
    0x80, 0x81, 0x78, 0x07, 0xfc, 0x20, 0x0f, 0x00,
    0xff, 0xe3, 0xf8, 0x08, 0x07, 0xc6, 0x08, 0x69,
    0xc0, 0x19, 0x18, 0xb8, 0xfc, 0x11, 0x80,

    /* U+0076 "v" */
    0x19, 0xff, 0x40, 0x94, 0xda, 0x0c, 0x90, 0x60,
    0x97, 0x4a, 0x00, 0x28, 0x38, 0x01, 0xc4, 0x01,
    0x30, 0x28, 0x97, 0x80, 0x61, 0x50, 0x75, 0x60,
    0x0e, 0x90, 0xa0, 0x0f, 0x8c, 0x8c, 0xc0, 0x1f,
    0x59, 0x20, 0x04,

    /* U+0077 "w" */
    0x09, 0xfe, 0x70, 0x5e, 0xe3, 0x83, 0xec, 0x00,
    0x24, 0x44, 0xc0, 0xa2, 0x26, 0x07, 0x48, 0x00,
    0x9c, 0x1c, 0x11, 0x81, 0xc1, 0x34, 0x03, 0x50,
    0x68, 0x64, 0x05, 0x06, 0x20, 0x06, 0x32, 0x41,
    0xf1, 0x53, 0x1f, 0x00, 0xf2, 0x85, 0xa8, 0x78,
    0x5a, 0x00, 0x7a, 0x81, 0x88, 0x14, 0x10, 0xc0,
    0x3c, 0x47, 0x40, 0x12, 0xb0, 0x06,

    /* U+0078 "x" */
    0x5e, 0xfc, 0x32, 0xac, 0x45, 0xa0, 0x32, 0x20,
    0x62, 0x02, 0x30, 0x53, 0x48, 0x06, 0x91, 0x4f,
    0x30, 0x0e, 0x70, 0x71, 0x00, 0xc9, 0xaa, 0x36,
    0x01, 0x0e, 0xa5, 0x8a, 0xa8, 0x1b, 0x40, 0x48,
    0x81, 0x6c,

    /* U+0079 "y" */
    0x09, 0xff, 0x40, 0x94, 0x62, 0x84, 0x90, 0x60,
    0x95, 0xca, 0x80, 0x28, 0x34, 0x00, 0x8a, 0x01,
    0x30, 0x30, 0x07, 0xc2, 0xc0, 0xa6, 0x80, 0x1d,
    0x41, 0xca, 0x60, 0x1c, 0x66, 0x40, 0x0f, 0xd2,
    0x0e, 0x01, 0xf2, 0xa8, 0x40, 0x3e, 0x3e, 0x00,
    0xe9, 0xb2, 0xb4, 0x00, 0xe3, 0x48, 0x90, 0x0e,

    /* U+007A "z" */
    0x5e, 0x77, 0x47, 0xf8, 0x4d, 0xde, 0x10, 0x71,
    0x4b, 0x03, 0x62, 0x80, 0x22, 0x07, 0x07, 0x00,
    0x68, 0x26, 0x30, 0x08, 0xdc, 0x64, 0x14, 0xc3,
    0xc2, 0xc0, 0x1c, 0xec, 0x63, 0xaf, 0x08, 0x00,

    /* U+007C "|" */
    0xf0, 0x0f, 0xfe, 0x98,

    /* U+00B7 "·" */
    0x04, 0x08, 0xb9, 0xd1, 0xc0,

    /* U+2013 "–" */
    0x5f, 0xff, 0x8c,

    /* U+2014 "—" */
    0x5f, 0xff, 0xfe, 0x02, 0x00,

    /* U+2026 "…" */
    0x19, 0x10, 0x00, 0xc8, 0x80, 0x06, 0x44, 0x9c,
    0x80, 0x04, 0xe4, 0x00, 0x27, 0x20,

    /* U+3001 "、" */
    0x3a, 0x50, 0x01, 0xfd, 0x50, 0x00, 0xa6, 0xae,
    0x00, 0xf1, 0x20,

    /* U+300A "《" */
    0x00, 0xc6, 0x61, 0x40, 0x0d, 0x47, 0x28, 0x01,
    0x2e, 0x9e, 0x80, 0x6d, 0x4a, 0x50, 0x09, 0xe9,
    0x68, 0x02, 0x10, 0x2d, 0x30, 0x0a, 0x5d, 0xd4,
    0x01, 0x84, 0x38, 0x80, 0x37, 0x9e, 0xa8, 0x06,
    0x6a, 0x4c, 0x00, 0xed, 0x5b, 0x70, 0x0c, 0x9a,
    0x5e, 0x20, 0x1a, 0x9e, 0x64, 0x01, 0x88, 0x01,
    0xc6, 0x01, 0x9c, 0x18, 0x40,

    /* U+300B "》" */
    0x41, 0x33, 0x00, 0x64, 0x93, 0xa0, 0x0e, 0xd3,
    0xd5, 0x00, 0xcb, 0x49, 0xa0, 0x1d, 0x4b, 0x4e,
    0x01, 0x8f, 0x48, 0x04, 0x03, 0x53, 0xba, 0x40,
    0x31, 0x70, 0x08, 0x06, 0x5d, 0x3f, 0x00, 0xd8,
    0x94, 0xc0, 0x13, 0xda, 0xe8, 0x04, 0x3e, 0x5a,
    0x80, 0x14, 0xc9, 0xe8, 0x02, 0x3e, 0x00, 0x10,
    0x04, 0x2c, 0x0e, 0x01, 0x80,

    /* U+3010 "【" */
    0x5f, 0xfc, 0xc0, 0x10, 0xeb, 0x00, 0x5a, 0x40,
    0x13, 0x18, 0x06, 0xa0, 0x0e, 0x30, 0x0c, 0x20,
    0x1f, 0xf0, 0x80, 0x78, 0xc0, 0x3a, 0x80, 0x39,
    0x8c, 0x03, 0xb4, 0x80, 0x30, 0xeb, 0x00,

    /* U+3011 "】" */
    0x6f, 0xfc, 0xad, 0xa2, 0x01, 0x8b, 0x40, 0x38,
    0xd8, 0x03, 0xa8, 0x03, 0x8c, 0x03, 0xc2, 0x01,
    0xff, 0x08, 0x06, 0x30, 0x0e, 0xa0, 0x0c, 0x6c,
    0x01, 0x16, 0x80, 0x4d, 0xa2, 0x01, 0x00,

    /* U+4E2D "中" */
    0x00, 0xe8, 0x93, 0x00, 0xff, 0x23, 0x10, 0x07,
    0xff, 0x0c, 0x40, 0x19, 0x6e, 0xcc, 0x20, 0x66,
    0xb3, 0x48, 0x11, 0x9a, 0x20, 0x66, 0x84, 0x80,
    0x3f, 0xf8, 0x26, 0x01, 0xff, 0xd0, 0x66, 0x88,
    0x19, 0xa2, 0x00, 0x2b, 0x3b, 0x30, 0x81, 0x9a,
    0x99, 0x0c, 0xc8, 0x03, 0xf3, 0xb0, 0x07, 0xff,
    0x55, 0x04, 0x03, 0x80,

    /* U+4E8C "二" */
    0x00, 0xff, 0xe6, 0xd6, 0x88, 0x06, 0x56, 0x6f,
    0x8d, 0x1c, 0x03, 0x2b, 0x37, 0xd3, 0x26, 0x00,
    0xff, 0xff, 0x80, 0x7f, 0xf0, 0xac, 0x80, 0x99,
    0xbf, 0xd6, 0x98, 0x40,

    /* U+4EC5 "仅" */
    0x00, 0x95, 0x00, 0x3f, 0xf8, 0x37, 0x67, 0x00,
    0xe4, 0xb0, 0x0c, 0x62, 0x4b, 0x2e, 0xcd, 0x4a,
    0x40, 0x05, 0x41, 0x05, 0x66, 0xcd, 0x18, 0x48,
    0x04, 0xe0, 0xe0, 0x46, 0x00, 0x11, 0x18, 0x80,
    0x18, 0x40, 0xc0, 0x1c, 0x00, 0x40, 0xb0, 0x0a,
    0xc8, 0x03, 0x8c, 0x38, 0x10, 0x00, 0xde, 0xe0,
    0x1a, 0xa0, 0x51, 0x06, 0x00, 0x62, 0x00, 0xe3,
    0x7a, 0x08, 0x00, 0xff, 0xad, 0x14, 0xc0, 0x3f,
    0xc3, 0x20, 0xaa, 0x00, 0xff, 0x6b, 0xe8, 0xd4,
    0x88, 0x07, 0x8a, 0xea, 0x4b, 0x45, 0xbc, 0x80,
    0x23, 0x54, 0xb6, 0x00, 0x1f, 0xa6, 0x10,

    /* U+4ED3 "仓" */
    0x00, 0xf5, 0x28, 0x07, 0xff, 0x01, 0xd6, 0xd4,
    0x03, 0xfc, 0x32, 0x1b, 0x84, 0x01, 0xfd, 0x43,
    0x27, 0x78, 0xa0, 0x1f, 0x42, 0x53, 0x01, 0x45,
    0x62, 0x80, 0x68, 0x77, 0x28, 0x05, 0xca, 0x75,
    0xc4, 0x10, 0x08, 0xf0, 0xcd, 0x3a, 0x5a, 0x51,
    0x24, 0x40, 0x42, 0x99, 0xa0, 0x54, 0xb4, 0x04,
    0x00, 0xff, 0xe4, 0x0b, 0x58, 0x10, 0x07, 0xf8,
    0x59, 0x46, 0x81, 0x80, 0x3e, 0x10, 0x07, 0x70,
    0xd7, 0xc0, 0x38, 0xc3, 0x3b, 0xb7, 0xd3, 0x20,
    0x06, 0x86, 0x45, 0x5c, 0x8b, 0x08, 0x00,

    /* U+4F4D "位" */
    0x00, 0x99, 0x00, 0x06, 0xc0, 0x1f, 0xd3, 0x6a,
    0x07, 0x7a, 0x01, 0xf2, 0x82, 0x28, 0x01, 0x49,
    0x40, 0x40, 0x37, 0x84, 0x00, 0x54, 0xea, 0x3f,
    0x00, 0x12, 0x08, 0x33, 0x49, 0xcc, 0xf1, 0xc2,
    0x0c, 0x22, 0x34, 0x43, 0x34, 0x97, 0xee, 0x21,
    0x62, 0x00, 0x2f, 0x10, 0x03, 0x11, 0x88, 0x34,
    0x90, 0x04, 0xd6, 0x00, 0x30, 0xe0, 0x03, 0xa0,
    0x06, 0xc5, 0x20, 0xe1, 0x40, 0x00, 0x80, 0x71,
    0x82, 0x82, 0xc8, 0x07, 0xf3, 0x87, 0x01, 0x30,
    0x07, 0xf0, 0x86, 0x13, 0x08, 0x80, 0x3f, 0x16,
    0xab, 0xc8, 0x66, 0x04, 0x02, 0x24, 0x66, 0x23,
    0x1b, 0xb5, 0xd1, 0x00,

    /* U+4F59 "余" */
    0x00, 0xe1, 0xb7, 0x20, 0x0f, 0xfe, 0x04, 0xa5,
    0xd0, 0x07, 0xfc, 0x6e, 0x5a, 0x10, 0x01, 0xfc,
    0x3a, 0x5e, 0x30, 0x9d, 0x04, 0x01, 0xc3, 0x8b,
    0xa4, 0x00, 0xb2, 0x7d, 0xd2, 0x00, 0x0b, 0x57,
    0x19, 0xab, 0x85, 0x90, 0x44, 0x02, 0x23, 0x21,
    0xdb, 0x66, 0x3e, 0x5b, 0x60, 0x00, 0x8c, 0x01,
    0xfd, 0x32, 0x00, 0xcc, 0xde, 0x0b, 0x66, 0x76,
    0x28, 0x04, 0xcc, 0xc0, 0x66, 0x05, 0xaa, 0x9d,
    0xc8, 0x01, 0x95, 0x54, 0x40, 0x11, 0xfe, 0xa0,
    0x06, 0x2b, 0x5c, 0x20, 0x0d, 0x87, 0x68, 0x00,
    0x29, 0xaa, 0x26, 0x20, 0x08, 0x02, 0xc3, 0x40,
    0x2b, 0x40, 0x4a, 0x17, 0x20, 0x02, 0xcd, 0x80,
    0x08, 0x03, 0x37, 0x40, 0x06, 0x62, 0x00, 0x00,

    /* U+4F5C "作" */
    0x00, 0x95, 0xc4, 0x19, 0x40, 0x3f, 0xa6, 0x1c,
    0x22, 0x90, 0x03, 0xe2, 0x33, 0x32, 0x0a, 0xa0,
    0x01, 0xc8, 0x02, 0x50, 0x80, 0xe0, 0x38, 0x68,
    0x9f, 0x20, 0x05, 0x0a, 0x8a, 0xca, 0xbb, 0xa3,
    0xb4, 0x81, 0x48, 0x42, 0x55, 0x80, 0x21, 0x50,
    0x0a, 0x48, 0x08, 0x68, 0x02, 0x6a, 0xa3, 0x82,
    0xfb, 0x80, 0x24, 0x03, 0x35, 0xfb, 0x82, 0x18,
    0x00, 0x80, 0x3e, 0x10, 0x00, 0x80, 0x7f, 0x93,
    0x94, 0x03, 0xfe, 0x62, 0x93, 0x00, 0xff, 0x99,
    0xb0, 0x07, 0xff, 0x1c, 0x84, 0x03, 0x10, 0x80,
    0x7a, 0xb4, 0x03, 0x66, 0x80, 0x70,

    /* U+4FE1 "信" */
    0x00, 0xa5, 0x88, 0x01, 0x4e, 0x01, 0xf1, 0x34,
    0x80, 0x5f, 0x12, 0x01, 0xe4, 0x06, 0x20, 0x02,
    0x9f, 0x85, 0x48, 0x05, 0xa1, 0x4c, 0xda, 0x81,
    0xf7, 0x88, 0x00, 0x82, 0x4c, 0xde, 0x2e, 0x72,
    0x06, 0x01, 0x19, 0x9b, 0xb4, 0x0c, 0x01, 0x40,
    0x10, 0xb3, 0x76, 0x79, 0x82, 0x49, 0x80, 0x4c,
    0xdd, 0xda, 0x60, 0xaa, 0x00, 0xca, 0xcd, 0xa6,
    0x0c, 0x04, 0x03, 0x0e, 0x5b, 0x35, 0xd8, 0x80,
    0x1f, 0x85, 0x9b, 0x02, 0x80, 0x7f, 0xf2, 0xdd,
    0x9b, 0x00, 0x78, 0x80, 0x2a, 0x66, 0xc6, 0x20,

    /* U+505C "停" */
    0x00, 0xff, 0xe3, 0x6c, 0x90, 0x02, 0x34, 0xc0,
    0x3c, 0x64, 0x84, 0x00, 0xa2, 0x70, 0x8b, 0x00,
    0xac, 0x29, 0xde, 0x58, 0x37, 0x13, 0x40, 0x02,
    0x8b, 0xba, 0x78, 0x46, 0xd7, 0xc4, 0x02, 0x21,
    0x80, 0x04, 0x99, 0xa2, 0x10, 0x0a, 0x80, 0x39,
    0x9b, 0x18, 0x38, 0x0a, 0x00, 0x44, 0x4b, 0x66,
    0xba, 0x18, 0x1f, 0x44, 0x01, 0xd6, 0x0c, 0xd1,
    0xfd, 0x43, 0x08, 0x02, 0xc5, 0x9b, 0x95, 0x16,
    0x80, 0x37, 0xdb, 0x32, 0x32, 0xad, 0x78, 0x80,
    0x32, 0x33, 0x54, 0x66, 0x89, 0x40, 0x0f, 0xfe,
    0x50, 0xbf, 0x80, 0x80, 0x7c, 0x80, 0x01, 0x73,
    0x35, 0x00, 0x7b, 0xa4, 0x03, 0x76, 0x10, 0x06,

    /* U+50CF "像" */
    0x00, 0x0e, 0xc0, 0x9e, 0x38, 0x08, 0x07, 0x90,
    0x88, 0x32, 0x7a, 0xf9, 0x60, 0x1d, 0x81, 0x24,
    0xb3, 0x48, 0x58, 0x40, 0x19, 0xc8, 0xe4, 0x44,
    0xd0, 0xa1, 0x94, 0x00, 0x21, 0x13, 0x30, 0x5c,
    0xd3, 0x5c, 0x04, 0x01, 0x60, 0xcc, 0x40, 0x04,
    0x8b, 0x80, 0x72, 0x00, 0x61, 0xb3, 0x66, 0x80,
    0xc1, 0x78, 0x02, 0x9b, 0x65, 0xc6, 0x50, 0x10,
    0x53, 0x00, 0x0b, 0x9c, 0x2d, 0xb7, 0x34, 0x00,
    0x70, 0xbf, 0x4b, 0x87, 0xac, 0x88, 0x07, 0x13,
    0xdc, 0x38, 0x26, 0xe8, 0x40, 0x38, 0x9a, 0xe2,
    0xd4, 0x94, 0x79, 0x80, 0x32, 0x35, 0xce, 0xa9,
    0x07, 0xa3, 0x00, 0x44, 0x8e, 0x6a, 0xa2, 0x90,
    0x2b, 0x00, 0xbe, 0x00, 0x36, 0x6a, 0x00, 0x60,

    /* U+5148 "先" */
    0x00, 0x8c, 0x41, 0xe5, 0x00, 0x3f, 0xb7, 0x8b,
    0x59, 0x80, 0x1f, 0x88, 0x54, 0x80, 0x3a, 0xcc,
    0x03, 0x28, 0x13, 0x30, 0x29, 0xa0, 0x20, 0x40,
    0x2a, 0x98, 0x66, 0x05, 0x34, 0x5d, 0x84, 0x00,
    0xb4, 0xc0, 0x1f, 0x9c, 0x40, 0x88, 0x2c, 0xd8,
    0x29, 0x99, 0x10, 0xf2, 0x23, 0xb3, 0x3e, 0x7f,
    0xcf, 0x6d, 0x1f, 0xc4, 0x01, 0x88, 0x0c, 0x03,
    0xff, 0x80, 0xc4, 0x01, 0xff, 0xc0, 0x32, 0xb0,
    0x0f, 0x98, 0x03, 0x48, 0xb0, 0x07, 0xda, 0x01,
    0x33, 0xe0, 0x06, 0x2b, 0xb6, 0x23, 0x04, 0x66,
    0x08, 0x02, 0x50, 0x44, 0x19, 0x15, 0x34, 0x20,
    0x1a, 0xbf, 0xf6, 0xa0,

    /* U+5165 "入" */
    0x00, 0xe9, 0x10, 0x0f, 0xfe, 0x03, 0xb7, 0x98,
    0x07, 0xfc, 0xfd, 0x7a, 0x01, 0xff, 0xc0, 0x14,
    0x14, 0x00, 0xff, 0xe0, 0x38, 0x68, 0x07, 0xff,
    0x03, 0x01, 0xc0, 0x3f, 0xe1, 0x50, 0x16, 0x00,
    0xff, 0x48, 0x2a, 0xa0, 0x03, 0xf8, 0x5c, 0x2e,
    0x46, 0x00, 0x3f, 0x40, 0x48, 0x99, 0x3b, 0x00,
    0x79, 0x19, 0xd8, 0x01, 0x41, 0x2a, 0x01, 0x86,
    0x9e, 0x00, 0x27, 0x20, 0xaa, 0x08, 0x0e, 0xc4,
    0x00, 0x3b, 0x80, 0x0a, 0xe3, 0x1c, 0xc0, 0x1e,
    0x3a, 0x1e, 0x60, 0x92, 0x00, 0xfc, 0xbe, 0x20,

    /* U+5171 "共" */
    0x00, 0xce, 0xc2, 0x00, 0x86, 0x10, 0x0f, 0xd3,
    0x62, 0x02, 0xfa, 0x20, 0x1f, 0xfd, 0x31, 0xd3,
    0x00, 0x99, 0xa1, 0x36, 0x68, 0x19, 0x8a, 0x80,
    0x13, 0x34, 0x26, 0xcd, 0x03, 0x3c, 0x38, 0x07,
    0xff, 0x49, 0x48, 0x00, 0x6c, 0xd0, 0x9b, 0x34,
    0x0c, 0xf5, 0xa6, 0x06, 0xcd, 0x6e, 0x33, 0x1f,
    0xf5, 0xff, 0xc6, 0x01, 0xdd, 0xae, 0x03, 0x50,
    0x40, 0x1f, 0x49, 0xab, 0x80, 0xda, 0x6c, 0x80,
    0x74, 0xbc, 0xd0, 0x04, 0x3a, 0x4c, 0xe0, 0x14,
    0xff, 0x30, 0x07, 0x0f, 0x06, 0x80, 0x06, 0x58,
    0x03, 0xf1, 0xed, 0x80, 0x04, 0x03, 0xfe, 0x21,
    0x00, 0x00,

    /* U+5185 "内" */
    0x00, 0xe8, 0xa5, 0x00, 0xff, 0x91, 0x50, 0x03,
    0xca, 0x40, 0x1c, 0x20, 0x14, 0x10, 0x7e, 0xbb,
    0x30, 0x81, 0x9a, 0x77, 0x60, 0x80, 0x19, 0xa1,
    0x36, 0x6c, 0x0a, 0x20, 0x18, 0x80, 0x02, 0x01,
    0xfe, 0x40, 0xae, 0x70, 0x0f, 0xeb, 0x56, 0x88,
    0x38, 0x07, 0xd2, 0xf4, 0x0e, 0x32, 0x01, 0xe6,
    0xca, 0x00, 0xad, 0x80, 0x3c, 0xca, 0x01, 0x96,
    0x00, 0x3f, 0xf9, 0xc9, 0x3e, 0x02, 0x00, 0x41,
    0x00, 0xe4, 0x90, 0x48, 0x0a, 0xb0, 0x0f, 0xdd,
    0x64, 0x00,

    /* U+51FA "出" */
    0x00, 0xf3, 0x41, 0x80, 0x7c, 0x42, 0x00, 0xd7,
    0x20, 0x01, 0x08, 0x05, 0xf8, 0x01, 0xe1, 0xda,
    0x00, 0xc2, 0x01, 0xf8, 0x80, 0x3f, 0xf8, 0xa6,
    0x01, 0xff, 0xc0, 0x13, 0x16, 0x68, 0x19, 0xa0,
    0x0e, 0xcf, 0x66, 0x81, 0x98, 0xf3, 0x00, 0x08,
    0xe1, 0x00, 0xf8, 0xf9, 0xc0, 0x22, 0x00, 0xfe,
    0x20, 0x0f, 0xfe, 0x8a, 0x83, 0x34, 0xe2, 0xcd,
    0x78, 0x05, 0xb0, 0xec, 0xcc, 0xe7, 0x66, 0x78,
    0xb0,

    /* U+521B "创" */
    0x00, 0x8e, 0x04, 0x03, 0xd3, 0x00, 0x1a, 0x9f,
    0x0c, 0x03, 0x9c, 0xc0, 0x21, 0x63, 0xec, 0xb0,
    0x9c, 0x10, 0x0e, 0x91, 0xe3, 0x84, 0x83, 0x21,
    0x00, 0xc4, 0xf4, 0x40, 0x42, 0x01, 0xfa, 0x42,
    0x19, 0x94, 0x50, 0x01, 0xe5, 0x90, 0x66, 0x81,
    0x40, 0x3e, 0x52, 0x00, 0xff, 0xe2, 0x92, 0x00,
    0x80, 0x7f, 0xc7, 0x01, 0xa0, 0x1f, 0xf0, 0xc5,
    0xb1, 0x93, 0x00, 0x7c, 0x20, 0x88, 0xa0, 0x88,
    0x00, 0x78, 0x53, 0xfe, 0x68, 0x06, 0xa1, 0x00,
    0xda, 0xef, 0xa6, 0x40, 0xc0, 0x0d, 0x00, 0x8e,
    0x23, 0x31, 0x00, 0x2f, 0x98, 0x00,

    /* U+521D "初" */
    0x00, 0xff, 0xe2, 0x0f, 0x50, 0x80, 0x7f, 0xc3,
    0x2a, 0xe0, 0x1f, 0x54, 0x00, 0x4f, 0x08, 0xec,
    0xfb, 0xf0, 0xe8, 0xe4, 0x8c, 0xc1, 0xe8, 0x17,
    0x10, 0x97, 0x03, 0x24, 0x66, 0x39, 0x93, 0x80,
    0x80, 0x80, 0x7d, 0x21, 0x46, 0x06, 0x20, 0x01,
    0x70, 0x08, 0xde, 0x6e, 0x04, 0x44, 0x01, 0xe1,
    0xd0, 0xa7, 0xb3, 0x05, 0x01, 0x01, 0x01, 0xa3,
    0x09, 0x48, 0x60, 0xc0, 0x30, 0x30, 0x4b, 0x70,
    0x45, 0x0c, 0x04, 0x01, 0x01, 0x05, 0x00, 0xd5,
    0x0c, 0xa2, 0x0a, 0x1c, 0x01, 0xf2, 0x84, 0x00,
    0x34, 0x14, 0x03, 0xc7, 0x1a, 0x4b, 0xc8, 0x46,
    0x01, 0x8c, 0xaf, 0x0c, 0x15, 0xcf, 0xc0, 0x35,
    0x61, 0xc0, 0x80, 0x53, 0x84, 0x00,

    /* U+522B "别" */
    0x01, 0x00, 0xc6, 0x01, 0xce, 0xa2, 0x11, 0xae,
    0xcf, 0x98, 0x06, 0x50, 0x98, 0x10, 0x01, 0x3b,
    0x38, 0x38, 0x47, 0x00, 0x04, 0x03, 0xf0, 0x80,
    0x04, 0x03, 0xff, 0x95, 0x74, 0xe0, 0x1f, 0xea,
    0xd4, 0x17, 0xca, 0x00, 0xf8, 0x55, 0x40, 0xed,
    0xf8, 0x20, 0x1e, 0x16, 0x50, 0xb6, 0x11, 0x80,
    0x3f, 0x38, 0x20, 0x18, 0x80, 0x7f, 0x61, 0x18,
    0x0b, 0x03, 0xf0, 0x07, 0x92, 0xc0, 0xc0, 0x82,
    0x50, 0x04, 0x02, 0x67, 0x74, 0xe8, 0x60, 0x01,
    0x7c, 0x1c, 0x0c, 0x68, 0x68, 0xe1, 0x00, 0x0a,
    0xa3, 0x80, 0x37, 0x00, 0x1e, 0xb8, 0x06, 0xac,
    0x30,

    /* U+524D "前" */
    0x00, 0x99, 0x40, 0x34, 0x39, 0x00, 0x79, 0x2b,
    0x00, 0x04, 0xf6, 0x60, 0x1e, 0x24, 0x30, 0x02,
    0xb6, 0x0e, 0x28, 0x23, 0x35, 0x8e, 0xcc, 0xff,
    0x34, 0x37, 0x8a, 0x2b, 0xb3, 0xea, 0x34, 0x33,
    0x37, 0x50, 0x21, 0x7c, 0xee, 0xac, 0x1a, 0xf2,
    0xc8, 0x30, 0x0c, 0xce, 0x2a, 0x20, 0x24, 0x01,
    0xf3, 0x30, 0x40, 0x3f, 0xf8, 0x0c, 0xc1, 0x00,
    0xff, 0xe7, 0xb3, 0x04, 0x03, 0xff, 0x80, 0xcc,
    0x10, 0x06, 0x40, 0x07, 0xe3, 0x71, 0x10, 0x32,
    0xc2, 0x00, 0x80, 0x46, 0x44, 0x1e, 0x00, 0x1e,
    0x9c, 0x00, 0x51, 0x80, 0xbc, 0x80, 0x12, 0xf3,
    0x80, 0x00,

    /* U+529F "功" */
    0x00, 0xfc, 0xf2, 0x60, 0x1f, 0xca, 0x41, 0xac,
    0x40, 0x1c, 0xcc, 0x77, 0x5f, 0x88, 0x07, 0xe6,
    0x78, 0xde, 0xd1, 0x00, 0x08, 0x23, 0x00, 0x7c,
    0xcc, 0x70, 0x66, 0x4c, 0x90, 0x03, 0xcc, 0xc1,
    0x13, 0x30, 0x41, 0x00, 0x3f, 0x11, 0x00, 0x21,
    0x00, 0xfc, 0x42, 0xa0, 0x01, 0x30, 0x0e, 0x6a,
    0x74, 0x0d, 0x00, 0x10, 0x81, 0x46, 0x83, 0xc3,
    0xe9, 0x20, 0x04, 0xc0, 0x6e, 0x35, 0x64, 0x88,
    0x80, 0x01, 0x81, 0x80, 0xe6, 0xa8, 0x02, 0xa1,
    0x40, 0x16, 0x18, 0x00, 0x30, 0x0a, 0xe1, 0xc5,
    0xb9, 0xc1, 0x00, 0x31, 0x3c, 0xb0, 0x0b, 0x21,
    0x58, 0x80, 0x62, 0x72, 0x00, 0xd5, 0xa8, 0x00,

    /* U+52A8 "动" */
    0x00, 0xfc, 0x54, 0xe0, 0x1f, 0x87, 0x0c, 0x05,
    0x7c, 0x03, 0x99, 0xb2, 0x20, 0x03, 0xf9, 0x9a,
    0x78, 0x70, 0x0e, 0x59, 0x00, 0xf0, 0xcb, 0xd0,
    0x1b, 0x4b, 0x21, 0xb3, 0xb9, 0xa1, 0x7f, 0x43,
    0x59, 0x80, 0x86, 0xc3, 0x19, 0x39, 0x02, 0x06,
    0x02, 0x01, 0xb4, 0x38, 0x02, 0x20, 0x60, 0x00,
    0x80, 0x05, 0x21, 0x34, 0x43, 0x44, 0xc1, 0xc0,
    0x28, 0x77, 0x00, 0xd0, 0x3a, 0x00, 0x08, 0x80,
    0xae, 0x57, 0xa2, 0x8a, 0x52, 0x00, 0x17, 0x04,
    0x17, 0xcc, 0x42, 0xcc, 0x18, 0x20, 0x18, 0x0e,
    0x6b, 0x8a, 0x93, 0x39, 0x4d, 0x86, 0x00, 0x0c,
    0x02, 0x6e, 0xa0, 0x2b, 0x18, 0x40, 0x0f, 0x33,
    0x00, 0x22, 0xe7, 0x00, 0x00,

    /* U+5316 "化" */
    0x00, 0x91, 0x44, 0x10, 0xc0, 0x3f, 0xbe, 0xac,
    0x2f, 0x80, 0x3f, 0x0a, 0x05, 0x80, 0x04, 0x03,
    0xf3, 0x83, 0x88, 0x07, 0x4d, 0x88, 0x05, 0xa1,
    0x40, 0x1c, 0x8c, 0xaa, 0x00, 0x1a, 0x00, 0x78,
    0xac, 0x75, 0x00, 0x10, 0x20, 0x60, 0x10, 0xe0,
    0xe9, 0x80, 0x17, 0x50, 0x03, 0x89, 0x7c, 0xc0,
    0x24, 0x60, 0x0c, 0x60, 0x56, 0x20, 0x18, 0x40,
    0x33, 0xd0, 0x08, 0x07, 0xf9, 0x5a, 0x40, 0x3c,
    0xc0, 0x1c, 0xa2, 0x01, 0xf6, 0x80, 0x7e, 0x13,
    0xbb, 0xb5, 0x10, 0x01, 0xf4, 0x82, 0x24, 0x66,
    0x60,

    /* U+5355 "单" */
    0x00, 0x89, 0x00, 0x34, 0xb0, 0x07, 0xc5, 0x38,
    0x20, 0x4d, 0xa2, 0x01, 0xf4, 0x1b, 0x05, 0xb5,
    0x88, 0x07, 0x55, 0x0c, 0x7d, 0x97, 0xef, 0x4c,
    0x03, 0x95, 0xf8, 0xa7, 0x98, 0x48, 0x03, 0xff,
    0x86, 0x40, 0x1e, 0x66, 0x38, 0x53, 0x38, 0x07,
    0xe6, 0x63, 0x85, 0x33, 0x80, 0x7e, 0x66, 0x38,
    0x53, 0x38, 0x07, 0x8d, 0x5d, 0x9c, 0x29, 0xaa,
    0x00, 0x3a, 0x68, 0x03, 0xcf, 0xfe, 0x40, 0x36,
    0x6e, 0x70, 0xa6, 0x67, 0x41, 0x01, 0xb3, 0x73,
    0x85, 0x33, 0x70, 0x07, 0xe2, 0x30, 0x0f, 0x00,

    /* U+53D6 "取" */
    0x00, 0xf9, 0x40, 0x3e, 0x26, 0x6e, 0x9a, 0xb0,
    0x0f, 0x13, 0xcf, 0xb7, 0xb7, 0x58, 0x05, 0x04,
    0x01, 0xf9, 0xe5, 0x99, 0x0f, 0xe0, 0x19, 0x59,
    0x41, 0xfd, 0x99, 0xa0, 0xa0, 0x19, 0x59, 0x40,
    0x21, 0x0d, 0x0c, 0x00, 0xfe, 0x57, 0x04, 0x04,
    0x00, 0xca, 0xca, 0x00, 0x3a, 0x13, 0x50, 0x0e,
    0x56, 0x50, 0x09, 0x68, 0x24, 0x03, 0xc2, 0x41,
    0x27, 0x48, 0x83, 0x00, 0x1c, 0x03, 0x72, 0x84,
    0x9a, 0x83, 0x08, 0x00, 0x58, 0xe3, 0x9c, 0x00,
    0x30, 0xe5, 0xe6, 0x05, 0xb8, 0xe2, 0x01, 0x55,
    0x22, 0x47, 0x10, 0x08, 0x03, 0x1b, 0x52, 0x03,
    0x55, 0x10,

    /* U+53F0 "台" */
    0x00, 0xe9, 0x50, 0x0f, 0xfe, 0x03, 0xb5, 0x98,
    0x07, 0xf9, 0x20, 0xb0, 0xd0, 0x40, 0x3e, 0x3b,
    0x5d, 0x20, 0x6f, 0x91, 0x00, 0xcd, 0xd7, 0x40,
    0x11, 0x6b, 0x78, 0x80, 0x1e, 0x42, 0x77, 0xb9,
    0xb7, 0x66, 0x1b, 0x00, 0x20, 0xb2, 0x5d, 0x7e,
    0xdc, 0x49, 0x08, 0x00, 0xff, 0x65, 0x90, 0x40,
    0x08, 0xdb, 0x60, 0x1a, 0x75, 0x9b, 0xa6, 0x4e,
    0x01, 0xe1, 0x66, 0xf0, 0x28, 0x07, 0xff, 0x60,
    0x99, 0xbc, 0x01, 0xf9, 0xd9, 0xbc, 0x46, 0x01,
    0x00,

    /* U+53F7 "号" */
    0x00, 0x94, 0x03, 0xc8, 0x60, 0x1e, 0xbe, 0x66,
    0xea, 0xc3, 0x00, 0xf1, 0xb3, 0x71, 0x01, 0x80,
    0x7f, 0xf2, 0x4d, 0x9b, 0x84, 0x03, 0xf2, 0x33,
    0x72, 0xb9, 0x98, 0x09, 0x99, 0x38, 0xcd, 0xdd,
    0xfb, 0x86, 0x4c, 0xc5, 0x9a, 0x66, 0xe7, 0xef,
    0x30, 0x0a, 0x82, 0x80, 0x39, 0xc0, 0x38, 0x50,
    0x05, 0x9b, 0x4c, 0x58, 0x06, 0x1c, 0xe7, 0x66,
    0xdc, 0x1c, 0x01, 0xe1, 0x00, 0xea, 0x04, 0x00,
    0xfc, 0x2d, 0x9c, 0x48, 0x20, 0x1f, 0x85, 0xa8,
    0x16, 0x80, 0x20,

    /* U+5408 "合" */
    0x00, 0xf4, 0xc2, 0x00, 0x7f, 0xc8, 0xcb, 0x80,
    0x1f, 0xf4, 0x87, 0xf4, 0x80, 0x7f, 0x51, 0x59,
    0x31, 0x73, 0x08, 0x07, 0x4b, 0xea, 0x00, 0x29,
    0x67, 0xa8, 0xc0, 0x12, 0x1a, 0x40, 0x04, 0xf8,
    0x90, 0x62, 0x23, 0xd4, 0xb3, 0x63, 0x95, 0x6d,
    0xe1, 0x27, 0x30, 0x66, 0xce, 0xf0, 0x11, 0x00,
    0x37, 0x4b, 0x37, 0x66, 0x98, 0x07, 0x0a, 0xb3,
    0x70, 0x90, 0x07, 0xff, 0x0c, 0x80, 0x3f, 0xf9,
    0x24, 0xcd, 0xc4, 0x01, 0xf9, 0xd9, 0xb8, 0x88,
    0x20, 0x00,

    /* U+542F "启" */
    0x00, 0xff, 0xe4, 0x16, 0xc0, 0x07, 0xc8, 0x20,
    0x02, 0x47, 0x20, 0x43, 0x00, 0xbb, 0x8e, 0xcc,
    0x15, 0x53, 0x56, 0x18, 0x06, 0x66, 0xa2, 0x9d,
    0x88, 0x0c, 0x03, 0xff, 0x88, 0x20, 0xcd, 0xf0,
    0x80, 0x67, 0x07, 0x66, 0xf2, 0xc0, 0x04, 0x20,
    0x86, 0x01, 0xda, 0x40, 0x11, 0x9d, 0x94, 0xcd,
    0xae, 0x90, 0x00, 0x2a, 0x00, 0xc6, 0x6c, 0x40,
    0xa0, 0x61, 0x40, 0x1f, 0xf2, 0x20, 0xc0, 0x3f,
    0xeb, 0x90, 0x0b, 0x19, 0xb1, 0x00, 0x13, 0x88,
    0x00, 0x3c, 0xcd, 0x88, 0xc5, 0x08, 0x00, 0xfc,
    0x80, 0x1b, 0x30, 0x00,

    /* U+544A "告" */
    0x00, 0x95, 0x42, 0x17, 0x22, 0x01, 0xfa, 0x28,
    0x85, 0x14, 0x40, 0x02, 0x01, 0x84, 0x98, 0xc0,
    0x3a, 0x70, 0x80, 0x27, 0x1f, 0x66, 0x00, 0xb3,
    0x3e, 0xd8, 0x02, 0xaa, 0x33, 0x40, 0x2c, 0xd9,
    0x00, 0x05, 0x08, 0x01, 0xf9, 0x30, 0x44, 0x84,
    0xcd, 0x91, 0x9b, 0x73, 0xc8, 0xb3, 0x73, 0xdd,
    0x33, 0x1e, 0xae, 0x00, 0x03, 0xd0, 0xcd, 0xcf,
    0xd4, 0x01, 0xc2, 0x4c, 0xde, 0x06, 0x00, 0xff,
    0xe1, 0x38, 0x07, 0xff, 0x25, 0x9b, 0xe0, 0x0f,
    0xd6, 0xcd, 0xe0, 0x30, 0x00,

    /* U+54C1 "品" */
    0x00, 0x10, 0x07, 0x94, 0x03, 0xc9, 0xf0, 0xcd,
    0x55, 0x24, 0x03, 0xed, 0x66, 0xb0, 0x3c, 0x03,
    0xff, 0xaf, 0x8c, 0xd6, 0x00, 0x7e, 0x1a, 0x66,
    0xbc, 0xd4, 0x02, 0x63, 0x6e, 0xa4, 0x08, 0x7c,
    0x39, 0x50, 0xdc, 0x66, 0xa8, 0x5b, 0xd9, 0xab,
    0x10, 0x16, 0x60, 0x90, 0x80, 0xb3, 0x04, 0x84,
    0x03, 0xff, 0xa2, 0x2c, 0xc1, 0x00, 0x85, 0x98,
    0x20, 0x12, 0x33, 0x05, 0x40, 0x08, 0xcc, 0x15,
    0x0b, 0xb0, 0x03, 0xa4, 0x3a, 0x40, 0x1d, 0x20,

    /* U+56CA "囊" */
    0x00, 0xf2, 0xd3, 0x80, 0x42, 0xa0, 0x4c, 0xee,
    0x66, 0x7a, 0xe3, 0x32, 0x2e, 0x50, 0x99, 0x63,
    0x80, 0x3b, 0x9f, 0xf1, 0x00, 0x02, 0x04, 0x01,
    0xc2, 0x02, 0x20, 0x01, 0xc9, 0xe1, 0x80, 0x47,
    0xca, 0x7c, 0x88, 0xc1, 0x61, 0xc6, 0xd7, 0x20,
    0x7d, 0x11, 0x33, 0xea, 0xa7, 0x19, 0x1f, 0xa0,
    0x17, 0x29, 0x41, 0x32, 0x54, 0x02, 0xaa, 0xec,
    0x24, 0x00, 0x32, 0xfc, 0x2f, 0x6d, 0x24, 0xf4,
    0x50, 0x01, 0x80, 0x7f, 0x0b, 0x80, 0x09, 0x80,
    0x04, 0x0b, 0xba, 0x54, 0x10, 0xd4, 0x27, 0x2f,
    0x61, 0x9b, 0xd0, 0xf7, 0x1b, 0x42, 0x56, 0xd0,
    0x06, 0xca, 0xe4, 0x18, 0x4a, 0x12, 0x10, 0x82,
    0xec, 0x93, 0x75, 0x33, 0xb0, 0x04, 0xbb, 0x68,
    0x01, 0x0b, 0xef, 0x10,

    /* U+5728 "在" */
    0x00, 0xe4, 0x95, 0x00, 0xff, 0xe0, 0x73, 0x60,
    0x07, 0xff, 0x01, 0x42, 0xc0, 0x21, 0xc3, 0x01,
    0x66, 0xa4, 0x09, 0x19, 0xa8, 0x08, 0x11, 0x33,
    0x4a, 0x1e, 0xc6, 0x29, 0x39, 0x62, 0x01, 0x21,
    0xc1, 0x07, 0x41, 0x80, 0x7d, 0x04, 0xe0, 0x1f,
    0xf3, 0x98, 0x80, 0x7a, 0xa8, 0x01, 0x2d, 0x83,
    0x9b, 0x34, 0x0d, 0x98, 0x20, 0x33, 0x68, 0x00,
    0xd9, 0xa0, 0x66, 0x88, 0x0d, 0x80, 0x3f, 0xf9,
    0xa2, 0x01, 0xff, 0xc2, 0xca, 0x00, 0xe2, 0x66,
    0xb6, 0x5d, 0xaf, 0x08,

    /* U+5750 "坐" */
    0x00, 0xf3, 0xc9, 0x80, 0x7f, 0x90, 0x01, 0xac,
    0x40, 0x82, 0x01, 0xe3, 0xbc, 0x00, 0xc5, 0x78,
    0x01, 0xeb, 0x09, 0x00, 0xce, 0x14, 0x01, 0xe4,
    0x04, 0x00, 0xda, 0x04, 0x01, 0xc2, 0x6d, 0xc8,
    0x01, 0x2b, 0x4e, 0x08, 0x05, 0x0d, 0x25, 0x00,
    0x04, 0x09, 0xe3, 0xa0, 0x01, 0x8c, 0x87, 0x78,
    0x03, 0xf0, 0x09, 0xf0, 0x00, 0x30, 0x00, 0x33,
    0x00, 0x20, 0x45, 0xb8, 0xe0, 0x02, 0x36, 0x6c,
    0xe0, 0xad, 0x2f, 0xc2, 0x01, 0x1b, 0x36, 0x70,
    0x66, 0x45, 0x50, 0x40, 0x3f, 0xfa, 0x27, 0xc8,
    0x00, 0x46, 0x6e, 0x26, 0x76, 0x65, 0xbe, 0x88,
    0x00,

    /* U+590D "复" */
    0x00, 0x9d, 0x40, 0x3f, 0xf8, 0x03, 0x14, 0x60,
    0x1d, 0x58, 0x20, 0x13, 0x03, 0x2b, 0x36, 0x7c,
    0xa5, 0x00, 0xa4, 0x0c, 0x40, 0x21, 0x9f, 0x64,
    0x00, 0x4b, 0x2a, 0x99, 0xb8, 0x54, 0x02, 0x3c,
    0x80, 0x03, 0x37, 0x03, 0x80, 0x46, 0xa0, 0x13,
    0x37, 0x00, 0x7f, 0xa5, 0x9b, 0x01, 0x00, 0x7a,
    0x09, 0xcd, 0x98, 0xee, 0xd0, 0x0f, 0x39, 0x21,
    0x33, 0x2d, 0xe8, 0x80, 0x31, 0x5c, 0x1a, 0x31,
    0xa0, 0xe1, 0x00, 0x6b, 0xd7, 0x88, 0x65, 0x0e,
    0x90, 0x07, 0x49, 0x9a, 0x55, 0xc8, 0x73, 0xfb,
    0x08, 0x55, 0xe6, 0xb7, 0xaf, 0x71, 0xd0, 0x20,
    0x85, 0x5e, 0x64, 0x80, 0x11, 0xc5, 0xf2, 0x00,

    /* U+5931 "失" */
    0x00, 0x88, 0x00, 0xb0, 0xa0, 0x1f, 0x87, 0x78,
    0x75, 0xc0, 0x3f, 0x94, 0x1c, 0x40, 0x30, 0xb0,
    0x07, 0x60, 0x01, 0x8c, 0x31, 0xb6, 0x68, 0x03,
    0x2b, 0xcb, 0x10, 0x53, 0x67, 0xd0, 0x04, 0x8d,
    0x00, 0x02, 0x01, 0x00, 0xf8, 0x6c, 0x02, 0x70,
    0x30, 0x00, 0xea, 0x01, 0x1b, 0x34, 0xe6, 0x12,
    0xcc, 0x97, 0xe1, 0x26, 0x6c, 0xa0, 0xde, 0xcc,
    0x8a, 0xa0, 0x80, 0x75, 0x06, 0xfa, 0x80, 0x7f,
    0x13, 0xb2, 0x4d, 0x30, 0x07, 0xc3, 0xe7, 0x20,
    0x31, 0x38, 0xa0, 0x18, 0xb2, 0xb0, 0x02, 0x76,
    0x3a, 0xe4, 0x18, 0xaf, 0x70, 0x0e, 0x99, 0x04,
    0x21, 0xc4, 0x08, 0x03, 0xe6, 0xe6, 0x00,

    /* U+5934 "头" */
    0x00, 0xf8, 0xea, 0x00, 0x3f, 0x86, 0x18, 0x41,
    0xd4, 0xc0, 0x3f, 0x86, 0xe3, 0x94, 0x00, 0x20,
    0x1f, 0xe3, 0xd0, 0xb0, 0x0f, 0xfe, 0x02, 0xa1,
    0xdc, 0x00, 0x7f, 0xf0, 0x1a, 0xbc, 0x98, 0x80,
    0xc0, 0x3f, 0x8f, 0x02, 0x47, 0x83, 0xc0, 0x3f,
    0xc5, 0x6a, 0x24, 0x04, 0x00, 0x97, 0x00, 0xcc,
    0xd1, 0x63, 0x20, 0x63, 0x3a, 0xda, 0x80, 0x4c,
    0xdc, 0xa2, 0x70, 0xcf, 0x98, 0x50, 0x0f, 0xde,
    0x15, 0x96, 0xc0, 0x1f, 0xeb, 0x2b, 0x6c, 0x39,
    0xf5, 0x00, 0xf1, 0xe8, 0xfa, 0x00, 0x22, 0x42,
    0x8c, 0x02, 0x58, 0x4c, 0xa1, 0x00, 0xcd, 0x20,
    0xa0, 0x12, 0xc3, 0x88, 0x07, 0xcd, 0xcc, 0x01,
    0xff, 0xc3, 0x10, 0x08,

    /* U+59CB "始" */
    0x00, 0x0b, 0xa0, 0x06, 0x43, 0x00, 0xfc, 0xb0,
    0x40, 0x1a, 0x71, 0xc0, 0x3e, 0x30, 0x40, 0x09,
    0x09, 0x5c, 0x03, 0xec, 0x12, 0xa2, 0x08, 0x3a,
    0x67, 0x00, 0xc6, 0xe8, 0x50, 0xb2, 0xcf, 0x80,
    0xd5, 0x80, 0x11, 0xa0, 0x56, 0x81, 0x48, 0xd5,
    0x4e, 0x6e, 0x01, 0x20, 0x39, 0x05, 0x03, 0x9f,
    0xd5, 0x04, 0x80, 0x2c, 0x21, 0xd1, 0x3b, 0xd9,
    0x50, 0x5d, 0x50, 0x09, 0x14, 0x11, 0xc3, 0x7d,
    0x9a, 0xad, 0x00, 0xd8, 0xb6, 0x34, 0x01, 0x33,
    0x42, 0xa0, 0x18, 0xf1, 0x41, 0x00, 0x3f, 0xf8,
    0x28, 0x05, 0x0c, 0x01, 0xff, 0x14, 0xe7, 0x86,
    0x00, 0x19, 0xa1, 0x00, 0xc6, 0x98, 0x44, 0xfa,
    0x02, 0x66, 0x84, 0x80, 0x23, 0x60, 0x0e, 0x9d,
    0x00, 0xba, 0x40, 0x20,

    /* U+5B58 "存" */
    0x00, 0xe5, 0x30, 0x0f, 0xfe, 0x0d, 0xe1, 0x80,
    0x61, 0x00, 0xf1, 0x0b, 0x18, 0x04, 0xfc, 0x80,
    0x06, 0x6b, 0x83, 0x99, 0xb0, 0xc9, 0x00, 0x19,
    0xa2, 0x67, 0x66, 0xde, 0x8c, 0x01, 0xa0, 0x21,
    0x9b, 0x5b, 0x70, 0x06, 0x27, 0x01, 0x66, 0x91,
    0x63, 0x00, 0x21, 0xe0, 0x0e, 0x9d, 0xa6, 0x50,
    0x0a, 0x78, 0x81, 0x19, 0x8a, 0x19, 0x54, 0x70,
    0x18, 0x20, 0x02, 0x33, 0x14, 0x2a, 0xfd, 0xc0,
    0x40, 0x3f, 0xf9, 0x46, 0x01, 0xff, 0xc0, 0x4c,
    0x50, 0x30, 0x0f, 0x85, 0xc1, 0x24, 0xa0, 0x40,
    0x30,

    /* U+5B8C "完" */
    0x00, 0xff, 0xe4, 0xd6, 0x20, 0x07, 0xe1, 0x00,
    0xa4, 0xe4, 0x02, 0x10, 0x0d, 0x00, 0x11, 0xa4,
    0x00, 0x55, 0x20, 0x07, 0x73, 0x36, 0xd3, 0x66,
    0x3a, 0x31, 0xac, 0x13, 0x37, 0x94, 0x50, 0xf4,
    0xd9, 0x3d, 0x19, 0xba, 0x71, 0xb0, 0x80, 0xec,
    0xd1, 0x9b, 0xaa, 0xd5, 0x40, 0x13, 0x37, 0xfa,
    0x6a, 0xc0, 0x0c, 0xd0, 0xc8, 0x34, 0x5b, 0x4f,
    0xd8, 0x07, 0x70, 0x28, 0x07, 0xff, 0x01, 0xc4,
    0xc0, 0x3c, 0x60, 0x19, 0x46, 0x40, 0x3e, 0x90,
    0x08, 0xe9, 0x9c, 0x02, 0x2a, 0xa9, 0x54, 0x0d,
    0x17, 0x20, 0x13, 0x82, 0xac, 0x42, 0x4f, 0x68,
    0x01, 0xa7, 0xff, 0x6a, 0x00,

    /* U+5BB9 "容" */
    0x00, 0xff, 0xe4, 0xe5, 0x08, 0x07, 0xe3, 0x00,
    0xa9, 0x50, 0x02, 0x60, 0x08, 0xfd, 0x9a, 0x14,
    0x36, 0x64, 0x4d, 0x01, 0x6a, 0xb7, 0x1b, 0xda,
    0xa9, 0xb8, 0xe0, 0x1c, 0x29, 0x5f, 0x8c, 0x0a,
    0x3f, 0x30, 0x40, 0xbc, 0x36, 0xd1, 0x9c, 0x96,
    0x8a, 0xa0, 0x08, 0xe3, 0x67, 0xc7, 0x78, 0xe9,
    0x58, 0x02, 0x2a, 0x3b, 0x2d, 0x38, 0xca, 0xf3,
    0x00, 0x84, 0x58, 0x1e, 0x60, 0x76, 0x95, 0xf6,
    0x20, 0xb0, 0x0e, 0xcd, 0xbc, 0x10, 0x34, 0x4d,
    0x25, 0x4d, 0x9b, 0x10, 0x57, 0x30, 0x18, 0x80,
    0x7f, 0x84, 0x03, 0xe6, 0x6c, 0xa0, 0x1f, 0xc6,
    0xec, 0xd2, 0x90, 0x80, 0x40,

    /* U+5C06 "将" */
    0x00, 0xa2, 0x48, 0x06, 0x9c, 0x40, 0x3e, 0x46,
    0x20, 0x95, 0xf1, 0x06, 0x50, 0x21, 0x00, 0xe6,
    0x4e, 0x68, 0x9b, 0x23, 0xf3, 0x00, 0xa4, 0x79,
    0x98, 0x81, 0xa4, 0x2b, 0xa0, 0x04, 0xc8, 0xa2,
    0xa3, 0xa3, 0x00, 0x18, 0x04, 0x8a, 0xf5, 0x29,
    0x8a, 0x01, 0x47, 0x80, 0x65, 0x83, 0xcc, 0x48,
    0x06, 0x11, 0x01, 0xb8, 0x64, 0x18, 0x03, 0x08,
    0x13, 0x48, 0x02, 0x27, 0x66, 0x02, 0xa9, 0x1a,
    0xd8, 0xc0, 0xda, 0x85, 0x98, 0x09, 0x2c, 0xc3,
    0xa0, 0x08, 0x6e, 0x10, 0x03, 0xd8, 0x20, 0x19,
    0x98, 0xa0, 0x1f, 0xfc, 0x1a, 0x9a, 0x00, 0xfc,
    0x80, 0x11, 0xc2, 0x9d, 0x00, 0x76, 0x58, 0x07,
    0x76, 0x10, 0x00,

    /* U+5C31 "就" */
    0x00, 0xfe, 0x10, 0x0f, 0xd7, 0x82, 0x01, 0x76,
    0x98, 0x07, 0xa0, 0xd0, 0x03, 0x3b, 0x68, 0x80,
    0x63, 0xd5, 0x8c, 0x10, 0x02, 0x94, 0x81, 0xbb,
    0x31, 0x1b, 0xe8, 0x80, 0x27, 0xd0, 0x3e, 0xd0,
    0x00, 0xc7, 0x20, 0x33, 0x12, 0x90, 0x00, 0xac,
    0xd0, 0x01, 0x80, 0xe7, 0x7d, 0x00, 0x3f, 0x18,
    0x07, 0xe1, 0x9c, 0x80, 0x00, 0x80, 0x7d, 0x97,
    0xe7, 0xf5, 0x0c, 0x06, 0x01, 0xc5, 0x5a, 0x1d,
    0xe1, 0xa0, 0xa0, 0x1d, 0x69, 0x81, 0xcb, 0x28,
    0xc2, 0x00, 0x12, 0x20, 0xd8, 0x81, 0xb0, 0x9d,
    0x80, 0x4e, 0x2d, 0x8f, 0xa0, 0x09, 0x29, 0x20,
    0x06, 0xc5, 0xa0, 0xb2, 0x0a, 0x2e, 0x30, 0x59,
    0x09, 0x68, 0x05, 0x9c, 0x28, 0xc0, 0x03, 0xdd,
    0x62, 0x80,

    /* U+5C4F "屏" */
    0x00, 0x20, 0x07, 0xe1, 0x40, 0x0d, 0x1e, 0xec,
    0xde, 0xdb, 0x60, 0x0e, 0x76, 0x6f, 0x20, 0x20,
    0x07, 0x3b, 0x37, 0x8c, 0x03, 0xe7, 0x5f, 0x56,
    0x7c, 0x19, 0x20, 0x0f, 0x1a, 0xe0, 0xaa, 0x72,
    0x80, 0x61, 0x04, 0x66, 0x13, 0x7b, 0x76, 0x28,
    0x04, 0x42, 0x8c, 0x26, 0xe4, 0xf7, 0xea, 0x01,
    0x94, 0x03, 0xf1, 0x88, 0x00, 0x40, 0x99, 0xa1,
    0x65, 0x06, 0xef, 0x10, 0x50, 0xb6, 0x61, 0x2b,
    0x28, 0x36, 0xf0, 0x86, 0x29, 0x03, 0x04, 0x00,
    0x7e, 0x58, 0x03, 0xbb, 0x10, 0x07, 0xcb, 0xc4,
    0x88, 0xc4, 0x00, 0x88, 0x03, 0x29, 0x82, 0x38,
    0x80, 0x53, 0xa2, 0x01, 0x00,

    /* U+5DF2 "已" */
    0x00, 0xff, 0x10, 0x04, 0x8c, 0xdf, 0xaf, 0x54,
    0x00, 0x8c, 0xdf, 0x84, 0x04, 0x02, 0x32, 0x00,
    0xfc, 0xc0, 0x16, 0xe0, 0x80, 0x7f, 0xf0, 0x0c,
    0x40, 0x3f, 0xf8, 0x06, 0xcd, 0xf0, 0x07, 0x8d,
    0x9b, 0xd6, 0xe4, 0x01, 0xff, 0x3c, 0x00, 0x7f,
    0xf0, 0xd0, 0x03, 0xff, 0x80, 0xc0, 0x11, 0x90,
    0x80, 0x78, 0x6c, 0xc0, 0x08, 0x1d, 0xff, 0xee,
    0x28, 0x40, 0x99, 0x2a, 0x27, 0xcd, 0x48,

    /* U+5E03 "布" */
    0x00, 0xe8, 0x61, 0x00, 0xff, 0xe0, 0x3c, 0x90,
    0x06, 0x10, 0x0f, 0x28, 0x21, 0x80, 0x47, 0xd0,
    0x06, 0xcd, 0x40, 0x63, 0x36, 0x59, 0xe1, 0x36,
    0x62, 0x93, 0x3d, 0x5b, 0xb3, 0x61, 0x00, 0xa0,
    0x64, 0x00, 0x62, 0x08, 0x01, 0xc6, 0x80, 0xec,
    0x42, 0xcf, 0x7a, 0x20, 0x02, 0xe2, 0x16, 0x61,
    0x0b, 0x38, 0x8c, 0x03, 0x78, 0xe0, 0x1f, 0xf1,
    0x48, 0x80, 0x7f, 0xf0, 0x0c, 0x03, 0xff, 0x96,
    0x76, 0x20, 0x1f, 0x84, 0x02, 0x3c, 0x09, 0x00,
    0xe8, 0xe0, 0x09, 0x41, 0xfd, 0x40, 0x00,

    /* U+5E08 "师" */
    0x00, 0x2d, 0x20, 0x07, 0x8c, 0xc0, 0x11, 0x28,
    0x33, 0x7b, 0x70, 0xf2, 0x40, 0x0c, 0xda, 0x35,
    0xbb, 0xcc, 0x84, 0x02, 0x10, 0x0e, 0x30, 0x0f,
    0xaf, 0x58, 0x59, 0x99, 0x80, 0x0f, 0x8d, 0x85,
    0x98, 0x2c, 0x01, 0xff, 0xc5, 0xf0, 0x30, 0x0f,
    0xf8, 0x40, 0x40, 0x3f, 0xe2, 0x30, 0x0f, 0xf2,
    0xea, 0xd8, 0x07, 0x98, 0x4c, 0x2c, 0x41, 0xc0,
    0x3c, 0x81, 0x80, 0x0f, 0xa0, 0x04, 0x78, 0x04,
    0x5e, 0xa0, 0xb2, 0x80, 0x02, 0x10, 0x01, 0x80,
    0x60,

    /* U+5E38 "常" */
    0x00, 0x98, 0x41, 0xe9, 0x01, 0x88, 0x03, 0xdf,
    0xe2, 0xd5, 0x63, 0x9f, 0x20, 0x0c, 0x9a, 0x20,
    0x1a, 0x97, 0x19, 0x80, 0x03, 0x92, 0x94, 0x26,
    0x51, 0xc7, 0xa9, 0x53, 0xc7, 0x02, 0x68, 0x97,
    0x8c, 0x50, 0x95, 0x14, 0x9c, 0xb7, 0x66, 0x9d,
    0x7b, 0xd8, 0x0a, 0xcc, 0x00, 0xcd, 0xc0, 0xe2,
    0x01, 0xf3, 0x56, 0x3b, 0x01, 0x80, 0x72, 0x66,
    0x1c, 0x0d, 0x9f, 0xbc, 0xc0, 0x37, 0x4a, 0x33,
    0x01, 0x9a, 0x9c, 0x20, 0x0e, 0x76, 0x60, 0x33,
    0x1c, 0x8a, 0x00, 0xff, 0x08, 0x8c, 0x03, 0xff,
    0x83, 0x42, 0xc0, 0x1b, 0x5c, 0x02, 0x31, 0x14,
    0x34, 0x80, 0x00,

    /* U+5E93 "库" */
    0x00, 0xff, 0xe5, 0x55, 0x90, 0x07, 0xca, 0x01,
    0xa1, 0x28, 0x00, 0x78, 0x20, 0x0a, 0xd6, 0x64,
    0x5b, 0x7b, 0x32, 0xd5, 0xc0, 0x27, 0x66, 0x7b,
    0x0b, 0xb3, 0x3a, 0x58, 0x02, 0x16, 0x65, 0x07,
    0xb3, 0x2e, 0x6c, 0x03, 0x0b, 0x11, 0x18, 0x79,
    0x6f, 0xec, 0x00, 0x20, 0x17, 0x05, 0xe3, 0x90,
    0x07, 0xe2, 0x53, 0x20, 0x0a, 0x2c, 0x40, 0x06,
    0x04, 0xc4, 0x8c, 0xe0, 0xdd, 0xa4, 0x00, 0x10,
    0xd4, 0xd8, 0x67, 0x06, 0x60, 0xb0, 0x01, 0x80,
    0x59, 0xb3, 0x83, 0x3d, 0xc9, 0x86, 0xaa, 0x33,
    0x67, 0x06, 0x7c, 0xc1, 0x82, 0x40, 0x07, 0xff,
    0x00, 0xfc, 0x80, 0x3c, 0x42, 0x01, 0x80,

    /* U+5EFA "建" */
    0x00, 0xfd, 0x30, 0x20, 0x18, 0x46, 0x84, 0x00,
    0x9c, 0xc6, 0x0c, 0x00, 0x6a, 0x8f, 0x26, 0xcc,
    0x16, 0x63, 0xf0, 0x81, 0x21, 0x84, 0x1b, 0x30,
    0x59, 0x82, 0xda, 0x60, 0x0b, 0x27, 0x66, 0x85,
    0x98, 0x2d, 0x4e, 0x0a, 0x56, 0x2c, 0xd0, 0xb3,
    0x05, 0xd9, 0x03, 0xc7, 0xb2, 0x59, 0x82, 0xcc,
    0x30, 0x0d, 0x1d, 0xc0, 0xf0, 0x0e, 0x15, 0x30,
    0x03, 0x86, 0x03, 0x34, 0x2c, 0xcc, 0xa3, 0x00,
    0x0b, 0x39, 0xb3, 0x42, 0xcc, 0x8a, 0xc0, 0x02,
    0x69, 0x43, 0x34, 0x2c, 0xc8, 0xfc, 0x00, 0x8c,
    0x38, 0xc0, 0x21, 0x00, 0xf1, 0x2d, 0x3e, 0x7e,
    0x90, 0x54, 0xcc, 0x63, 0x1e, 0xbb, 0x4c, 0x24,
    0xaa, 0x66, 0x19, 0xd4, 0x40, 0x05, 0x9c, 0xef,
    0xfd, 0x40,

    /* U+5F00 "开" */
    0x00, 0xff, 0xe0, 0x28, 0x04, 0xac, 0xdf, 0xd3,
    0x54, 0x00, 0x2b, 0x33, 0x25, 0x59, 0xe6, 0xa7,
    0xe8, 0x03, 0xff, 0xbe, 0x4c, 0x04, 0xcd, 0x82,
    0xd9, 0x80, 0x4d, 0xd2, 0xa4, 0xcd, 0x38, 0x4b,
    0x30, 0x09, 0xb3, 0xd4, 0x03, 0x30, 0x08, 0x07,
    0xfc, 0x24, 0x60, 0x1f, 0xfc, 0x07, 0x09, 0x00,
    0xff, 0x86, 0x11, 0x40, 0x3f, 0xea, 0x4b, 0x00,
    0xff, 0x14, 0x7d, 0x00, 0x79, 0x40, 0x31, 0x42,
    0x00, 0x70, 0xfc, 0x80, 0x60,

    /* U+5F02 "异" */
    0x00, 0x21, 0x00, 0x79, 0x88, 0x03, 0xb7, 0x4e,
    0xcd, 0xd3, 0xa4, 0x01, 0xe6, 0x6f, 0x09, 0x10,
    0x03, 0xcc, 0xde, 0x10, 0x10, 0x0f, 0x33, 0x79,
    0xe1, 0x80, 0x3c, 0x60, 0x1d, 0x0f, 0x26, 0x01,
    0x70, 0x6f, 0xff, 0xb4, 0x7c, 0x02, 0x7a, 0x55,
    0x3c, 0x3a, 0xb4, 0x56, 0x80, 0x65, 0x74, 0x87,
    0x85, 0x47, 0x63, 0x02, 0x66, 0x8c, 0x19, 0xa0,
    0x03, 0x6e, 0x8c, 0x99, 0xa1, 0x56, 0x68, 0x19,
    0x9d, 0xe6, 0x01, 0x28, 0x78, 0x07, 0xfc, 0x71,
    0x28, 0x01, 0xfc, 0x2d, 0x7e, 0xc0, 0x1c, 0x40,
    0x18, 0x5a, 0x08, 0x03, 0xbe, 0x40, 0x30,

    /* U+5F53 "当" */
    0x00, 0xe6, 0x94, 0x00, 0xf2, 0x88, 0x03, 0xd9,
    0x80, 0x6e, 0x20, 0x01, 0xe6, 0x00, 0xe9, 0x88,
    0x00, 0x11, 0x12, 0x60, 0x19, 0x16, 0x40, 0x2e,
    0x05, 0x00, 0x95, 0x54, 0x01, 0x96, 0xd8, 0x02,
    0x1b, 0xa4, 0x04, 0x66, 0x13, 0x7c, 0xa1, 0x3a,
    0xd0, 0xa3, 0x37, 0xe7, 0x02, 0x10, 0x0f, 0xfe,
    0x13, 0x37, 0xe7, 0x00, 0xcc, 0xdf, 0x9c, 0x03,
    0xff, 0x88, 0xcd, 0xfc, 0xe0, 0x13, 0x37, 0xf3,
    0x82, 0x00,

    /* U+5F55 "录" */
    0x00, 0xfe, 0x34, 0x00, 0xf2, 0xb3, 0x7b, 0xed,
    0x40, 0x39, 0x59, 0xbc, 0xe0, 0xe0, 0x1c, 0x6c,
    0xdf, 0x01, 0x80, 0x71, 0xb3, 0x78, 0x40, 0x0e,
    0x00, 0x46, 0x6f, 0xc4, 0x15, 0x16, 0x08, 0xca,
    0x8c, 0xcc, 0x92, 0xef, 0xdf, 0xb0, 0x08, 0xb2,
    0xc0, 0x23, 0x07, 0x9a, 0x00, 0xc3, 0x28, 0x80,
    0x00, 0xbd, 0x54, 0x01, 0xce, 0xbe, 0xe0, 0x95,
    0x0a, 0x01, 0x85, 0xf5, 0xe5, 0xc0, 0xe6, 0xa8,
    0x40, 0x04, 0xe8, 0x7d, 0x20, 0x09, 0x21, 0x76,
    0x81, 0x16, 0xa8, 0x94, 0xa0, 0x13, 0xc8, 0xd8,
    0x02, 0x94, 0x13, 0x01, 0x84, 0x00, 0xdc, 0x20,
    0x1e, 0x6e, 0x90, 0x0f, 0x80,

    /* U+5F85 "待" */
    0x00, 0x98, 0x40, 0x27, 0x92, 0x00, 0xf1, 0xcf,
    0x90, 0x03, 0x58, 0x80, 0x3d, 0xc5, 0x84, 0x01,
    0xcb, 0xc4, 0x00, 0xb4, 0x80, 0x36, 0x63, 0x83,
    0x9c, 0x38, 0x1c, 0xca, 0xf4, 0x19, 0x8e, 0x0e,
    0xc8, 0x20, 0x64, 0xe2, 0xea, 0xcc, 0x70, 0x76,
    0xeb, 0x50, 0x28, 0x0a, 0x66, 0xb7, 0xfb, 0xf7,
    0xd4, 0x24, 0x80, 0xc0, 0x39, 0x1e, 0x2c, 0x16,
    0x10, 0x00, 0xce, 0xcd, 0x18, 0xfe, 0x9a, 0x98,
    0x04, 0xd7, 0xcc, 0xc3, 0x16, 0x61, 0x80, 0x7a,
    0x1e, 0x00, 0x3f, 0xf8, 0x08, 0x8d, 0x00, 0xff,
    0xe0, 0xc9, 0xd1, 0x00, 0x7c, 0x62, 0x00, 0x26,
    0x11, 0x58, 0x07, 0x4e, 0x00, 0x75, 0xf2, 0x80,
    0x40,

    /* U+5FD7 "志" */
    0x00, 0xf2, 0x4b, 0x00, 0x7f, 0xf0, 0x4d, 0x8c,
    0x03, 0xff, 0x8f, 0x8a, 0x00, 0x16, 0x6e, 0xd0,
    0xf6, 0x63, 0xae, 0x08, 0x0b, 0x37, 0x68, 0x7b,
    0x31, 0xe6, 0x42, 0x01, 0xff, 0xc0, 0x72, 0x00,
    0xc2, 0xcd, 0xb4, 0x71, 0xa2, 0x7c, 0x40, 0x21,
    0x66, 0xd5, 0x92, 0xd1, 0xda, 0x20, 0x18, 0x43,
    0xb4, 0x22, 0x80, 0x0a, 0x40, 0x1d, 0x00, 0x1a,
    0x55, 0xc1, 0xf5, 0xc0, 0x22, 0x61, 0x00, 0x8c,
    0x46, 0x05, 0x84, 0x01, 0xc1, 0x10, 0x06, 0xe6,
    0x60, 0xf0, 0x10, 0x19, 0x50, 0x00, 0xa6, 0x6a,
    0x9a, 0x4d, 0x60, 0x2c, 0x40, 0x61, 0x66, 0x90,
    0xf8, 0x08, 0x00,

    /* U+5FFD "忽" */
    0x00, 0x8a, 0x9c, 0x40, 0x3f, 0xf8, 0x16, 0xbe,
    0x20, 0x1c, 0xc0, 0x1e, 0x62, 0x0b, 0x99, 0x5c,
    0xdc, 0xc0, 0x06, 0x72, 0xc1, 0x4a, 0x54, 0xa3,
    0x0c, 0x00, 0x8f, 0x30, 0x4d, 0x00, 0x68, 0x64,
    0x0c, 0x01, 0x3d, 0x87, 0x43, 0xf1, 0xd8, 0x30,
    0x10, 0x04, 0x85, 0xb2, 0xd8, 0xda, 0x02, 0x64,
    0x01, 0xcf, 0x8f, 0x53, 0x65, 0x38, 0x0a, 0x01,
    0xca, 0x88, 0x90, 0x83, 0xc2, 0x49, 0x00, 0xe4,
    0x44, 0xfa, 0xab, 0x17, 0xfc, 0x01, 0xe9, 0x00,
    0xc8, 0x62, 0x41, 0xca, 0x01, 0x51, 0x00, 0x68,
    0xb1, 0xa5, 0x3a, 0x20, 0x25, 0x40, 0x01, 0x4c,
    0x6d, 0x3c, 0xd8, 0x08, 0x17, 0x58, 0x30, 0xb3,
    0x48, 0x5e, 0xf6, 0x60, 0x01, 0x00, 0x47, 0x7f,
    0xdd, 0xae, 0x08, 0x00,

    /* U+6001 "态" */
    0x00, 0xf2, 0xba, 0x00, 0x7f, 0xf0, 0x7a, 0x00,
    0x3f, 0xf8, 0x4c, 0x0a, 0x01, 0x5d, 0x00, 0x4c,
    0xda, 0x08, 0xed, 0x9a, 0xdc, 0x20, 0x03, 0x36,
    0x10, 0xfe, 0x16, 0x6c, 0x40, 0x1c, 0x6c, 0x42,
    0x99, 0x42, 0x01, 0xf1, 0x6b, 0x46, 0xcd, 0x27,
    0x52, 0x00, 0x65, 0xeb, 0x95, 0x67, 0x1f, 0x35,
    0xa3, 0x02, 0x61, 0xc5, 0x01, 0xec, 0x01, 0xc9,
    0xa3, 0x02, 0x61, 0x0d, 0xe0, 0xdc, 0x10, 0x70,
    0x40, 0x0d, 0x02, 0x00, 0x1e, 0x15, 0x05, 0x8c,
    0x00, 0xac, 0x84, 0x02, 0x4c, 0x46, 0x06, 0x35,
    0x04, 0x43, 0x80, 0x06, 0x1e, 0xe2, 0x15, 0x43,
    0x70, 0x4e, 0x80, 0xa0, 0x78, 0x77, 0x00, 0x0b,
    0x08, 0x00,

    /* U+606F "息" */
    0x00, 0xf3, 0x53, 0x80, 0x7f, 0xa0, 0x83, 0x1d,
    0x41, 0xd8, 0x03, 0xe7, 0xf6, 0xcb, 0x46, 0x99,
    0x18, 0x07, 0xcc, 0xde, 0x30, 0x30, 0x0f, 0x99,
    0xbc, 0x60, 0x1f, 0xcc, 0xde, 0x30, 0x0f, 0xe6,
    0x6f, 0x18, 0x07, 0xf3, 0x37, 0x8c, 0x03, 0xf9,
    0x9b, 0xc6, 0x20, 0x1f, 0x48, 0xf9, 0x62, 0x36,
    0xd0, 0x07, 0xa1, 0x89, 0x51, 0xbc, 0x08, 0xf5,
    0x00, 0x24, 0x70, 0x0d, 0x48, 0x0c, 0xc1, 0xb2,
    0x02, 0xb3, 0x00, 0x14, 0x70, 0xcc, 0x35, 0x03,
    0x01, 0x4e, 0x83, 0x03, 0xbe, 0x21, 0x6d, 0x40,
    0x03, 0x08, 0x47, 0x7f, 0xdd, 0xac, 0x04, 0x00,

    /* U+60C5 "情" */
    0x00, 0x34, 0x98, 0x04, 0x72, 0x80, 0x1e, 0xf6,
    0x30, 0x09, 0x98, 0x00, 0xc6, 0x00, 0xe3, 0x33,
    0x33, 0x03, 0x5d, 0xc2, 0x00, 0x60, 0x04, 0x28,
    0x07, 0x72, 0x00, 0x5a, 0x00, 0xcd, 0x66, 0x60,
    0x6c, 0xe2, 0x82, 0x28, 0x01, 0xb1, 0x99, 0x83,
    0xad, 0xd8, 0x59, 0x20, 0x01, 0x71, 0x59, 0xe9,
    0x05, 0xe2, 0x87, 0x00, 0xd9, 0x86, 0x6a, 0x9d,
    0x00, 0x3f, 0xf8, 0x4a, 0x01, 0xfc, 0xcd, 0x80,
    0x3f, 0xe6, 0x6c, 0x01, 0xff, 0x33, 0x60, 0x0f,
    0xfe, 0x00, 0xc2, 0x00, 0x80, 0x62, 0x00, 0x90,
    0x06, 0x81, 0xc0, 0x34, 0xe8, 0x02, 0xec, 0x00,
    0x2e, 0x80, 0x00,

    /* U+6210 "成" */
    0x00, 0xf8, 0x4c, 0x40, 0x3f, 0xf8, 0x0b, 0x96,
    0xd8, 0xa0, 0x1f, 0xce, 0x1a, 0xc1, 0x60, 0x10,
    0xa0, 0x07, 0xbc, 0x38, 0x18, 0x02, 0xbb, 0x33,
    0x56, 0x06, 0xca, 0x54, 0x60, 0x10, 0xb3, 0x50,
    0x02, 0xcf, 0x98, 0x30, 0x0e, 0x16, 0x01, 0x60,
    0x9a, 0x50, 0x01, 0x83, 0x32, 0xa5, 0x94, 0x81,
    0x95, 0xc0, 0x02, 0x0a, 0xd8, 0x08, 0x63, 0x00,
    0xa4, 0x00, 0x70, 0x10, 0xf0, 0x3a, 0x07, 0x08,
    0x00, 0xed, 0x02, 0x01, 0x22, 0x04, 0x10, 0x08,
    0x10, 0x02, 0x54, 0x80, 0x4c, 0x2c, 0x09, 0x43,
    0x11, 0x44, 0x50, 0x1a, 0x88, 0x3b, 0x96, 0x07,
    0x80, 0x8e, 0x4b, 0xb5, 0x59, 0x22, 0x01, 0x64,
    0xc0, 0x06, 0xd4, 0xe0, 0x0c, 0x50, 0x44, 0x80,
    0x23, 0x71, 0x00, 0x86, 0xbd, 0x80,

    /* U+6267 "执" */
    0x00, 0x35, 0x18, 0x00, 0xa5, 0xc0, 0x3e, 0xe5,
    0x20, 0x00, 0xb7, 0x00, 0x7f, 0x84, 0x02, 0x10,
    0x0f, 0x08, 0x82, 0x74, 0x03, 0x0d, 0x90, 0x00,
    0x90, 0xc3, 0xa5, 0xa8, 0x0a, 0x12, 0x40, 0x04,
    0xa4, 0x0e, 0xad, 0x81, 0xf4, 0x18, 0x01, 0xe9,
    0x62, 0x20, 0x30, 0x00, 0x40, 0x07, 0x2c, 0x1a,
    0xc9, 0x00, 0x40, 0x01, 0x00, 0x98, 0x00, 0x80,
    0xc6, 0x14, 0x21, 0xe0, 0x03, 0xb6, 0x00, 0x84,
    0xc1, 0x10, 0x02, 0x01, 0x20, 0x06, 0x40, 0xc2,
    0x31, 0x50, 0x20, 0x0f, 0x73, 0x1e, 0xaa, 0x1b,
    0x30, 0x19, 0x00, 0x51, 0xe4, 0x02, 0xe0, 0x90,
    0x03, 0x99, 0xdb, 0x80, 0x19, 0x1c, 0x0c, 0x07,
    0x30, 0x52, 0x01, 0xe8, 0xc7,

    /* U+626B "扫" */
    0x00, 0xaa, 0x00, 0x3f, 0xf8, 0x02, 0xa2, 0x01,
    0xf1, 0x98, 0x03, 0xc2, 0x4c, 0xdd, 0xd8, 0x60,
    0x18, 0xf1, 0x59, 0xb8, 0x40, 0xc5, 0x98, 0x0d,
    0x62, 0x01, 0xf8, 0x59, 0x80, 0xac, 0xc0, 0x0f,
    0xfe, 0x01, 0x3b, 0x00, 0x7e, 0x15, 0xb0, 0x64,
    0x43, 0x37, 0x10, 0x01, 0x29, 0x01, 0x0c, 0x99,
    0xb8, 0x80, 0x0a, 0xf8, 0x01, 0xff, 0xc1, 0x83,
    0x00, 0xff, 0xe8, 0x36, 0x00, 0x83, 0x37, 0x88,
    0x02, 0x61, 0x2a, 0x06, 0x6f, 0x11, 0x80, 0x59,
    0xa4, 0x01, 0xf6, 0x60, 0x00,

    /* U+6279 "批" */
    0x00, 0x6d, 0x88, 0xb6, 0x40, 0x72, 0x00, 0x38,
    0xc0, 0x40, 0x84, 0x00, 0x7e, 0x01, 0xf2, 0x00,
    0x7f, 0x91, 0x85, 0x6e, 0x00, 0x3c, 0x42, 0x08,
    0xc2, 0xbf, 0x00, 0x04, 0x00, 0x7f, 0x79, 0x00,
    0x7c, 0x97, 0x20, 0xa5, 0xa4, 0x01, 0x2c, 0xa8,
    0x27, 0xc8, 0x37, 0x98, 0x2e, 0x09, 0xc2, 0x80,
    0x76, 0x08, 0x00, 0xcc, 0x0c, 0x20, 0x1f, 0xe7,
    0xd1, 0x00, 0xff, 0xe0, 0x09, 0x00, 0x7f, 0xc4,
    0x01, 0xf8, 0x55, 0x40, 0x12, 0x81, 0xc8, 0x80,
    0x18, 0x18, 0xd0, 0x2e, 0x25, 0x0c, 0x43, 0x01,
    0x06, 0xd8, 0x18, 0x54, 0x80, 0x15, 0x6e, 0x07,
    0xe8, 0x00, 0x9d, 0xd6, 0x20,

    /* U+63CF "描" */
    0x00, 0x3d, 0x98, 0x01, 0x60, 0x52, 0x10, 0x03,
    0x72, 0x18, 0x03, 0x5c, 0x49, 0xc0, 0xc0, 0x38,
    0x91, 0x04, 0x09, 0xe1, 0xb8, 0xc6, 0xca, 0x1d,
    0x60, 0x60, 0xc2, 0x1f, 0xae, 0x6c, 0xa1, 0x9e,
    0x82, 0x05, 0xc0, 0x44, 0x10, 0x0f, 0x2e, 0x58,
    0x2d, 0x0a, 0x00, 0x74, 0x2d, 0x79, 0xec, 0x9c,
    0x59, 0x2d, 0xb0, 0x52, 0x01, 0xb9, 0x11, 0x98,
    0x24, 0x08, 0x20, 0x40, 0x1f, 0xe5, 0xd7, 0x00,
    0xc6, 0xe0, 0x8c, 0xc0, 0x08, 0x80, 0x38, 0xdc,
    0x11, 0x98, 0x01, 0xff, 0xc5, 0x17, 0x70, 0x06,
    0x37, 0x04, 0x66, 0x00, 0x05, 0x05, 0x80, 0x03,
    0xaf, 0xf8, 0xcc, 0x50, 0x01, 0xf4, 0x80, 0xf3,
    0x00, 0x6b, 0xb0, 0x00,

    /* U+6444 "摄" */
    0x00, 0x4e, 0x90, 0x07, 0xd6, 0x80, 0x18, 0x88,
    0xb5, 0xee, 0xd5, 0xf8, 0x40, 0x1c, 0x4b, 0xa0,
    0x10, 0x83, 0x30, 0x09, 0x08, 0x3e, 0x40, 0x0e,
    0xd8, 0x01, 0x8d, 0x80, 0x1f, 0x60, 0x07, 0x6c,
    0x03, 0x00, 0x09, 0x10, 0x08, 0x02, 0x76, 0x30,
    0xfb, 0x00, 0x8c, 0x25, 0x7d, 0x9d, 0xc6, 0x11,
    0x00, 0x4c, 0x50, 0x97, 0x8a, 0xf7, 0xe7, 0xc0,
    0x08, 0xc8, 0x00, 0x8d, 0xef, 0x1a, 0x0d, 0x00,
    0x98, 0x80, 0x02, 0x00, 0x2c, 0x7f, 0x04, 0x00,
    0x0c, 0x02, 0x6d, 0x3f, 0x0d, 0xb3, 0x30, 0x07,
    0xc2, 0x12, 0x18, 0x52, 0x00, 0x18, 0x70, 0x02,
    0xb4, 0x91, 0x2c, 0xea, 0x86, 0x38, 0x28, 0xdb,
    0x8d, 0x57, 0xf8, 0x8c, 0x60, 0x97, 0x4f, 0x00,
    0x06, 0x92, 0x0b, 0xd0,

    /* U+6478 "摸" */
    0x00, 0x44, 0x90, 0x01, 0xe0, 0x5a, 0x48, 0x03,
    0x1b, 0x90, 0x02, 0xd4, 0x7d, 0x99, 0x40, 0x1c,
    0x6a, 0xc2, 0x6c, 0xa0, 0x64, 0x64, 0xac, 0x3b,
    0xca, 0x92, 0xd4, 0xe5, 0x06, 0x4a, 0x22, 0xea,
    0xc2, 0x16, 0x01, 0xa7, 0x00, 0x9c, 0x00, 0x20,
    0x4c, 0xd6, 0x01, 0x00, 0x61, 0x54, 0x05, 0x66,
    0xb0, 0x02, 0x49, 0x50, 0x02, 0x02, 0xb3, 0x58,
    0x01, 0x1b, 0x08, 0x94, 0x00, 0xb5, 0xf7, 0x80,
    0x20, 0xd6, 0x80, 0x15, 0xe6, 0x87, 0x4c, 0x78,
    0x0a, 0x00, 0x05, 0x89, 0xa8, 0x3d, 0xbc, 0xd0,
    0x03, 0x0b, 0x31, 0x09, 0x08, 0x66, 0x10, 0x5d,
    0x40, 0x22, 0xf3, 0xa9, 0x97, 0x63, 0x09, 0x0a,
    0x0b, 0xcc, 0x60, 0x8b, 0x09, 0xd8, 0x17, 0x28,
    0x9e, 0xd4, 0x02, 0x2d, 0xa0,

    /* U+64CD "操" */
    0x00, 0x45, 0x10, 0x01, 0x84, 0x00, 0xe2, 0x01,
    0x8d, 0x08, 0x01, 0x18, 0xcc, 0x8b, 0x00, 0xf1,
    0x08, 0x01, 0x9a, 0x02, 0x00, 0x0a, 0xb0, 0xfe,
    0x00, 0x4c, 0xc2, 0xd0, 0x00, 0xab, 0x0e, 0xd4,
    0xc9, 0x8f, 0x2b, 0x74, 0x60, 0x1e, 0x77, 0x11,
    0x1b, 0xf4, 0x84, 0x02, 0x18, 0xd0, 0x08, 0x40,
    0x39, 0x31, 0x02, 0xb4, 0x1c, 0x40, 0x05, 0x88,
    0x6c, 0x62, 0x22, 0x6f, 0x7f, 0x97, 0xac, 0x31,
    0x2d, 0x50, 0x02, 0x3b, 0xb4, 0x1a, 0x30, 0x90,
    0x08, 0x02, 0x56, 0xd3, 0x07, 0x4a, 0xa2, 0x00,
    0x79, 0x92, 0x40, 0x13, 0x96, 0x83, 0x08, 0x61,
    0x19, 0xee, 0x00, 0x57, 0x55, 0x0c, 0x8d, 0x94,
    0xd0, 0x80, 0x34, 0x23, 0xc4, 0x07, 0x98, 0x84,
    0x00, 0x3e, 0xe0, 0x01, 0x00,

    /* U+653E "放" */
    0x00, 0x1a, 0x80, 0x65, 0xb7, 0x00, 0xf1, 0xdd,
    0x80, 0x2d, 0x40, 0x0f, 0xce, 0x85, 0x42, 0x40,
    0xa0, 0x48, 0x06, 0xd6, 0x4d, 0x40, 0xce, 0x28,
    0xdf, 0x68, 0x6c, 0xaf, 0x31, 0x4e, 0x50, 0xc2,
    0x52, 0x80, 0x13, 0x84, 0x32, 0x02, 0x86, 0x82,
    0x80, 0x42, 0xec, 0xc8, 0xec, 0xb0, 0x70, 0x30,
    0x0c, 0x8c, 0x0b, 0xc6, 0x45, 0x20, 0x04, 0x21,
    0xc0, 0x22, 0x40, 0xd9, 0x08, 0x00, 0x88, 0x10,
    0x00, 0x60, 0x04, 0x48, 0xc0, 0x24, 0x22, 0x80,
    0x40, 0x16, 0x0e, 0x01, 0xb6, 0xc1, 0xc3, 0x81,
    0x5a, 0x0f, 0x4c, 0x05, 0x92, 0xa8, 0x08, 0xbd,
    0xee, 0xc5, 0x88, 0x8d, 0x2e, 0x19, 0x40, 0xb1,
    0x09, 0x69, 0x45, 0x10, 0x4e, 0x66, 0x28, 0x06,
    0x96, 0x00,

    /* U+6548 "效" */
    0x00, 0xfe, 0x10, 0x0f, 0x8f, 0xa4, 0x03, 0x7f,
    0x10, 0x07, 0x1b, 0x31, 0x40, 0x02, 0x22, 0x20,
    0x07, 0xa9, 0x51, 0xf5, 0x01, 0x00, 0x54, 0x0d,
    0xa1, 0x31, 0xc6, 0xf0, 0x09, 0xb6, 0x98, 0xd9,
    0x20, 0xab, 0xdc, 0x45, 0x46, 0x68, 0x60, 0x23,
    0x94, 0xe6, 0xa3, 0x40, 0x20, 0x30, 0x04, 0xb3,
    0x8d, 0x21, 0xb9, 0x06, 0x82, 0x82, 0x76, 0x82,
    0x39, 0xe7, 0xe2, 0xa1, 0x88, 0x22, 0x86, 0xc8,
    0x4a, 0x9a, 0xc0, 0xc8, 0x06, 0x48, 0x32, 0x11,
    0x00, 0x99, 0x28, 0x07, 0x60, 0x14, 0x80, 0x14,
    0x4c, 0x80, 0x31, 0xbe, 0x0b, 0x00, 0xdb, 0x87,
    0x90, 0x00, 0xff, 0x0e, 0xd0, 0xb6, 0xe2, 0x05,
    0xac, 0x49, 0x84, 0x0b, 0x15, 0xaa, 0x0d, 0x0a,
    0xc4, 0xe0, 0x18, 0xa0, 0x40, 0x27, 0xa0,

    /* U+6570 "数" */
    0x02, 0x06, 0xc3, 0x30, 0x02, 0xa0, 0x40, 0x34,
    0x4f, 0x18, 0x63, 0x0a, 0xa8, 0x40, 0x37, 0xb8,
    0x01, 0x20, 0xc8, 0x14, 0x05, 0x40, 0xcc, 0xca,
    0x00, 0xe9, 0xb0, 0x16, 0xda, 0x63, 0x60, 0x20,
    0xc1, 0xc0, 0x29, 0x13, 0x96, 0x02, 0x73, 0x0f,
    0x78, 0x4b, 0x0f, 0x02, 0x01, 0x9c, 0x41, 0x49,
    0xb0, 0xe0, 0x30, 0x50, 0x3b, 0x27, 0x60, 0x77,
    0x71, 0x02, 0x90, 0x80, 0x1a, 0xc0, 0x5f, 0x8c,
    0xb2, 0x46, 0xc0, 0x04, 0xe8, 0xd2, 0x00, 0x20,
    0x46, 0x16, 0x00, 0xa4, 0x70, 0xa5, 0x14, 0x04,
    0x08, 0x03, 0x4c, 0xbb, 0x47, 0x00, 0x74, 0xcd,
    0x60, 0x10, 0xb1, 0x19, 0xa0, 0xb6, 0x71, 0x11,
    0xc8, 0x0b, 0x39, 0x93, 0xd7, 0x38, 0x5a, 0x24,
    0x29, 0x2a, 0x00, 0x98, 0x20, 0x0a, 0xec, 0x00,

    /* U+65B0 "新" */
    0x00, 0xa4, 0xc0, 0x3c, 0x30, 0x20, 0x1d, 0x82,
    0x80, 0xa2, 0xbe, 0xf4, 0x22, 0x66, 0x00, 0xcd,
    0xc4, 0x3c, 0xeb, 0xec, 0x44, 0xfb, 0x1c, 0xaa,
    0x80, 0x36, 0x40, 0x0c, 0x2d, 0x02, 0x78, 0x20,
    0x19, 0x5c, 0x0d, 0x84, 0xe1, 0x23, 0x0c, 0xcd,
    0x17, 0x65, 0x36, 0xc0, 0x6a, 0xed, 0x03, 0x64,
    0x1c, 0x50, 0x0e, 0x1c, 0x30, 0x10, 0x0e, 0x18,
    0x76, 0x06, 0xa7, 0x17, 0x00, 0xe1, 0xf8, 0x10,
    0xe0, 0x50, 0xc0, 0x0f, 0x62, 0x38, 0x64, 0xb0,
    0x20, 0x07, 0x0b, 0x50, 0x01, 0x17, 0x14, 0xc0,
    0x39, 0x3d, 0x1c, 0x06, 0xda, 0x00, 0x3c, 0xa4,
    0x87, 0x00, 0xde, 0x40, 0x07, 0x30, 0x00,

    /* U+65E5 "日" */
    0x00, 0xff, 0xe0, 0xc9, 0x00, 0x7a, 0xd4, 0x05,
    0xbd, 0x9b, 0x9d, 0x28, 0x40, 0x02, 0xcd, 0xe0,
    0x21, 0x00, 0xff, 0xed, 0x0b, 0x37, 0x80, 0x38,
    0x59, 0xbc, 0x01, 0xff, 0xdd, 0x16, 0x6f, 0x00,
    0x72, 0xb3, 0x78, 0x50, 0x00,

    /* U+65F6 "时" */
    0x00, 0xfe, 0x44, 0x10, 0x01, 0xc8, 0x19, 0x80,
    0x1b, 0xac, 0x40, 0x11, 0xcd, 0x72, 0x40, 0x1c,
    0x22, 0x00, 0x33, 0x42, 0x40, 0x1d, 0x58, 0x20,
    0x1c, 0xcd, 0x9c, 0x01, 0x64, 0x01, 0xcc, 0xd9,
    0xc2, 0x58, 0xc1, 0x9a, 0x06, 0x80, 0x0f, 0xcc,
    0xd0, 0x33, 0x2c, 0x03, 0xff, 0x80, 0xa8, 0x40,
    0x1f, 0xf6, 0x91, 0x80, 0x79, 0x9a, 0x00, 0x36,
    0x88, 0x07, 0x99, 0xa3, 0x00, 0xfe, 0x1d, 0x0a,
    0xd0, 0x27, 0xa5, 0x00, 0xdc, 0xe0, 0x20, 0x02,
    0x76, 0x04, 0x10, 0x0f, 0xf7, 0x65, 0x80, 0x40,

    /* U+6709 "有" */
    0x00, 0xe4, 0xc7, 0x00, 0xff, 0xe0, 0x69, 0x88,
    0x06, 0x71, 0x01, 0x66, 0xce, 0x02, 0xcd, 0x54,
    0x60, 0x89, 0x9a, 0x01, 0x87, 0x66, 0xab, 0xf4,
    0x40, 0x34, 0x0b, 0x80, 0x46, 0xa0, 0x1e, 0x81,
    0x26, 0x6d, 0xd4, 0xc0, 0x18, 0xdc, 0x19, 0xb9,
    0xc1, 0x00, 0x23, 0xfb, 0x06, 0x6f, 0x01, 0x80,
    0x09, 0x71, 0x41, 0x9b, 0xc0, 0x18, 0x98, 0x03,
    0xff, 0x8c, 0xec, 0xdc, 0x01, 0xfc, 0xec, 0xdc,
    0x01, 0xff, 0xc0, 0x4b, 0x50, 0x0f, 0xed, 0x00,
    0x27, 0x14, 0x08, 0x00,

    /* U+671F "期" */
    0x00, 0x53, 0x83, 0x49, 0x81, 0x80, 0x09, 0x00,
    0x02, 0xbe, 0x1e, 0xc0, 0x39, 0x4d, 0xd6, 0x82,
    0xc0, 0x6c, 0xa1, 0xb6, 0x04, 0xca, 0x0a, 0x2c,
    0x06, 0xca, 0x1d, 0x40, 0x1f, 0xfc, 0x41, 0x23,
    0x00, 0xe3, 0x65, 0x00, 0xc6, 0xc2, 0x01, 0xc6,
    0xca, 0x00, 0x10, 0x24, 0x20, 0x0e, 0x36, 0x50,
    0x01, 0x80, 0x7f, 0x1b, 0x28, 0x2b, 0x01, 0x32,
    0x80, 0x09, 0x88, 0x8c, 0x65, 0x32, 0x09, 0x65,
    0x00, 0x13, 0xd1, 0xa9, 0xf6, 0x28, 0x98, 0x07,
    0xa5, 0x0b, 0xb0, 0xd5, 0x80, 0x3c, 0xa1, 0xe2,
    0xa3, 0x63, 0x05, 0x0e, 0x02, 0x2e, 0xc2, 0x02,
    0xf1, 0xd0, 0x2c, 0x14, 0x00, 0x59, 0x00, 0x69,
    0x10, 0x02, 0x65, 0x80,

    /* U+672A "未" */
    0x00, 0xf3, 0xc9, 0x80, 0x7f, 0xf0, 0x35, 0x88,
    0x03, 0xff, 0x88, 0x7a, 0x60, 0x11, 0x33, 0x70,
    0x33, 0x2d, 0x50, 0x02, 0x26, 0x6e, 0x06, 0x64,
    0x41, 0xc0, 0x3f, 0xf8, 0x25, 0x84, 0x08, 0xcd,
    0xa9, 0x02, 0x19, 0x96, 0xf0, 0x08, 0xcd, 0x22,
    0x88, 0x01, 0xda, 0x6e, 0x80, 0x3a, 0x40, 0x43,
    0x70, 0x40, 0x3e, 0x64, 0xa4, 0x05, 0x57, 0xa0,
    0x07, 0x1c, 0xd2, 0x80, 0x50, 0x57, 0x64, 0x00,
    0x1c, 0x62, 0x80, 0x76, 0x9a, 0x41, 0x23, 0xd9,
    0x80, 0x78, 0x72, 0x34, 0x91, 0x00, 0x1c, 0x62,
    0x01, 0x38, 0x80,

    /* U+673A "机" */
    0x00, 0xae, 0x00, 0x3c, 0x40, 0x1c, 0x28, 0x20,
    0x09, 0xb7, 0x76, 0xd8, 0x07, 0xf9, 0x19, 0xc0,
    0x3f, 0xb1, 0x80, 0x3f, 0x0b, 0x58, 0x2d, 0x00,
    0x7f, 0x0b, 0x18, 0x3b, 0x98, 0x03, 0xfc, 0xa0,
    0x0f, 0x40, 0x0f, 0xf1, 0x81, 0x13, 0xcc, 0x04,
    0x03, 0xcc, 0x60, 0x0f, 0x90, 0x0f, 0xed, 0xe0,
    0x01, 0x93, 0x18, 0x07, 0x8e, 0x4c, 0x03, 0x1a,
    0x00, 0x71, 0x19, 0x00, 0x66, 0x19, 0x00, 0xc2,
    0xe0, 0x1e, 0xaa, 0x08, 0x04, 0xbb, 0xe0, 0x1b,
    0xdf, 0xd0, 0x02, 0x41, 0x33, 0x00, 0x07, 0xd9,
    0xcc, 0x03, 0x5f, 0xfa, 0x40,

    /* U+6761 "条" */
    0x00, 0xe8, 0x73, 0x00, 0xff, 0x8d, 0xe4, 0x40,
    0x6d, 0x40, 0x3e, 0xe1, 0x94, 0x6c, 0x4b, 0x20,
    0x0e, 0xb1, 0x64, 0x60, 0x22, 0x61, 0x00, 0x43,
    0x3b, 0x91, 0x0a, 0x93, 0xc2, 0x00, 0xe9, 0x60,
    0x56, 0x40, 0x3d, 0xa8, 0x64, 0x01, 0x13, 0x67,
    0x45, 0xd3, 0x92, 0xbd, 0xa8, 0x2b, 0xae, 0x5a,
    0x57, 0x47, 0x52, 0xc8, 0x83, 0x82, 0xb3, 0x24,
    0x19, 0x8f, 0x6a, 0x20, 0x02, 0x66, 0x7a, 0x48,
    0x3b, 0x3f, 0x7a, 0x80, 0x68, 0x69, 0x30, 0x01,
    0xe3, 0x00, 0x71, 0xba, 0xd9, 0x80, 0x0e, 0x27,
    0x00, 0x23, 0xe9, 0x87, 0xb0, 0x09, 0x18, 0xd8,
    0x00, 0xda, 0xc4, 0xe8, 0x3c, 0x00, 0x86, 0x40,
    0x02, 0x80, 0x6f, 0xe4, 0x00, 0x0c, 0x90, 0x00,

    /* U+6797 "林" */
    0x00, 0xaa, 0x04, 0x02, 0x68, 0x30, 0x0f, 0x29,
    0x88, 0x05, 0x8e, 0x60, 0x1f, 0xfc, 0xbb, 0x70,
    0x0e, 0x7c, 0x12, 0x68, 0x06, 0xd1, 0x68, 0x50,
    0xa1, 0xa3, 0x26, 0xe0, 0x01, 0xb3, 0x38, 0x02,
    0x66, 0x10, 0x03, 0x41, 0xae, 0x42, 0x80, 0x04,
    0xa0, 0x19, 0x00, 0x0e, 0xc4, 0x60, 0x0d, 0x81,
    0x00, 0x3a, 0x00, 0x23, 0x68, 0xd4, 0x10, 0xb4,
    0x43, 0x2c, 0x00, 0x20, 0xda, 0x00, 0x15, 0x3b,
    0x4a, 0x00, 0xd7, 0x82, 0x01, 0x40, 0xd2, 0x08,
    0x04, 0x92, 0x40, 0x18, 0xb0, 0x03, 0xc8, 0x01,
    0xf1, 0x00, 0x71, 0x80, 0x71, 0x80, 0x60,

    /* U+67E5 "查" */
    0x00, 0xf3, 0x49, 0x80, 0x7f, 0xf0, 0x31, 0x88,
    0x00, 0x2a, 0x00, 0x16, 0x6f, 0x03, 0x35, 0xb4,
    0xe0, 0x2c, 0xd2, 0x41, 0x80, 0x15, 0xb3, 0xdc,
    0x03, 0x0f, 0x99, 0x81, 0x66, 0x04, 0x03, 0x87,
    0x5f, 0x58, 0x0e, 0xdb, 0xad, 0x40, 0x09, 0x55,
    0x00, 0x04, 0x07, 0x51, 0x00, 0x02, 0x7b, 0xdc,
    0x7d, 0x97, 0xbc, 0xfb, 0x50, 0x23, 0x00, 0x1b,
    0xbc, 0xc6, 0x00, 0x40, 0x0f, 0x99, 0xb1, 0x83,
    0x80, 0x7e, 0x66, 0xc6, 0x01, 0xfe, 0x66, 0xc6,
    0x01, 0xfb, 0x25, 0x9b, 0x7d, 0x3e, 0x08, 0x1b,
    0x30, 0x41, 0x9b, 0x11, 0xe2, 0xb0, 0x00,

    /* U+6807 "标" */
    0x00, 0x4e, 0xa0, 0x07, 0x85, 0x00, 0x3e, 0x24,
    0x03, 0x66, 0xdb, 0x6a, 0x01, 0xfc, 0x6c, 0xdb,
    0x3d, 0x40, 0x3e, 0x8b, 0x00, 0xff, 0x8d, 0xd8,
    0x3f, 0x48, 0x03, 0xa1, 0x80, 0x23, 0x50, 0x01,
    0x22, 0x19, 0xea, 0x5c, 0xf4, 0xc0, 0x27, 0x00,
    0x74, 0x33, 0x4a, 0x6f, 0x76, 0x30, 0x0b, 0x00,
    0x1a, 0xb1, 0x6e, 0x00, 0x60, 0x0f, 0x39, 0x83,
    0x69, 0x22, 0x00, 0x07, 0xa2, 0x01, 0x35, 0xa8,
    0x00, 0x92, 0x0c, 0x00, 0xa1, 0xa0, 0x11, 0x28,
    0x04, 0xa4, 0xe0, 0x19, 0x4d, 0x00, 0x08, 0x01,
    0xbf, 0x40, 0x3b, 0x00, 0xc0, 0x3c, 0x36, 0x2b,
    0xa0, 0x60, 0x8e, 0xa0, 0x1c, 0x62, 0x20, 0x56,
    0x4b, 0x00, 0x41, 0x00, 0x00,

    /* U+6846 "框" */
    0x00, 0x3d, 0x18, 0x08, 0x07, 0x29, 0x00, 0x5c,
    0xa6, 0x3d, 0x2c, 0xda, 0x3c, 0x40, 0x3f, 0x33,
    0x6f, 0xd1, 0x00, 0xd5, 0x20, 0x03, 0x44, 0x2e,
    0xb8, 0x1b, 0x38, 0x67, 0x80, 0x05, 0xef, 0x74,
    0xc0, 0x6c, 0x20, 0x8c, 0x00, 0x22, 0x07, 0x90,
    0x80, 0x0c, 0x01, 0xce, 0x01, 0xeb, 0x30, 0x02,
    0x00, 0x2e, 0xc0, 0x04, 0x60, 0xcd, 0x70, 0x05,
    0x88, 0x3f, 0x00, 0x11, 0x83, 0x19, 0x00, 0xd5,
    0xc0, 0x04, 0x01, 0xe3, 0x20, 0x69, 0x00, 0xf3,
    0x30, 0x37, 0xbc, 0x54, 0x03, 0xe6, 0x7f, 0xad,
    0x91, 0x00, 0xe2, 0x05, 0x66, 0xd7, 0x66, 0x00,
    0x8c, 0x0e, 0x64, 0xcd, 0xaf, 0xd8,

    /* U+68C0 "检" */
    0x00, 0x34, 0x98, 0x04, 0xaa, 0x20, 0x0f, 0x73,
    0x10, 0x05, 0x56, 0x80, 0x1f, 0xf2, 0x85, 0xf1,
    0x00, 0x7c, 0xb8, 0x32, 0xcb, 0x38, 0xa0, 0x04,
    0x66, 0x01, 0xd5, 0xb4, 0x80, 0xcd, 0x69, 0xa3,
    0x08, 0x2a, 0x6d, 0x00, 0x14, 0xa0, 0x48, 0x0c,
    0x01, 0x88, 0xec, 0xd6, 0xe9, 0xb4, 0x41, 0x00,
    0x09, 0x62, 0xc2, 0xd0, 0x14, 0xa0, 0x0a, 0x30,
    0x8e, 0xa1, 0xd8, 0x03, 0x54, 0x05, 0xb4, 0x03,
    0x31, 0x56, 0x38, 0xa3, 0x00, 0x4c, 0x01, 0xb9,
    0x00, 0x08, 0x12, 0x00, 0x50, 0x0e, 0x20, 0x47,
    0x37, 0x10, 0x0f, 0xcb, 0xc5, 0x1d, 0x14, 0xe0,
    0x18, 0xc5, 0x98, 0xec, 0xcf, 0x73, 0xe2,

    /* U+6B21 "次" */
    0x00, 0xf0, 0xdb, 0x08, 0x07, 0xa6, 0x88, 0x00,
    0x88, 0xa1, 0x00, 0xf4, 0x2f, 0x80, 0x30, 0x24,
    0x02, 0x45, 0x00, 0x0b, 0x0a, 0x13, 0x89, 0x33,
    0x55, 0x44, 0x00, 0x4e, 0x60, 0x45, 0xa8, 0xcd,
    0x0a, 0x20, 0x02, 0x8c, 0x87, 0x3c, 0xf2, 0x42,
    0xa0, 0x08, 0x90, 0x0e, 0x00, 0x23, 0x37, 0x88,
    0x05, 0x34, 0xd0, 0x04, 0x04, 0xae, 0x40, 0x03,
    0x94, 0x72, 0x00, 0x20, 0x57, 0x00, 0x63, 0x00,
    0x08, 0x05, 0xa0, 0xac, 0x80, 0x1b, 0xc0, 0xc0,
    0x06, 0x8e, 0x57, 0x63, 0x00, 0x84, 0x14, 0x07,
    0x8e, 0x01, 0x83, 0x20, 0x01, 0xe0, 0x01, 0xd4,
    0xc0, 0x00, 0xc0, 0x3b, 0x05, 0x40, 0x47, 0xc8,
    0x06, 0x76, 0x86, 0x02, 0x77, 0x49, 0x80, 0x7a,
    0x5c, 0x00,

    /* U+6B62 "止" */
    0x00, 0xf9, 0x94, 0x80, 0x3f, 0xf8, 0x11, 0x44,
    0x01, 0xff, 0xd9, 0x1f, 0xd1, 0x00, 0xff, 0xe0,
    0x88, 0x80, 0x3a, 0x6c, 0x40, 0x3f, 0xce, 0xe0,
    0x27, 0x00, 0xff, 0x3b, 0xa6, 0x4c, 0x01, 0xff,
    0xfd, 0xc9, 0x02, 0x67, 0x64, 0x66, 0x3b, 0x34,
    0xea, 0x08,

    /* U+6B63 "正" */
    0x00, 0xff, 0x86, 0x00, 0x23, 0x66, 0xfe, 0xd7,
    0xb0, 0x01, 0xb3, 0x74, 0xc3, 0x33, 0x3e, 0xc0,
    0x3f, 0xfa, 0xa5, 0x92, 0x20, 0x1c, 0x20, 0x1e,
    0x32, 0x10, 0x0e, 0xca, 0x00, 0xff, 0x0b, 0x32,
    0xb4, 0xc0, 0x3f, 0x85, 0x98, 0xee, 0x30, 0x0f,
    0xfe, 0xf8, 0x80, 0x7f, 0xf0, 0xb6, 0xc4, 0x4c,
    0xae, 0x6c, 0xc7, 0x66, 0x9d, 0x0d, 0x40,

    /* U+6D1B "洛" */
    0x00, 0xf8, 0x80, 0x3f, 0x0e, 0xd0, 0x80, 0x37,
    0xd0, 0x03, 0xc3, 0x2a, 0xc0, 0xa0, 0x48, 0x09,
    0x40, 0x19, 0x2d, 0x87, 0xc1, 0x19, 0x94, 0xac,
    0x01, 0x91, 0x00, 0xa5, 0x6c, 0x62, 0x8c, 0x07,
    0xce, 0x04, 0xc7, 0x92, 0x56, 0x34, 0x00, 0x37,
    0x85, 0x0c, 0xd1, 0xfd, 0x1d, 0x10, 0x0a, 0x73,
    0x92, 0xc4, 0x50, 0x21, 0xce, 0x60, 0x10, 0x81,
    0x82, 0x65, 0xf5, 0x9c, 0x62, 0x80, 0x2f, 0x4e,
    0x6b, 0xdc, 0x11, 0x92, 0x14, 0x09, 0x88, 0x64,
    0x79, 0x9a, 0x75, 0x60, 0x19, 0x07, 0x20, 0x03,
    0x36, 0x02, 0x10, 0x1f, 0x04, 0x00, 0xff, 0xe1,
    0x70, 0x07, 0xff, 0x04, 0x70, 0x02, 0x16, 0x68,
    0x18, 0x00,

    /* U+6E05 "清" */
    0x00, 0xfc, 0x44, 0x00, 0xf1, 0x74, 0x80, 0x6b,
    0xd5, 0x00, 0xe2, 0x86, 0x50, 0x0e, 0x40, 0xc5,
    0x00, 0x9a, 0x95, 0x4c, 0xc5, 0x09, 0x77, 0x18,
    0x1a, 0x02, 0xa3, 0x00, 0x77, 0x27, 0x81, 0x56,
    0x81, 0x99, 0x98, 0xa1, 0x32, 0xad, 0x01, 0x80,
    0x40, 0x66, 0x8c, 0x99, 0xe6, 0x08, 0x1b, 0x79,
    0xd8, 0x5e, 0xb5, 0xc2, 0xf0, 0x80, 0x04, 0x20,
    0x31, 0xac, 0xd5, 0x41, 0x80, 0x51, 0xa0, 0x1f,
    0xc6, 0x00, 0x45, 0x50, 0x04, 0xac, 0xd8, 0x03,
    0x60, 0x07, 0x2b, 0x36, 0x00, 0xd6, 0x08, 0x01,
    0x2b, 0x36, 0x00, 0xce, 0x1a, 0x01, 0xc9, 0x0a,
    0x01, 0x9c, 0x7c, 0x00, 0x3e, 0x09, 0xe1, 0x00,
    0x11, 0xf2, 0x80, 0xf3, 0x00, 0x1f, 0x9c, 0x00,

    /* U+7247 "片" */
    0x00, 0x90, 0xc0, 0x2a, 0x91, 0x00, 0xfa, 0xfc,
    0x00, 0x2a, 0x42, 0x01, 0xf9, 0x80, 0x3f, 0xf9,
    0x4c, 0x60, 0x1c, 0xec, 0xd0, 0xbb, 0x3c, 0x69,
    0x80, 0x04, 0x1d, 0x98, 0xfd, 0x8c, 0xfd, 0xc3,
    0x00, 0xfe, 0x20, 0x0f, 0x8c, 0x19, 0xb3, 0xec,
    0x80, 0x78, 0x42, 0x99, 0xa5, 0x02, 0x00, 0xf2,
    0x82, 0x80, 0x70, 0x80, 0x7b, 0x08, 0xc0, 0x3f,
    0xe1, 0x58, 0x00, 0xff, 0xe0, 0x4b, 0xa8, 0x07,
    0xfc, 0x7b, 0x00, 0x1e, 0x1d, 0x00, 0xc0,

    /* U+72B6 "状" */
    0x00, 0xa2, 0x48, 0x00, 0xae, 0x60, 0x1f, 0x23,
    0x90, 0x03, 0xe0, 0x6a, 0x00, 0x22, 0x00, 0xfc,
    0x72, 0xee, 0x00, 0x7b, 0x00, 0x7e, 0x38, 0x60,
    0x02, 0x49, 0x80, 0x78, 0x43, 0x20, 0x01, 0x82,
    0x20, 0x46, 0x63, 0x84, 0x3e, 0x71, 0x02, 0xf1,
    0x02, 0x33, 0x04, 0x5a, 0xef, 0x10, 0x04, 0x20,
    0x18, 0x97, 0x40, 0x39, 0x30, 0x80, 0x21, 0x11,
    0x10, 0x40, 0x26, 0xb6, 0x30, 0x09, 0x02, 0xb6,
    0xc0, 0x26, 0x3b, 0x00, 0xde, 0x46, 0xaa, 0x80,
    0x0b, 0x04, 0x02, 0x25, 0xe0, 0x24, 0x7b, 0x20,
    0x0f, 0x4c, 0x8c, 0x01, 0x20, 0xe0, 0x1c, 0x8d,
    0x0c, 0x01, 0x15, 0xf9, 0x00, 0x59, 0x4c, 0x60,
    0x1c, 0x86, 0x00,

    /* U+751F "生" */
    0x00, 0xf3, 0x42, 0x00, 0x7e, 0x4f, 0xa1, 0xd7,
    0x70, 0x07, 0xed, 0x02, 0x10, 0x0e, 0x10, 0x0e,
    0x70, 0x90, 0x0e, 0x1f, 0x90, 0x08, 0xc5, 0x5d,
    0x98, 0x16, 0xcf, 0x1e, 0x40, 0x0a, 0x3a, 0x66,
    0x82, 0xd9, 0xb1, 0x00, 0xa7, 0x00, 0x7f, 0xf0,
    0x1b, 0x08, 0x03, 0xe5, 0xc1, 0x00, 0x38, 0xb3,
    0x70, 0x5b, 0x63, 0x48, 0x06, 0x66, 0xe0, 0xb6,
    0x9a, 0x80, 0x0f, 0xfe, 0xf9, 0xf2, 0x82, 0x33,
    0x71, 0xb2, 0x33, 0x2d, 0xf0, 0x40,

    /* U+754C "界" */
    0x00, 0x20, 0x80, 0x7c, 0xe2, 0x01, 0xbb, 0x8e,
    0xd5, 0x8e, 0xcf, 0x18, 0x01, 0xe6, 0x60, 0x1b,
    0x34, 0x0e, 0x01, 0xe6, 0x68, 0x19, 0xa0, 0x0f,
    0xcc, 0xd0, 0x33, 0x40, 0x1f, 0xfc, 0xb9, 0xd4,
    0x68, 0x83, 0x00, 0x7a, 0x71, 0x4b, 0x66, 0x46,
    0x19, 0x40, 0x18, 0x7c, 0x88, 0x20, 0xaa, 0x8c,
    0xda, 0x31, 0x8b, 0xf6, 0x22, 0x01, 0x8c, 0x50,
    0x00, 0xc2, 0x24, 0xcc, 0x01, 0xe5, 0xdb, 0x01,
    0x00, 0x91, 0x80, 0x3e, 0x10, 0x0d, 0x69, 0x20,
    0x1f, 0xe5, 0x8f, 0xa0, 0x0c, 0x24, 0x01, 0xcb,
    0x08, 0x01, 0x9b, 0x94, 0x03, 0x00,

    /* U+7565 "略" */
    0x00, 0xf9, 0x5c, 0x40, 0x36, 0x3b, 0x3f, 0x28,
    0x4c, 0x18, 0xa8, 0x00, 0xca, 0x48, 0x40, 0x8d,
    0x11, 0x94, 0x80, 0x18, 0x41, 0xac, 0x25, 0xc9,
    0x50, 0x03, 0xc8, 0x5d, 0x30, 0x36, 0x01, 0xf7,
    0xd8, 0xe3, 0x48, 0x80, 0x5e, 0x1a, 0x16, 0x03,
    0x23, 0x14, 0x80, 0x0f, 0x0d, 0x00, 0x16, 0xd7,
    0x2a, 0xad, 0x40, 0x3a, 0xbe, 0x50, 0x24, 0x19,
    0x40, 0x3b, 0x52, 0x99, 0x90, 0x1a, 0x01, 0xe7,
    0x01, 0x66, 0x18, 0x28, 0x03, 0xe4, 0xc0, 0x3f,
    0xd1, 0x6c, 0xfa, 0x60, 0x2c, 0xc3, 0x00, 0x9c,
    0x40, 0x04, 0x00, 0x36, 0x61, 0x90, 0x80,

    /* U+767B "登" */
    0x00, 0xf2, 0x01, 0x80, 0x04, 0x03, 0x99, 0xac,
    0xb6, 0xb0, 0x7f, 0x40, 0x08, 0x51, 0x9c, 0xc1,
    0xf6, 0x6a, 0x1c, 0x80, 0x03, 0xfb, 0x01, 0x02,
    0xa9, 0x0f, 0xb8, 0x40, 0x0b, 0x26, 0x47, 0x08,
    0x5a, 0xc8, 0xe2, 0x00, 0x39, 0x26, 0xb3, 0x90,
    0xb1, 0x43, 0x00, 0x0b, 0x42, 0x19, 0x8f, 0x52,
    0x06, 0x32, 0xc6, 0x98, 0x38, 0xec, 0xd3, 0xb1,
    0x4c, 0x98, 0xd8, 0x02, 0x76, 0x69, 0xc1, 0x59,
    0x80, 0x1e, 0x66, 0xce, 0x01, 0xf9, 0x89, 0x9b,
    0x12, 0xf8, 0x07, 0xa9, 0x78, 0x80, 0xe8, 0x50,
    0x03, 0xeb, 0x1a, 0x04, 0x45, 0x85, 0x18, 0x0b,
    0x34, 0xa9, 0xed, 0xba, 0x68, 0x7e, 0x11, 0x33,
    0x6b, 0x76, 0xa6, 0x64, 0x6e, 0x84,

    /* U+76D2 "盒" */
    0x00, 0xf4, 0xb9, 0x80, 0x7f, 0xce, 0xd8, 0x80,
    0x1f, 0xe7, 0x86, 0xb5, 0xd9, 0x41, 0x00, 0xe9,
    0x95, 0xc8, 0x55, 0x0a, 0xfb, 0x54, 0x12, 0xff,
    0x09, 0x98, 0x1f, 0x38, 0xac, 0xa6, 0xf7, 0x56,
    0x01, 0x77, 0x3f, 0xd1, 0x60, 0x66, 0x01, 0x46,
    0x6e, 0x03, 0x30, 0x07, 0xff, 0x08, 0x40, 0x3e,
    0x66, 0xe0, 0x30, 0x0e, 0x86, 0xa0, 0x0e, 0xa3,
    0xa0, 0x0c, 0x28, 0xd9, 0x0d, 0x3c, 0xc0, 0x20,
    0x1f, 0xfc, 0x21, 0x00, 0xff, 0xe1, 0xa8, 0x1b,
    0x19, 0x30, 0x9b, 0x91, 0x18, 0x9a, 0x14,

    /* U+770B "看" */
    0x00, 0xfc, 0x29, 0x18, 0x80, 0x18, 0x4d, 0xa2,
    0xb7, 0xad, 0x83, 0x84, 0x00, 0x6a, 0xe4, 0x0a,
    0xff, 0xee, 0xe4, 0x88, 0x00, 0x8b, 0x18, 0x01,
    0x9a, 0xfc, 0x40, 0x00, 0xb3, 0x48, 0x54, 0xcd,
    0x6e, 0x38, 0x13, 0x35, 0x20, 0xcd, 0xed, 0xc4,
    0x26, 0x69, 0x0e, 0xd9, 0xb0, 0xff, 0x90, 0x02,
    0x82, 0x23, 0x36, 0x78, 0xc0, 0x0c, 0x6c, 0x04,
    0xcd, 0xc0, 0xc0, 0x11, 0xc7, 0x89, 0x33, 0x70,
    0x06, 0x35, 0xb1, 0x02, 0x66, 0xe0, 0x0c, 0x6c,
    0x01, 0x13, 0x37, 0x00, 0x7f, 0x13, 0x37, 0x00,
    0x7f, 0x99, 0xb8, 0x08, 0x00,

    /* U+7801 "码" */
    0x00, 0xff, 0x88, 0x40, 0x3c, 0x7a, 0xac, 0xdb,
    0xbc, 0x80, 0xdb, 0x3e, 0xec, 0x28, 0xac, 0xc7,
    0x32, 0x03, 0x60, 0x28, 0x64, 0xac, 0x20, 0x71,
    0x00, 0xc6, 0xa0, 0x10, 0x81, 0x01, 0x30, 0x04,
    0x41, 0x60, 0x40, 0x44, 0x00, 0x09, 0x80, 0x48,
    0x17, 0x6d, 0x36, 0x60, 0x08, 0x70, 0x80, 0x30,
    0x2f, 0x00, 0x49, 0xda, 0x42, 0xfd, 0x01, 0x00,
    0x31, 0x54, 0x34, 0x7d, 0x8b, 0x2c, 0x00, 0x72,
    0xa0, 0x53, 0xf8, 0x12, 0x90, 0x06, 0x66, 0xd8,
    0x26, 0x01, 0xd7, 0x80, 0xcd, 0xf1, 0x80, 0x6b,
    0xd5, 0x00, 0x8e, 0x70, 0x90, 0x02, 0x32, 0x6a,
    0x00, 0x8e, 0x0d, 0x24, 0x00,

    /* U+786E "确" */
    0x00, 0xe1, 0x05, 0x72, 0x00, 0xe1, 0x22, 0x9b,
    0x97, 0xa1, 0x8a, 0x84, 0x00, 0x63, 0xfa, 0x58,
    0xc8, 0x82, 0x95, 0x60, 0x01, 0x19, 0xc8, 0x6a,
    0x34, 0xcf, 0x4a, 0x20, 0x02, 0x1b, 0x00, 0x40,
    0xcc, 0x80, 0xfb, 0xc8, 0x1c, 0x14, 0xda, 0x83,
    0x04, 0xd9, 0xc4, 0x83, 0x01, 0x7e, 0x48, 0x03,
    0xf9, 0xc1, 0x98, 0x2a, 0x1a, 0x60, 0xcc, 0x00,
    0x20, 0x07, 0xda, 0x60, 0xcc, 0x00, 0x14, 0x80,
    0x66, 0x0c, 0x30, 0x66, 0x00, 0x18, 0x40, 0x31,
    0x84, 0x98, 0x33, 0x00, 0x39, 0x98, 0x1c, 0x82,
    0x01, 0xfc, 0xc8, 0xe9, 0x00, 0x11, 0xa8, 0x80,
    0x0a, 0x06, 0x36, 0x0c, 0x39, 0x8c, 0x64, 0x00,
    0x8e, 0x00, 0x44, 0x00, 0x1a, 0x43, 0xdc, 0x00,

    /* U+79BB "离" */
    0x00, 0xff, 0xe4, 0xc6, 0x18, 0x07, 0xff, 0x02,
    0x8d, 0x40, 0x2c, 0x30, 0x26, 0x77, 0x33, 0x12,
    0x39, 0xda, 0x1a, 0x40, 0x99, 0xe3, 0x4c, 0x11,
    0x6f, 0x1b, 0xa8, 0x03, 0x89, 0x4f, 0x0a, 0x4c,
    0x58, 0x03, 0xe3, 0xfa, 0x5a, 0x30, 0x0f, 0x10,
    0x2d, 0x61, 0xe2, 0x30, 0x07, 0x8e, 0x6a, 0x46,
    0x46, 0xe9, 0x80, 0x30, 0xf7, 0x83, 0x50, 0x89,
    0x80, 0xb1, 0x00, 0x31, 0xb1, 0xb7, 0x18, 0x31,
    0x0b, 0x80, 0x71, 0xde, 0x46, 0x4c, 0x80, 0x02,
    0x01, 0xc4, 0x19, 0xb0, 0xca, 0x01, 0xf8, 0x7a,
    0xd4, 0x61, 0x10, 0x01, 0xc3, 0xa0, 0x1c, 0x36,
    0x4c, 0x40, 0x01, 0xe7, 0x00, 0xf1, 0xfc, 0x80,
    0x00,

    /* U+79CD "种" */
    0x00, 0xca, 0x80, 0x11, 0x20, 0x80, 0x70, 0xd5,
    0x2d, 0x80, 0x15, 0x64, 0x01, 0x0c, 0x6a, 0xa6,
    0xb0, 0x06, 0x20, 0x08, 0x63, 0x40, 0x88, 0xd0,
    0x84, 0x09, 0x18, 0x20, 0x18, 0xf2, 0x9d, 0xc6,
    0x0c, 0x26, 0xa2, 0xd6, 0x0d, 0x4e, 0x04, 0x20,
    0x42, 0x0a, 0x2c, 0x60, 0x07, 0x30, 0x0f, 0xf3,
    0x83, 0xfa, 0x00, 0x7f, 0x10, 0x81, 0x29, 0x83,
    0x18, 0x31, 0x80, 0x56, 0xc0, 0x09, 0x50, 0x73,
    0x06, 0x33, 0x09, 0x04, 0x00, 0x0a, 0xf8, 0x03,
    0x46, 0x00, 0xc8, 0x06, 0x11, 0x00, 0x7c, 0x60,
    0x1f, 0xfc, 0x6e, 0x00, 0xe3, 0x10, 0x08,

    /* U+79D2 "秒" */
    0x00, 0xc4, 0xe0, 0x13, 0x49, 0x80, 0x7c, 0x53,
    0xb1, 0x20, 0x0e, 0x62, 0x00, 0xe1, 0x78, 0x64,
    0xd9, 0x10, 0x08, 0xc0, 0x38, 0x5e, 0xc0, 0xc8,
    0x2b, 0x8c, 0x07, 0x04, 0x03, 0xe1, 0xa4, 0x67,
    0x30, 0x27, 0xc0, 0x08, 0x9a, 0xc1, 0x74, 0xca,
    0xc0, 0x2c, 0x25, 0x00, 0x13, 0x00, 0x05, 0x0d,
    0xc8, 0x02, 0x30, 0x0f, 0x20, 0x0e, 0x62, 0x00,
    0x23, 0x95, 0x70, 0x08, 0xc4, 0x14, 0x80, 0x31,
    0xa1, 0x09, 0x00, 0x53, 0x00, 0x39, 0x00, 0x08,
    0xd8, 0x1a, 0x00, 0x8b, 0x58, 0x00, 0x20, 0x1a,
    0x86, 0x84, 0x03, 0x38, 0x07, 0xd4, 0xb8, 0x80,
    0x18, 0x80, 0x3c, 0x7a, 0x7e, 0x60, 0x1f, 0xdc,
    0x4e, 0x99, 0x22, 0x01, 0xf8, 0x7d, 0x89, 0xdc,
    0x20, 0x1f, 0x80,

    /* U+7A0B "程" */
    0x00, 0x8a, 0x00, 0x3e, 0x10, 0x0c, 0xfa, 0xf9,
    0x56, 0xcd, 0x5f, 0x98, 0x25, 0x50, 0x2f, 0x0d,
    0x1d, 0x98, 0x42, 0x20, 0x4a, 0x40, 0x50, 0x0f,
    0xc6, 0x02, 0x23, 0x08, 0xb0, 0x0f, 0xe2, 0x54,
    0x0c, 0xf3, 0x06, 0x69, 0x44, 0x00, 0x6a, 0x21,
    0xab, 0x38, 0xec, 0xcd, 0x60, 0x09, 0xc0, 0x05,
    0x88, 0xaf, 0x53, 0x24, 0xb0, 0x06, 0x80, 0x3c,
    0x99, 0xa5, 0x38, 0xca, 0x03, 0x75, 0x04, 0xf1,
    0x00, 0xc3, 0x42, 0x17, 0x86, 0x01, 0x33, 0x40,
    0xf2, 0x6e, 0x10, 0x01, 0xcc, 0xd0, 0x3c, 0x4b,
    0x00, 0x7f, 0xf0, 0x54, 0xc0, 0x31, 0x0b, 0x36,
    0x21, 0x68, 0xe2,

    /* U+7A7A "空" */
    0x00, 0xff, 0xe4, 0xbe, 0xb0, 0x07, 0xe2, 0x00,
    0x9c, 0xa4, 0x03, 0x18, 0x05, 0xcc, 0xd8, 0x91,
    0x9a, 0xcc, 0x18, 0x41, 0x33, 0x01, 0xb6, 0x99,
    0xa1, 0x27, 0x27, 0x50, 0x69, 0xe3, 0x1a, 0xea,
    0x1c, 0x42, 0xba, 0x49, 0x2d, 0x30, 0xab, 0x53,
    0x60, 0x02, 0x3d, 0x3e, 0x98, 0x04, 0xb8, 0x12,
    0x00, 0x43, 0xe8, 0x00, 0xf7, 0x2c, 0x00, 0x11,
    0x9b, 0x47, 0x63, 0x3d, 0x6b, 0x00, 0x46, 0xcd,
    0x50, 0xb3, 0x1d, 0xe0, 0x0f, 0xff, 0x05, 0x50,
    0x00, 0xcd, 0xcb, 0x1a, 0xcc, 0x7d, 0xd1, 0x00,

    /* U+7B49 "等" */
    0x00, 0x3a, 0x80, 0x43, 0x28, 0x01, 0xe1, 0x88,
    0x0b, 0x42, 0x36, 0x80, 0x29, 0x80, 0x0c, 0x0d,
    0x43, 0xf0, 0x66, 0xd7, 0xd1, 0x1a, 0x73, 0xd1,
    0x4d, 0xb2, 0xc8, 0x1d, 0xc2, 0x9e, 0x6a, 0xe7,
    0xa8, 0x63, 0x38, 0x80, 0x05, 0x06, 0x7e, 0x75,
    0x04, 0x61, 0x17, 0x08, 0x00, 0x59, 0xb2, 0x83,
    0x31, 0xeb, 0x08, 0x11, 0x9b, 0x81, 0x1a, 0x20,
    0xdb, 0x22, 0x8c, 0xdd, 0x36, 0xea, 0xee, 0xda,
    0x11, 0x33, 0x7e, 0x30, 0x9b, 0xa0, 0x16, 0x62,
    0x69, 0xb3, 0x46, 0x31, 0xb4, 0x01, 0x88, 0xe9,
    0x40, 0x3f, 0xf8, 0x12, 0x26, 0xd0, 0x40, 0x1f,
    0xc3, 0xcc, 0xc4, 0x07, 0x00, 0xff, 0xe0, 0x76,
    0xc8, 0x06,

    /* U+7CFB "系" */
    0x00, 0xff, 0x84, 0x03, 0xfe, 0x26, 0x9e, 0xf3,
    0x00, 0xc2, 0x8f, 0x39, 0xfb, 0x0a, 0xa7, 0xb0,
    0x08, 0x49, 0xd6, 0x84, 0x13, 0xb2, 0xa6, 0x00,
    0x21, 0x33, 0x2e, 0xbd, 0xd8, 0x27, 0x94, 0x03,
    0xdb, 0x0a, 0x3f, 0x7c, 0xc6, 0x20, 0x1e, 0xb5,
    0xcd, 0x04, 0x5a, 0xc4, 0x00, 0xf3, 0x4f, 0x56,
    0x75, 0xbe, 0xd1, 0x00, 0x65, 0xcd, 0x0b, 0x09,
    0x8b, 0x54, 0xd2, 0x00, 0x98, 0xc5, 0x76, 0x9f,
    0x26, 0x28, 0x28, 0x02, 0x3d, 0x88, 0x53, 0x83,
    0x10, 0x25, 0x50, 0x03, 0x0c, 0x51, 0x80, 0x43,
    0xb2, 0x84, 0x01, 0x0f, 0x1f, 0x98, 0x04, 0x7e,
    0xde, 0x40, 0x01, 0xaa, 0x61, 0xc2, 0x01, 0x81,
    0x50, 0xd8, 0x00, 0xad, 0xc0, 0xac, 0x58, 0x40,
    0x0a, 0xda, 0x00, 0x30, 0x0c, 0x7f, 0x20, 0x1a,
    0x50, 0x00,

    /* U+7D20 "素" */
    0x00, 0xf4, 0xe1, 0x80, 0x08, 0x40, 0x25, 0x66,
    0xca, 0x68, 0xcf, 0x9e, 0x60, 0x05, 0x66, 0xe0,
    0x66, 0x3d, 0xf1, 0x80, 0x05, 0x9b, 0x81, 0x99,
    0x17, 0x20, 0x10, 0xb3, 0x70, 0x33, 0x23, 0x8c,
    0xc0, 0x6c, 0xda, 0x11, 0x0c, 0xd3, 0x85, 0x01,
    0xb3, 0x17, 0xdc, 0xb5, 0x74, 0x1e, 0xa4, 0x02,
    0xbc, 0x63, 0x0a, 0xd5, 0xe1, 0x00, 0xe8, 0x97,
    0x00, 0x26, 0x71, 0x5a, 0x00, 0x49, 0xd2, 0x89,
    0x05, 0xc6, 0xbd, 0xa0, 0x01, 0x81, 0x17, 0xd1,
    0xea, 0x1f, 0x04, 0xc0, 0x05, 0xae, 0x88, 0x60,
    0x1a, 0xc6, 0xf7, 0x00, 0x0d, 0x95, 0x3b, 0x01,
    0x55, 0xc6, 0x00, 0x0e, 0x3b, 0x8e, 0x06, 0x22,
    0x07, 0x92, 0x20, 0x1c, 0xa8, 0x01, 0x2b, 0xc0,
    0x26, 0xf2, 0x00,

    /* U+7EA7 "级" */
    0x00, 0x13, 0x88, 0x07, 0x8c, 0x03, 0xaa, 0x2c,
    0xde, 0xa5, 0x99, 0xb8, 0x01, 0x98, 0xe8, 0xdd,
    0x41, 0x90, 0x50, 0x02, 0x72, 0xd9, 0x81, 0x00,
    0x94, 0x28, 0x00, 0x93, 0x27, 0x65, 0x20, 0x0a,
    0x8c, 0x84, 0x08, 0x62, 0x47, 0xc8, 0x09, 0x09,
    0xf3, 0x04, 0xd5, 0x41, 0xc2, 0x30, 0x45, 0xab,
    0x23, 0x30, 0x02, 0xfc, 0x80, 0x41, 0x9d, 0x4c,
    0x58, 0x52, 0x9f, 0x6d, 0x98, 0x15, 0x03, 0x41,
    0x40, 0xa0, 0x31, 0x6d, 0x84, 0x6b, 0x6c, 0xe4,
    0x03, 0xd4, 0xa8, 0x92, 0x87, 0xa8, 0xc0, 0x00,
    0xe3, 0x78, 0xd8, 0xe4, 0x30, 0x06, 0x00, 0x26,
    0x1d, 0x78, 0xb1, 0x73, 0xc2, 0x7e, 0x53, 0xac,
    0x24, 0xc7, 0x81, 0xb3, 0xc5, 0x34, 0x05, 0x00,
    0x33, 0x02, 0x18, 0x00, 0x35, 0x82,

    /* U+7EBF "线" */
    0x00, 0x0b, 0x00, 0x45, 0x50, 0x40, 0x1e, 0x99,
    0x80, 0x25, 0x18, 0xe3, 0x00, 0xcc, 0x72, 0x00,
    0x30, 0x05, 0x8d, 0x80, 0x4c, 0x7b, 0x32, 0x10,
    0x08, 0x69, 0x94, 0x12, 0xbc, 0x99, 0x19, 0x80,
    0xac, 0x50, 0x20, 0x47, 0xb8, 0x3e, 0xee, 0x10,
    0x67, 0x56, 0x06, 0x98, 0x1c, 0x20, 0x02, 0x98,
    0x9e, 0xe9, 0x40, 0xef, 0xc8, 0x8c, 0xc0, 0x04,
    0xdb, 0xfa, 0xaa, 0x9a, 0xec, 0x8c, 0xc8, 0x00,
    0x33, 0x1c, 0x1c, 0x07, 0xed, 0x80, 0x06, 0x4e,
    0x30, 0xe0, 0x5b, 0x68, 0xae, 0x40, 0x06, 0x03,
    0x70, 0x53, 0x8d, 0xef, 0x62, 0x1c, 0x52, 0x38,
    0x60, 0x15, 0x1c, 0xa1, 0x5c, 0xbe, 0xc1, 0x79,
    0x12, 0xbc, 0x33, 0x38, 0x6b, 0x80, 0xe1, 0x07,
    0x02, 0x00, 0x0d, 0xd4, 0x03, 0x16, 0xdc, 0x00,

    /* U+7EDC "络" */
    0x00, 0x23, 0x08, 0x00, 0x5c, 0x80, 0x3e, 0xf9,
    0x50, 0x03, 0x45, 0x00, 0x18, 0x02, 0x14, 0x84,
    0x00, 0x58, 0xfb, 0x64, 0xb8, 0x02, 0x59, 0xfa,
    0x4c, 0xd2, 0xe8, 0x64, 0xe0, 0x6c, 0x36, 0x3f,
    0x16, 0x0b, 0x21, 0xc0, 0x02, 0x12, 0x47, 0x48,
    0x47, 0xb4, 0x83, 0x00, 0x0f, 0x03, 0x41, 0x18,
    0x49, 0x94, 0x5b, 0x98, 0x31, 0x41, 0x98, 0xab,
    0xf7, 0x4c, 0x92, 0x29, 0x0f, 0xe8, 0xe8, 0x8e,
    0x66, 0x28, 0x41, 0x21, 0xcf, 0x3a, 0x38, 0x83,
    0x30, 0x05, 0x80, 0x18, 0xc2, 0x8a, 0x01, 0xfc,
    0x53, 0xbd, 0x8a, 0x01, 0xfc, 0x6c, 0x3b, 0x00,
    0x1f, 0xe1, 0xac, 0x20, 0x0c, 0x4c, 0xc1, 0x20,
    0x00,

    /* U+7EDF "统" */
    0x00, 0x1c, 0x98, 0x04, 0xee, 0x10, 0x0f, 0xa9,
    0x98, 0x01, 0x2c, 0x50, 0x0a, 0x00, 0x66, 0x75,
    0x36, 0x62, 0x03, 0x33, 0x6d, 0x40, 0x0e, 0xb1,
    0xa8, 0xcc, 0xd2, 0x96, 0xcf, 0x50, 0x4b, 0x96,
    0x2d, 0x07, 0x45, 0x48, 0x40, 0x0c, 0x7b, 0x27,
    0x6f, 0x57, 0x01, 0x76, 0x80, 0x02, 0x54, 0x96,
    0x94, 0x1d, 0x77, 0xea, 0x39, 0x00, 0x06, 0xf0,
    0x4d, 0x4c, 0x74, 0x8e, 0x0c, 0x80, 0xed, 0xaa,
    0xd6, 0x98, 0x04, 0x00, 0x78, 0x00, 0x31, 0x17,
    0x5a, 0x83, 0x81, 0x00, 0x7d, 0xf6, 0xa8, 0xc2,
    0x68, 0x01, 0x84, 0x40, 0x51, 0x9f, 0xac, 0xc0,
    0x80, 0x0c, 0xe6, 0x06, 0xc1, 0x92, 0x71, 0x26,
    0x00, 0x2b, 0x85, 0x01, 0xbc, 0x35, 0x9c, 0x60,
    0x05, 0x13, 0x11, 0x00, 0x08, 0x00, 0x4a, 0x30,
    0x09, 0xf7, 0x58, 0xa0,

    /* U+7EEA "绪" */
    0x00, 0x0c, 0x98, 0x05, 0x70, 0x01, 0xf3, 0x32,
    0xc0, 0x24, 0x13, 0x0b, 0x50, 0x0a, 0x96, 0x41,
    0x58, 0x17, 0x35, 0x3c, 0x41, 0x99, 0x54, 0xe6,
    0x60, 0x2f, 0x11, 0xd0, 0x9c, 0x1c, 0x22, 0x0c,
    0x02, 0xa0, 0xf4, 0x02, 0x13, 0x74, 0x96, 0x61,
    0x22, 0x16, 0xa4, 0xc7, 0x8d, 0x6c, 0xd9, 0x92,
    0x75, 0x49, 0xd3, 0x07, 0x0b, 0x22, 0x07, 0x5a,
    0x1d, 0x69, 0x81, 0xcb, 0xf5, 0x9a, 0x8b, 0x53,
    0x11, 0x04, 0x0c, 0xd1, 0xd2, 0xe6, 0x01, 0xe3,
    0x00, 0x63, 0x8a, 0x1b, 0x02, 0xb3, 0x0c, 0x02,
    0x28, 0xbf, 0xd5, 0x00, 0x2b, 0x30, 0xc0, 0x23,
    0x76, 0xc9, 0x00, 0xff, 0x0d, 0x69, 0x80, 0x62,
    0x66, 0x19, 0x08, 0x00,

    /* U+7EF4 "维" */
    0x00, 0x13, 0x08, 0x02, 0x12, 0x10, 0x03, 0xd5,
    0x32, 0x01, 0x79, 0xfb, 0x40, 0x0e, 0x64, 0x80,
    0x70, 0x84, 0x01, 0x54, 0x00, 0x31, 0x56, 0x3e,
    0x81, 0x5a, 0x9c, 0xc1, 0x1c, 0x5c, 0x1d, 0xa0,
    0xbf, 0xab, 0xe6, 0x08, 0x83, 0x4c, 0x6c, 0x01,
    0xe6, 0x00, 0x0e, 0x29, 0x7e, 0xa0, 0xb6, 0x04,
    0xdc, 0x80, 0x19, 0x30, 0x9c, 0x05, 0xb0, 0x27,
    0x64, 0x0e, 0x83, 0x2c, 0xc0, 0x3c, 0xa0, 0x03,
    0x15, 0xfa, 0x30, 0x16, 0xc0, 0x9a, 0xa0, 0x03,
    0xa4, 0x91, 0x00, 0x2d, 0x81, 0x3f, 0x40, 0x53,
    0xbf, 0x88, 0x01, 0xe2, 0x40, 0x27, 0x6d, 0x80,
    0x00, 0xb6, 0x03, 0x7d, 0xa0, 0x65, 0x90, 0x04,
    0x8d, 0x7e, 0xfb, 0xe8,

    /* U+7F13 "缓" */
    0x00, 0x2b, 0x08, 0x07, 0x24, 0xc0, 0x06, 0x98,
    0x02, 0x58, 0xcf, 0xb7, 0x45, 0x00, 0x11, 0xd0,
    0x81, 0x52, 0x5f, 0xab, 0xa0, 0x02, 0xe1, 0xf5,
    0xb6, 0x76, 0xc9, 0x34, 0x41, 0x10, 0x1e, 0x4d,
    0xea, 0xe6, 0x8b, 0xe2, 0x0c, 0x58, 0x74, 0xc6,
    0xb3, 0x5c, 0x44, 0x90, 0x2e, 0x78, 0x54, 0x66,
    0xd1, 0x0d, 0x20, 0x04, 0xdb, 0x93, 0x30, 0x81,
    0x9a, 0xf2, 0x44, 0x3d, 0x63, 0xb3, 0x83, 0x00,
    0x3d, 0xed, 0x12, 0x9c, 0x50, 0x40, 0x26, 0x62,
    0x00, 0x80, 0x2d, 0x0e, 0x0f, 0x9f, 0x2e, 0x0a,
    0x88, 0x0a, 0xff, 0xac, 0x16, 0x15, 0xdc, 0x8a,
    0x00, 0x25, 0x6d, 0x38, 0xd0, 0x91, 0x54, 0xed,
    0x50, 0xc9, 0x07, 0xf5, 0x8c, 0xda, 0xb4, 0x65,
    0x02, 0x00, 0x3a, 0x34, 0x28, 0x01, 0x2e, 0xc0,

    /* U+7F16 "编" */
    0x00, 0x21, 0x80, 0x63, 0x82, 0x00, 0xf4, 0x61,
    0x88, 0x00, 0xdb, 0x80, 0x80, 0x22, 0x39, 0x37,
    0xe7, 0x64, 0x67, 0xd8, 0x00, 0x5a, 0xaa, 0x04,
    0x4c, 0xca, 0xa3, 0x87, 0x82, 0x15, 0x4b, 0xe0,
    0x07, 0xf6, 0x2f, 0x2c, 0x68, 0x33, 0x70, 0x10,
    0x4c, 0x13, 0x38, 0x81, 0xb3, 0x6b, 0x70, 0x11,
    0x2c, 0x87, 0x85, 0xc7, 0x46, 0x47, 0x82, 0xc8,
    0x53, 0x08, 0x02, 0x86, 0x9d, 0x98, 0x0e, 0x21,
    0x0c, 0x66, 0x0a, 0x0a, 0x66, 0x00, 0x0b, 0xe4,
    0x55, 0xec, 0x28, 0x29, 0x98, 0x00, 0x3b, 0xef,
    0x72, 0x50, 0x0f, 0xc2, 0x8d, 0x95, 0x26, 0x01,
    0x88, 0x40, 0x05, 0x90, 0x1e, 0xc0, 0x21, 0x25,
    0x0b, 0xc0, 0x03, 0x00, 0x38, 0x0f, 0x13, 0x00,
    0xf2, 0x80,

    /* U+7F51 "网" */
    0x30, 0x0f, 0xf2, 0x80, 0x27, 0x9d, 0x9b, 0xe7,
    0xac, 0x00, 0x0b, 0xb2, 0xf1, 0x31, 0x09, 0x03,
    0x00, 0x48, 0x0a, 0xf8, 0x1b, 0x00, 0x1f, 0x4f,
    0x05, 0x50, 0x85, 0x00, 0x39, 0x0d, 0xc8, 0x9a,
    0x88, 0x00, 0xfa, 0xc1, 0x01, 0x43, 0x40, 0x3e,
    0x30, 0x70, 0x40, 0xb0, 0x0f, 0x94, 0x44, 0x7a,
    0x26, 0x40, 0x1e, 0xbd, 0x16, 0x5d, 0x06, 0x00,
    0xe4, 0x41, 0xfe, 0x59, 0x93, 0x00, 0x71, 0x40,
    0x03, 0xd4, 0x34, 0x80, 0x39, 0x80, 0x02, 0xc0,
    0x71, 0xa0, 0x60, 0x03, 0x00, 0xf1, 0xc9, 0x1d,
    0x85, 0x60, 0x07, 0xc3, 0xd8, 0x40,

    /* U+80F6 "胶" */
    0x00, 0xc2, 0x01, 0x14, 0x08, 0x07, 0xd3, 0x6d,
    0xba, 0x20, 0x24, 0xf1, 0x00, 0xf9, 0x19, 0x84,
    0x40, 0x05, 0x89, 0xae, 0x08, 0x07, 0xc2, 0xae,
    0xe1, 0x85, 0xd4, 0x40, 0x07, 0x33, 0x01, 0x4a,
    0x05, 0xc0, 0xa5, 0x40, 0x39, 0x98, 0x00, 0xf1,
    0x60, 0x76, 0xf2, 0x00, 0x8c, 0x03, 0x0a, 0xd0,
    0x83, 0xd8, 0xd0, 0x06, 0x10, 0x0a, 0x5d, 0x80,
    0xe3, 0x17, 0x00, 0x21, 0x06, 0x60, 0xd4, 0x28,
    0x20, 0x7d, 0x20, 0x06, 0x56, 0x60, 0x90, 0x7a,
    0x49, 0x20, 0x07, 0x39, 0x80, 0x74, 0xd8, 0xc8,
    0x07, 0x8b, 0x00, 0x39, 0x00, 0x1a, 0x20, 0x18,
    0x41, 0x5d, 0xc0, 0x05, 0x8c, 0x86, 0xeb, 0x50,
    0x02, 0x50, 0xa9, 0x24, 0x16, 0x9b, 0xd9, 0x32,
    0x00, 0x11, 0x00, 0x59, 0x10, 0x70, 0x09, 0x37,
    0x04, 0x00,

    /* U+81EA "自" */
    0x00, 0xc9, 0x0c, 0x01, 0xfd, 0x8e, 0x01, 0xf4,
    0x10, 0x14, 0xb0, 0x02, 0xd4, 0x05, 0xfd, 0xb0,
    0x19, 0x8e, 0x94, 0x40, 0x06, 0x6f, 0x80, 0xc8,
    0x03, 0xff, 0x84, 0xcd, 0xf0, 0x07, 0x33, 0x7c,
    0x01, 0xff, 0xc5, 0x66, 0xf8, 0x03, 0x99, 0xbe,
    0x00, 0xff, 0xe2, 0xb3, 0x7c, 0x01, 0xca, 0xcd,
    0xe1, 0x40,

    /* U+82AC "芬" */
    0x00, 0xcf, 0x44, 0x00, 0xb8, 0x00, 0xfd, 0xaa,
    0x40, 0x04, 0x20, 0x99, 0x01, 0x33, 0x4e, 0x0e,
    0xce, 0x0e, 0xe1, 0x11, 0x11, 0x9a, 0x70, 0x76,
    0x70, 0x47, 0x88, 0x10, 0x06, 0x95, 0x20, 0x47,
    0x90, 0x0f, 0xd2, 0xb4, 0x08, 0x42, 0x01, 0xf3,
    0xab, 0x40, 0x03, 0xfc, 0xa0, 0x1d, 0x10, 0x99,
    0x00, 0x4a, 0x75, 0xf6, 0x83, 0x41, 0x41, 0x7b,
    0x0d, 0x24, 0x41, 0x64, 0x3a, 0x85, 0x66, 0x1c,
    0x36, 0x05, 0xf6, 0x01, 0x00, 0x46, 0x4c, 0x00,
    0x20, 0x30, 0x10, 0x0e, 0xe4, 0x80, 0x06, 0x03,
    0x80, 0x70, 0xe2, 0xd8, 0xbe, 0x20, 0x90, 0x06,
    0x46, 0xe8, 0x01, 0x71, 0x2a, 0x00, 0xc0,

    /* U+836F "药" */
    0x00, 0xcf, 0x24, 0x00, 0xa8, 0x00, 0xfd, 0xac,
    0x40, 0x05, 0x30, 0x78, 0x02, 0x66, 0x9c, 0x19,
    0xa0, 0x66, 0x70, 0x99, 0x33, 0x4e, 0x0c, 0xd0,
    0x33, 0x26, 0x46, 0x00, 0x1e, 0x7c, 0x02, 0xe2,
    0xa0, 0x0f, 0x51, 0xf3, 0x82, 0x0d, 0x08, 0x43,
    0x00, 0xe0, 0x4a, 0xdc, 0xe1, 0x0b, 0x35, 0x04,
    0x22, 0x68, 0x97, 0xb4, 0xe6, 0x68, 0x08, 0x81,
    0x96, 0x17, 0x09, 0x95, 0x20, 0x01, 0x70, 0x06,
    0xc3, 0x73, 0x30, 0xa9, 0x98, 0x00, 0x10, 0x03,
    0x2e, 0x5b, 0x00, 0x0d, 0xdc, 0x40, 0x40, 0x0e,
    0xde, 0xab, 0x30, 0x04, 0x0a, 0x07, 0x00, 0x3e,
    0x57, 0xac, 0xc0, 0x0b, 0xb2, 0x0e, 0x00, 0xfa,
    0xd5, 0x00, 0xca, 0xa2, 0xa1, 0x00,

    /* U+83AB "莫" */
    0x00, 0xcd, 0x46, 0x00, 0xa8, 0x00, 0xfd, 0xea,
    0x40, 0x2a, 0x40, 0xf8, 0x24, 0xcd, 0x28, 0x4b,
    0x30, 0x1d, 0x82, 0xc8, 0x8c, 0xc2, 0x43, 0x96,
    0x61, 0xa9, 0xbb, 0x8c, 0x02, 0xb4, 0xa7, 0x67,
    0xa3, 0xa6, 0x00, 0xf3, 0x37, 0x8c, 0x14, 0x03,
    0xce, 0xcd, 0xc6, 0x01, 0xf9, 0xd9, 0xb8, 0xc0,
    0x3f, 0x3b, 0x5f, 0x4b, 0x18, 0x08, 0x07, 0x56,
    0x33, 0x8d, 0x35, 0xfa, 0x50, 0x1b, 0x30, 0xdd,
    0xc6, 0x10, 0xcd, 0x71, 0x21, 0xb3, 0x6f, 0x08,
    0xdc, 0x56, 0x88, 0x20, 0x06, 0x97, 0x87, 0x62,
    0xcf, 0xca, 0x40, 0x38, 0xbe, 0xe3, 0x80, 0x23,
    0x10, 0xc5, 0x08, 0x22, 0xdc, 0x40, 0x31, 0xdf,
    0x48, 0x00,

    /* U+884C "行" */
    0x00, 0x8a, 0x84, 0x03, 0xca, 0x01, 0xdc, 0xb2,
    0x2c, 0xda, 0x2a, 0xc0, 0x27, 0x3a, 0x81, 0x66,
    0xd1, 0xf6, 0x00, 0x4b, 0xc2, 0x00, 0xff, 0x87,
    0x1a, 0x30, 0x03, 0xcd, 0x20, 0x05, 0x0b, 0x1e,
    0x66, 0xd5, 0x78, 0x68, 0x00, 0x91, 0x52, 0x66,
    0xc2, 0x97, 0x48, 0x0c, 0x80, 0x20, 0x1f, 0xe3,
    0x1c, 0x00, 0xff, 0xe0, 0x1b, 0x80, 0x7f, 0xf9,
    0x8d, 0xf5, 0x00, 0x40, 0x3c, 0x60, 0x03, 0x77,
    0x0c, 0x80, 0x70, 0xfc, 0x80, 0x6a, 0xe6, 0x00,
    0x80,

    /* U+8868 "表" */
    0x00, 0xf2, 0xdb, 0x80, 0x7f, 0xf0, 0x0d, 0x04,
    0x00, 0xba, 0x40, 0x03, 0x66, 0xd8, 0x18, 0xcc,
    0x2a, 0x70, 0x01, 0xb3, 0x6c, 0x0c, 0x66, 0x61,
    0x28, 0x04, 0xac, 0xd6, 0x06, 0x33, 0x96, 0x00,
    0x65, 0x66, 0xb0, 0x31, 0x9e, 0x45, 0x00, 0x59,
    0xb4, 0x50, 0x63, 0x31, 0xd2, 0x08, 0x59, 0xa7,
    0x63, 0x8c, 0x66, 0x2b, 0xf1, 0x00, 0x43, 0x83,
    0x2e, 0x06, 0x3e, 0x96, 0x01, 0x27, 0x90, 0x30,
    0x3f, 0x52, 0xf4, 0x80, 0xc1, 0xe1, 0x00, 0x42,
    0xaa, 0xe1, 0x00, 0xa1, 0xc8, 0x02, 0x46, 0x93,
    0x9d, 0x82, 0x10, 0x02, 0x10, 0x7e, 0xb0, 0xe1,
    0x11, 0x40, 0x33, 0x01, 0xe4, 0x80, 0x07, 0x5e,
    0x48, 0x02, 0x2c, 0xc1, 0x80, 0x74, 0x20, 0x00,

    /* U+897F "西" */
    0x00, 0xff, 0xe0, 0x29, 0x82, 0x33, 0x7f, 0x9e,
    0xb1, 0x10, 0xcd, 0x3c, 0xfb, 0x46, 0xb3, 0xff,
    0x90, 0x03, 0xff, 0x80, 0x40, 0x14, 0xdb, 0x30,
    0x15, 0x85, 0x98, 0xfb, 0x60, 0x12, 0x3a, 0x82,
    0x30, 0xb3, 0x14, 0x04, 0x03, 0x84, 0x3c, 0x03,
    0xff, 0x80, 0xc0, 0x80, 0x1f, 0xfc, 0x0c, 0x33,
    0x00, 0x12, 0xa4, 0x03, 0xc6, 0x9c, 0x00, 0x61,
    0x45, 0x00, 0xf2, 0xe1, 0x00, 0x23, 0xb9, 0x80,
    0x1e, 0x61, 0x00, 0xff, 0xe0, 0xb3, 0x7e, 0xa0,
    0x0e, 0x27, 0x66, 0xfa, 0x8b, 0x00,

    /* U+89E3 "解" */
    0x00, 0x2b, 0x08, 0x07, 0xff, 0x02, 0x20, 0x72,
    0x0a, 0xce, 0xe6, 0xbc, 0x10, 0x22, 0x34, 0x33,
    0x15, 0xa3, 0x18, 0x08, 0x42, 0xd6, 0x02, 0x80,
    0x08, 0x1c, 0x0e, 0x60, 0x4e, 0xb0, 0x99, 0x2f,
    0xca, 0xf4, 0x6e, 0x07, 0x23, 0x81, 0x41, 0xe5,
    0x45, 0xab, 0x00, 0x20, 0x3a, 0x34, 0x18, 0x8b,
    0xd7, 0x44, 0x00, 0xf1, 0xd1, 0xa0, 0x13, 0x70,
    0x72, 0x60, 0x0f, 0xd8, 0x68, 0x2d, 0x5e, 0x40,
    0x27, 0x83, 0x60, 0x78, 0xc2, 0xd1, 0x44, 0x06,
    0xb8, 0x36, 0x04, 0xcc, 0x16, 0x8c, 0x70, 0x6c,
    0x00, 0xd4, 0xcc, 0x16, 0x8f, 0x71, 0x04, 0x45,
    0xd0, 0x18, 0x07, 0xc9, 0xc0, 0x05, 0x25, 0x10,
    0x08, 0xc0, 0x20,

    /* U+89E6 "触" */
    0x00, 0x2b, 0x08, 0x07, 0x32, 0x80, 0x7d, 0x10,
    0x08, 0x10, 0x0a, 0x70, 0x03, 0xc4, 0x46, 0xb7,
    0x60, 0x0f, 0xfa, 0xd6, 0x02, 0x48, 0x8a, 0x01,
    0x14, 0x80, 0x44, 0xeb, 0x2f, 0x95, 0x14, 0xc0,
    0x50, 0xc6, 0x00, 0x39, 0x1c, 0x0f, 0x0c, 0x07,
    0x02, 0xc0, 0x30, 0x00, 0x80, 0xf9, 0xf8, 0x07,
    0xff, 0x04, 0x7c, 0xfc, 0x03, 0xff, 0x81, 0xe0,
    0x1f, 0x30, 0x2e, 0x00, 0x70, 0x87, 0x9f, 0x81,
    0xa3, 0x82, 0xf4, 0x80, 0x73, 0xf9, 0xf8, 0x25,
    0x80, 0x58, 0x40, 0x18, 0xbc, 0x03, 0xf1, 0xfd,
    0x90, 0x04, 0xce, 0x07, 0xe1, 0x1f, 0xe0, 0x12,
    0x0a, 0x00, 0x1d, 0x8b, 0x58, 0x15, 0x1c, 0xf5,
    0xa8, 0x06, 0x26, 0x03, 0x58, 0xc3, 0xc6, 0x10,
    0x06, 0xc0, 0x00, 0x40, 0x31, 0x08, 0x07, 0x88,
    0x02,

    /* U+8B66 "警" */
    0x00, 0x34, 0x05, 0x31, 0x04, 0xb8, 0x80, 0x42,
    0xd4, 0xac, 0xb9, 0xe6, 0xd6, 0x27, 0x60, 0x2e,
    0x6a, 0xd0, 0x5e, 0xa1, 0x73, 0x82, 0x61, 0x27,
    0xd4, 0x0d, 0x3a, 0xe2, 0x44, 0xa3, 0x23, 0x30,
    0xa9, 0x81, 0xdc, 0x52, 0x29, 0x01, 0x78, 0x08,
    0x68, 0xe9, 0x4a, 0x2b, 0xec, 0x03, 0x4b, 0x77,
    0x0b, 0x1e, 0x62, 0xad, 0xa0, 0x00, 0x84, 0x6b,
    0xcd, 0xa4, 0x57, 0xa8, 0x83, 0x37, 0x3d, 0xe3,
    0x75, 0xfc, 0x00, 0x11, 0x0e, 0x45, 0xe0, 0x02,
    0x20, 0x40, 0x27, 0x00, 0xf3, 0x90, 0x07, 0xa3,
    0x40, 0x39, 0xd4, 0x80, 0x3c, 0xac, 0xde, 0x13,
    0x00, 0xf1, 0xb3, 0x78, 0x80, 0x20,

    /* U+8BA1 "计" */
    0x00, 0x39, 0x80, 0x76, 0x58, 0x80, 0x71, 0x65,
    0x00, 0x62, 0x61, 0x00, 0xe5, 0x45, 0x20, 0x0f,
    0xfe, 0x06, 0xc9, 0x00, 0x7f, 0x0b, 0x3c, 0xd0,
    0x07, 0xc2, 0xc0, 0x2c, 0xc0, 0x52, 0x66, 0x84,
    0xdb, 0x65, 0xc0, 0x38, 0x99, 0xa1, 0x36, 0xcf,
    0x70, 0x0f, 0xfe, 0xc1, 0x00, 0x7f, 0xf0, 0x0a,
    0x90, 0x03, 0xfd, 0x20, 0x9e, 0xc0, 0x1f, 0xeb,
    0x0b, 0x50, 0x0f, 0xf8, 0xf9, 0x00, 0x39, 0x00,
    0x30,

    /* U+8BA4 "认" */
    0x02, 0x61, 0x00, 0xd1, 0x24, 0x01, 0xc5, 0x9c,
    0x80, 0x12, 0xb1, 0x00, 0x7a, 0xc3, 0x80, 0x30,
    0x80, 0x7c, 0x33, 0x00, 0x18, 0x40, 0x38, 0xda,
    0xe5, 0x80, 0x23, 0x01, 0x00, 0xc6, 0xc2, 0x0a,
    0x01, 0x08, 0x28, 0x07, 0xfc, 0x20, 0x86, 0x01,
    0xff, 0x10, 0x6d, 0x80, 0x7f, 0xc8, 0x08, 0x04,
    0x01, 0xf9, 0x82, 0xd0, 0x92, 0x40, 0x3e, 0xd2,
    0x33, 0x40, 0x62, 0x30, 0x04, 0x48, 0x08, 0x8f,
    0x83, 0x04, 0x29, 0x70, 0x01, 0x01, 0xc3, 0xb3,
    0x80, 0x50, 0x10, 0xa0, 0x0a, 0xd6, 0x0a, 0x00,
    0xca, 0xf0, 0xa0, 0x04, 0x17, 0x70, 0x07, 0xa1,
    0xc0,

    /* U+8BB0 "记" */
    0x01, 0x82, 0x00, 0xfc, 0x20, 0x10, 0x86, 0xb9,
    0xb3, 0x75, 0xfa, 0x00, 0x50, 0x30, 0x6c, 0xdc,
    0x42, 0xe0, 0x1a, 0xa8, 0x01, 0xf8, 0x80, 0xda,
    0xa8, 0xc0, 0x1f, 0xe3, 0x63, 0x12, 0x03, 0x00,
    0xff, 0xe1, 0x7e, 0xbb, 0x31, 0x40, 0x3f, 0xc6,
    0xec, 0xc5, 0x41, 0x00, 0xff, 0xe0, 0x4d, 0x80,
    0x7c, 0x20, 0x1f, 0xfc, 0x18, 0x70, 0x0f, 0x98,
    0x00, 0x28, 0x06, 0xc0, 0x20, 0x1d, 0x40, 0x01,
    0x03, 0xa0, 0x70, 0xfe, 0xeb, 0xcd, 0xc0, 0x1d,
    0xa0, 0x0a, 0x87, 0x66, 0x4c, 0x53, 0x80,

    /* U+8BC1 "证" */
    0x04, 0x40, 0x07, 0xf2, 0x10, 0x01, 0x6a, 0x80,
    0xac, 0xdc, 0xf5, 0x84, 0x02, 0xca, 0x2a, 0xcd,
    0x4d, 0x3f, 0x70, 0x80, 0x15, 0x02, 0x01, 0xfe,
    0x36, 0xe8, 0x30, 0x0f, 0xf1, 0xb3, 0x04, 0xc2,
    0xe0, 0x03, 0xff, 0x82, 0x84, 0x01, 0xb5, 0xc0,
    0x3f, 0xe1, 0x6b, 0x10, 0x0f, 0xf8, 0x59, 0xa0,
    0x0f, 0x10, 0x07, 0xff, 0x00, 0x65, 0x80, 0x3f,
    0xc2, 0xe1, 0xc8, 0x01, 0xfe, 0x32, 0x57, 0x00,
    0xfa, 0xb4, 0x40, 0xaa, 0x8a, 0xd3, 0x8d, 0x34,
    0xd9, 0x64,

    /* U+8BC6 "识" */
    0x04, 0x40, 0x07, 0xe1, 0x20, 0x0e, 0x5a, 0xb0,
    0x07, 0x4b, 0x35, 0xba, 0x40, 0x0c, 0x2c, 0x84,
    0x02, 0x6c, 0xd0, 0x01, 0x40, 0x3a, 0x5c, 0x80,
    0x3f, 0xf8, 0x06, 0xd4, 0xe8, 0x01, 0xff, 0xc0,
    0x36, 0x20, 0x50, 0x0f, 0xfe, 0x20, 0x80, 0x7f,
    0xf1, 0xdd, 0x9a, 0x10, 0x0f, 0xfe, 0x03, 0xb3,
    0x48, 0xc2, 0x01, 0xf0, 0xa7, 0xbe, 0xa3, 0x74,
    0x80, 0x78, 0xc2, 0x85, 0x09, 0x91, 0xaf, 0x48,
    0x03, 0x13, 0x81, 0xac, 0x15, 0x00, 0x38, 0xbc,
    0x03, 0x19, 0x92, 0x18, 0xbc, 0x40, 0x04, 0xa4,
    0xa0, 0x10, 0xd5, 0x0b, 0xf8, 0x80, 0x37, 0x00,
    0x79, 0x04, 0xe4, 0x03, 0xc9, 0xea, 0x01, 0xe1,
    0x00, 0xff, 0xe0, 0x00,

    /* U+8BE6 "详" */
    0x03, 0x50, 0x09, 0x0c, 0x02, 0x94, 0x00, 0x8e,
    0xf0, 0x00, 0xd8, 0xe0, 0x4d, 0x02, 0x01, 0x41,
    0x90, 0x11, 0x24, 0x10, 0xfc, 0xc0, 0x27, 0x92,
    0x45, 0x47, 0x5d, 0xaf, 0xd4, 0x36, 0xa9, 0x34,
    0x59, 0xba, 0x16, 0xcf, 0x43, 0x61, 0x03, 0x00,
    0x8c, 0x02, 0x50, 0x0f, 0x85, 0x9a, 0x06, 0x7a,
    0xc0, 0x0f, 0x0b, 0x34, 0x0c, 0xff, 0x80, 0x1f,
    0xfc, 0x26, 0x00, 0xf3, 0x36, 0x06, 0x65, 0xcc,
    0x00, 0x63, 0x06, 0x68, 0x19, 0x97, 0xf0, 0x04,
    0x81, 0xee, 0x01, 0xfe, 0x23, 0x5c, 0x10, 0x0f,
    0xfb, 0xe8, 0x03, 0xda, 0x01, 0x80,

    /* U+8BEF "误" */
    0x04, 0x40, 0x04, 0x40, 0x18, 0x88, 0x01, 0x2d,
    0x58, 0x0e, 0xdb, 0x35, 0xfa, 0x80, 0x01, 0x94,
    0x30, 0x00, 0xb3, 0x4e, 0x0a, 0x01, 0x33, 0x0c,
    0x03, 0xf0, 0x81, 0xb6, 0xb1, 0x80, 0x19, 0xb3,
    0x80, 0x46, 0xca, 0x06, 0x05, 0x4c, 0xd5, 0xa8,
    0x07, 0xc5, 0x60, 0xcd, 0x62, 0xb8, 0x07, 0x8d,
    0x99, 0xf2, 0x55, 0xee, 0x01, 0xff, 0x38, 0x3b,
    0x80, 0x38, 0x59, 0xa4, 0x0a, 0x7c, 0xc2, 0x00,
    0x61, 0x26, 0x61, 0x20, 0x35, 0xd9, 0x00, 0x54,
    0x35, 0x81, 0xc2, 0x73, 0x0a, 0x01, 0x8c, 0x7c,
    0x96, 0xac, 0x94, 0x6b, 0x90, 0x06, 0xbc, 0xdf,
    0x71, 0x00, 0x1a, 0x6e, 0x80, 0x05, 0x13, 0x78,
    0x10, 0x08, 0x72, 0x00,

    /* U+8BF7 "请" */
    0x03, 0x60, 0x0e, 0x7a, 0x20, 0x0e, 0x3a, 0xe1,
    0x00, 0xb9, 0x48, 0x75, 0x40, 0x29, 0x15, 0x53,
    0x31, 0x41, 0xd9, 0x48, 0x02, 0x5b, 0x45, 0x66,
    0x28, 0x39, 0x23, 0x01, 0x2d, 0x50, 0xc5, 0x98,
    0xa0, 0xe6, 0xe8, 0x04, 0xa0, 0x24, 0xe0, 0x1c,
    0x29, 0x64, 0x01, 0x85, 0x85, 0xb3, 0xdc, 0xa3,
    0x88, 0x03, 0x86, 0x31, 0x9a, 0x98, 0x50, 0x0f,
    0xcc, 0xdc, 0x08, 0x01, 0xf9, 0x9b, 0x80, 0x3e,
    0x82, 0x00, 0xff, 0x12, 0x06, 0x90, 0x33, 0x70,
    0x06, 0x23, 0x85, 0x00, 0xc5, 0x0a, 0x02, 0x01,
    0x63, 0x80, 0x07, 0x40, 0xac, 0x5c, 0x03, 0x08,
    0x00, 0x79, 0xc0, 0x07, 0xd0, 0x00,

    /* U+8D25 "败" */
    0x00, 0xfd, 0x10, 0x30, 0x0e, 0xc7, 0x66, 0x56,
    0x92, 0xb9, 0x00, 0x71, 0x03, 0x30, 0x8c, 0x88,
    0x62, 0x04, 0x80, 0x1a, 0xb0, 0x80, 0x27, 0x66,
    0x7d, 0xa0, 0x06, 0x72, 0x03, 0x0a, 0x6e, 0x2b,
    0x40, 0x08, 0x44, 0x00, 0x52, 0x10, 0x30, 0x50,
    0x0f, 0xdf, 0x06, 0x0a, 0x42, 0x01, 0x9c, 0x80,
    0x16, 0x94, 0x42, 0x80, 0x1c, 0x5c, 0x00, 0x21,
    0x58, 0x0b, 0x00, 0x8c, 0x44, 0x1e, 0xe0, 0x0b,
    0x56, 0x20, 0x0b, 0x40, 0x45, 0x54, 0x00, 0x70,
    0x18, 0x07, 0x6c, 0xb8, 0x68, 0x2b, 0xaa, 0xb0,
    0x80, 0x08, 0x0e, 0x16, 0x4b, 0x39, 0x48, 0x7a,
    0xc7, 0x96, 0x00, 0x6a, 0x3c, 0x20, 0xb6, 0x68,
    0xe0, 0x03, 0x33, 0x00, 0x34, 0xc8, 0x00,

    /* U+8D26 "账" */
    0x00, 0xe1, 0x00, 0x64, 0x00, 0x7b, 0x1d, 0x99,
    0xf2, 0x06, 0x20, 0x4a, 0x01, 0x10, 0x33, 0x07,
    0x80, 0x34, 0x53, 0x80, 0x6b, 0x60, 0x10, 0x09,
    0x15, 0xdc, 0x01, 0x94, 0xc0, 0x31, 0xcd, 0x40,
    0x07, 0xfc, 0xd8, 0xa8, 0x20, 0x1f, 0x7b, 0x80,
    0x1d, 0xd7, 0x82, 0x01, 0x08, 0x83, 0xdc, 0x14,
    0xdf, 0xf4, 0x40, 0x1e, 0x0c, 0x01, 0xc2, 0x80,
    0x19, 0xf4, 0x01, 0x4e, 0x01, 0x2f, 0x80, 0x69,
    0x32, 0x93, 0x10, 0x08, 0x59, 0x80, 0x1b, 0x6e,
    0x25, 0x40, 0x04, 0xeb, 0x2c, 0x00, 0x37, 0x63,
    0x1c, 0x70, 0x44, 0x48, 0x4a, 0x15, 0x60, 0x03,
    0x61, 0x86, 0xcc, 0x6a, 0xd0, 0xe4, 0x02, 0x31,
    0x17, 0xa0, 0x01, 0x50, 0x00,

    /* U+8FD0 "运" */
    0x03, 0x00, 0xfe, 0x43, 0x00, 0xcd, 0xc8, 0x00,
    0x66, 0xcf, 0x78, 0x60, 0x12, 0x9d, 0x88, 0x33,
    0x67, 0xff, 0x18, 0x06, 0xb0, 0x0f, 0xe4, 0x10,
    0x0c, 0xf8, 0x28, 0x9e, 0x6b, 0xc2, 0x02, 0x6d,
    0xc4, 0x55, 0x3d, 0xeb, 0xbb, 0xb0, 0x80, 0x99,
    0x41, 0x44, 0x48, 0x06, 0x42, 0x30, 0x07, 0x84,
    0x01, 0x27, 0x41, 0x88, 0x01, 0xfd, 0x2b, 0x80,
    0x29, 0x6a, 0x01, 0xf3, 0xbb, 0x5e, 0x24, 0x01,
    0x60, 0x1f, 0x78, 0xc6, 0xf4, 0x41, 0x04, 0x80,
    0x02, 0xaa, 0x8b, 0xce, 0xa6, 0x10, 0x99, 0x10,
    0x1f, 0x35, 0x76, 0x44, 0xc4, 0x6a, 0xf3, 0x03,
    0x35, 0x83, 0x61, 0x23, 0xbf, 0x19, 0x80, 0x18,
    0x20, 0x03, 0x9d, 0xff, 0xea, 0x00, 0x00,

    /* U+8FDE "连" */
    0x03, 0x00, 0xe6, 0x10, 0x0f, 0x93, 0x48, 0x00,
    0x53, 0x42, 0x01, 0xe7, 0x3f, 0x00, 0x28, 0x78,
    0x84, 0x69, 0x00, 0x4c, 0x06, 0xd0, 0x24, 0xcc,
    0xeb, 0x60, 0x0a, 0x74, 0xd4, 0x18, 0x71, 0x59,
    0x88, 0x04, 0x79, 0x41, 0x41, 0x5c, 0xa4, 0xe4,
    0x00, 0x31, 0x37, 0x36, 0x14, 0x50, 0x9a, 0xe0,
    0x00, 0x90, 0x31, 0xe6, 0xb2, 0x84, 0xee, 0x00,
    0x7c, 0x66, 0x00, 0xc5, 0xa8, 0x01, 0xc8, 0xcd,
    0x28, 0x32, 0xa8, 0xc0, 0x39, 0x19, 0xa5, 0x06,
    0x78, 0x70, 0x01, 0x19, 0x94, 0x03, 0xfc, 0xdb,
    0x10, 0xce, 0xa9, 0x53, 0x98, 0x88, 0x51, 0x0a,
    0x13, 0x60, 0xe6, 0x67, 0x7b, 0x84, 0xac, 0x02,
    0x5a, 0xef, 0xfe, 0x60,

    /* U+91C7 "采" */
    0x00, 0xfe, 0x27, 0x90, 0x0f, 0x85, 0x1a, 0xbb,
    0x61, 0xa8, 0x02, 0x47, 0x98, 0xee, 0x6d, 0xdb,
    0x72, 0x80, 0x24, 0xfc, 0x98, 0x62, 0x54, 0x7c,
    0xa0, 0x0d, 0x94, 0xe4, 0x4a, 0x00, 0x48, 0xc0,
    0x06, 0x40, 0xc0, 0x97, 0x06, 0x7f, 0x20, 0x0e,
    0xca, 0x0f, 0x74, 0x2b, 0x17, 0x00, 0x1b, 0x31,
    0x5d, 0x9c, 0x0c, 0x9a, 0xe3, 0x00, 0xd9, 0xa4,
    0x92, 0x0f, 0x76, 0xbf, 0xc0, 0x0e, 0x90, 0x10,
    0xbc, 0x20, 0x0f, 0xa1, 0x71, 0x00, 0xaf, 0x60,
    0x40, 0x35, 0x26, 0x18, 0x04, 0xcc, 0x7e, 0xa1,
    0x14, 0xf6, 0x10, 0x07, 0x4c, 0x83, 0xc4, 0x25,
    0x00, 0x31, 0x00, 0x4d, 0xca, 0x00,

    /* U+91CA "释" */
    0x00, 0xce, 0x80, 0x1e, 0x40, 0x08, 0xa3, 0xa7,
    0xda, 0x19, 0xac, 0xb5, 0x01, 0x7d, 0x1a, 0xe6,
    0xe4, 0x64, 0x32, 0x50, 0x1e, 0x60, 0x2a, 0x76,
    0xe2, 0x90, 0xe0, 0x09, 0xe8, 0x39, 0x5c, 0x3f,
    0x51, 0xcc, 0x02, 0xbf, 0x01, 0xd0, 0x19, 0x32,
    0x7f, 0xb3, 0x21, 0xc0, 0x3d, 0xb8, 0xf5, 0xa8,
    0x20, 0x32, 0x61, 0x01, 0xeb, 0x94, 0x6e, 0x25,
    0xb0, 0x09, 0x00, 0xad, 0xd9, 0x80, 0xba, 0x04,
    0x00, 0x50, 0x06, 0x12, 0x33, 0x01, 0x63, 0x04,
    0x01, 0xd6, 0x03, 0xea, 0xcc, 0x05, 0x69, 0xd2,
    0x48, 0x50, 0x01, 0x33, 0x40, 0xad, 0xbc, 0x48,
    0x60, 0x1f, 0xfc, 0x57, 0x00, 0xee, 0x00, 0xf0,
    0xf9, 0x80, 0x43, 0xee, 0x01, 0x80,

    /* U+91CD "重" */
    0x00, 0xfc, 0x4d, 0x44, 0x01, 0x84, 0xda, 0x2f,
    0xb6, 0x5e, 0x00, 0x21, 0x57, 0x2c, 0x71, 0xdf,
    0xde, 0x50, 0x17, 0x22, 0xc2, 0x0a, 0xcc, 0x88,
    0x28, 0xb1, 0x3b, 0x34, 0x0c, 0xc2, 0x8d, 0x50,
    0x07, 0x71, 0xd9, 0x80, 0xcc, 0x9b, 0x40, 0x0e,
    0x66, 0x81, 0x9a, 0x04, 0x00, 0xe6, 0x68, 0x19,
    0xa0, 0x0f, 0x99, 0xa0, 0x66, 0x80, 0x3e, 0x66,
    0x81, 0x9a, 0x00, 0xef, 0xb7, 0x66, 0x03, 0x32,
    0x4c, 0x40, 0x04, 0x64, 0xcd, 0x03, 0x33, 0x16,
    0x40, 0x04, 0xcd, 0xc0, 0xcc, 0x8c, 0x20, 0x36,
    0x6e, 0x14, 0x66, 0xb8, 0x60,

    /* U+91CF "量" */
    0x00, 0x98, 0x40, 0x30, 0xc8, 0x80, 0x74, 0xe3,
    0x36, 0x86, 0xa0, 0x0f, 0xfe, 0x0e, 0x00, 0x79,
    0x9b, 0xb4, 0x03, 0xf3, 0x37, 0x68, 0x09, 0x80,
    0xaa, 0xd6, 0x67, 0xb2, 0x73, 0x0a, 0x28, 0xda,
    0x89, 0xed, 0x9e, 0x50, 0x11, 0x47, 0x3e, 0xfb,
    0x4a, 0x70, 0x80, 0x7e, 0x10, 0x09, 0xc0, 0x3c,
    0xac, 0xc0, 0x6a, 0x00, 0xfc, 0xac, 0xc0, 0x6a,
    0x03, 0x00, 0xc7, 0x3a, 0xcc, 0x06, 0x8a, 0x73,
    0x00, 0x0b, 0x83, 0xb3, 0x01, 0x98, 0x73, 0x00,
    0x4e, 0x01, 0xfd, 0x89, 0x20,

    /* U+9519 "错" */
    0x00, 0x39, 0x00, 0x4a, 0xc2, 0x6a, 0x40, 0x11,
    0xc4, 0x90, 0x03, 0xa0, 0x6e, 0x8c, 0x02, 0xb0,
    0x2f, 0xa0, 0x0f, 0x44, 0x00, 0x0a, 0xf3, 0xb4,
    0xcc, 0x16, 0x30, 0xee, 0x01, 0x8c, 0x0e, 0x1b,
    0x30, 0x58, 0xc1, 0x88, 0x12, 0x33, 0xa5, 0x59,
    0x82, 0xc6, 0x17, 0x64, 0x74, 0x61, 0x56, 0x7d,
    0xf6, 0xbf, 0x8f, 0x40, 0x0d, 0x0d, 0x18, 0xef,
    0x5e, 0xa0, 0x1b, 0x30, 0x78, 0x00, 0x6c, 0xee,
    0xc0, 0x08, 0xd9, 0x82, 0xcc, 0x00, 0xf9, 0xc0,
    0x38, 0x54, 0x00, 0xcd, 0x60, 0x07, 0x87, 0x54,
    0x00, 0xcd, 0x60, 0x06, 0x15, 0x0e, 0x00, 0xff,
    0x86, 0xa8, 0x40, 0x01, 0x66, 0xb0, 0x44, 0x00,

    /* U+95F4 "间" */
    0x01, 0x94, 0x00, 0xf8, 0x80, 0x21, 0xeb, 0x75,
    0x66, 0xcf, 0xb2, 0x11, 0x84, 0x38, 0xac, 0xdc,
    0x04, 0x04, 0x69, 0xb4, 0x01, 0x18, 0x04, 0x20,
    0x1a, 0xfd, 0xda, 0xf1, 0x00, 0x3f, 0x0b, 0xb1,
    0x82, 0x80, 0x7f, 0xf2, 0xdd, 0x8c, 0x03, 0xfe,
    0x76, 0x30, 0x0f, 0xfe, 0x6b, 0xb1, 0x80, 0x7f,
    0x7a, 0xbb, 0x7d, 0x88, 0x07, 0xcf, 0x40, 0x04,
    0x68, 0xc0, 0x20, 0x01, 0x88, 0x07, 0x14, 0x02,
    0xc8, 0x00,

    /* U+963F "阿" */
    0x20, 0x01, 0x80, 0x7c, 0x2c, 0x19, 0x6d, 0x98,
    0x76, 0x6c, 0xf9, 0x30, 0x02, 0xe0, 0xae, 0xcd,
    0xc4, 0xd0, 0x00, 0x51, 0x81, 0x00, 0x18, 0x07,
    0xc7, 0x03, 0xf4, 0xf9, 0x46, 0x01, 0xdc, 0xc0,
    0x02, 0x70, 0xc3, 0x00, 0xef, 0x80, 0x0f, 0xfe,
    0x03, 0xb8, 0x80, 0x3f, 0xe1, 0x04, 0x03, 0x60,
    0x0f, 0x84, 0xc3, 0xc0, 0x9c, 0x03, 0xf5, 0x87,
    0xcd, 0x8f, 0x30, 0x07, 0x0d, 0x43, 0x39, 0x00,
    0x80, 0x7c, 0x4e, 0x01, 0x92, 0x28, 0x38, 0x00,
    0x40, 0x1e, 0x4a, 0x55, 0x30, 0x00,

    /* U+96C6 "集" */
    0x00, 0xff, 0xe3, 0x36, 0xa8, 0x65, 0x88, 0x07,
    0xe8, 0x2d, 0x0a, 0x43, 0x03, 0x30, 0x06, 0x61,
    0x17, 0x30, 0xc2, 0x37, 0x69, 0x80, 0x06, 0x01,
    0x19, 0x95, 0x0c, 0xc5, 0xd3, 0x00, 0x5c, 0x03,
    0x34, 0x60, 0xce, 0x54, 0x00, 0x1a, 0x70, 0x66,
    0x8c, 0x19, 0xc7, 0xc0, 0x02, 0x01, 0x33, 0x46,
    0x0c, 0xcc, 0xa0, 0x0f, 0xfe, 0x0e, 0x9c, 0x00,
    0x61, 0xa6, 0x72, 0x66, 0xab, 0x74, 0x02, 0xcf,
    0x00, 0xd2, 0x68, 0xcd, 0x75, 0x28, 0xb3, 0x45,
    0x2e, 0x03, 0xe4, 0xd9, 0xea, 0x01, 0x25, 0x94,
    0x83, 0xc4, 0xec, 0xa9, 0x00, 0xcc, 0x4e, 0xb8,
    0x00, 0x71, 0x1a, 0x9c, 0x52, 0x31, 0x80, 0x23,
    0x01, 0x9d, 0x95,

    /* U+9762 "面" */
    0x00, 0xff, 0xe0, 0x38, 0x01, 0x19, 0xbf, 0xd7,
    0x18, 0x08, 0xcd, 0xd1, 0x6c, 0xd5, 0xfe, 0x00,
    0x0c, 0x03, 0xbc, 0x02, 0x26, 0x00, 0xa7, 0x9d,
    0xd4, 0x49, 0x52, 0xdf, 0x2a, 0x01, 0x0b, 0x31,
    0x51, 0x90, 0x99, 0x80, 0x80, 0x1f, 0xfc, 0xa3,
    0x61, 0x00, 0xff, 0xe0, 0x1b, 0x08, 0x07, 0xff,
    0x3c, 0xd8, 0x40, 0x3f, 0xf8, 0x06, 0xc2, 0x01,
    0xfc, 0xcc, 0x03, 0x61, 0x66, 0x80, 0x38, 0x9d,
    0xdf, 0x6d, 0xfa, 0xcc, 0x31, 0x00,

    /* U+9A8C "验" */
    0x00, 0xfc, 0xb0, 0x60, 0x1c, 0xcd, 0x65, 0x00,
    0x25, 0xd4, 0x03, 0x99, 0xa0, 0x08, 0xcd, 0x3c,
    0x20, 0x19, 0x6c, 0x84, 0xc2, 0x15, 0xaf, 0x08,
    0x02, 0x36, 0x23, 0xe4, 0x7a, 0x03, 0x7d, 0x81,
    0x0e, 0x10, 0x1f, 0xcc, 0x00, 0x17, 0xd1, 0x88,
    0x05, 0xc4, 0x01, 0x0c, 0xd6, 0xea, 0xb4, 0xc1,
    0x1d, 0x85, 0xd1, 0x8d, 0xe3, 0x30, 0xa0, 0x0c,
    0xe7, 0x61, 0x35, 0x1d, 0x03, 0x25, 0x00, 0x08,
    0x98, 0x4d, 0x29, 0x8d, 0x74, 0xcc, 0x0b, 0xfa,
    0xa6, 0x24, 0x08, 0x1a, 0x92, 0x00, 0x43, 0xf3,
    0x66, 0x08, 0x1c, 0x61, 0x28, 0x00, 0x70, 0x90,
    0xf0, 0x39, 0x5c, 0xbd, 0x9c, 0x02, 0x29, 0x52,
    0x67, 0x66, 0x72, 0xe6, 0x98,

    /* U+FF08 "（" */
    0x00, 0xcc, 0x01, 0xad, 0x00, 0x2b, 0xd2, 0x00,
    0x2b, 0x30, 0x02, 0x8a, 0x00, 0x84, 0x8c, 0x02,
    0x50, 0x60, 0x08, 0x40, 0xc0, 0x26, 0x02, 0x00,
    0x8c, 0x18, 0x03, 0x2f, 0x80, 0x68, 0x41, 0x00,
    0x8a, 0xec, 0x01, 0x97, 0x1c, 0x03, 0x32, 0x80,

    /* U+FF09 "）" */
    0x06, 0x00, 0xe5, 0xb0, 0x0c, 0x7b, 0x60, 0x19,
    0x98, 0xa0, 0x19, 0x60, 0x03, 0x61, 0x08, 0x04,
    0xc0, 0xa0, 0x11, 0x80, 0x80, 0x44, 0x0c, 0x01,
    0x30, 0x18, 0x05, 0xea, 0x01, 0x0a, 0x40, 0x05,
    0x76, 0x20, 0x03, 0xfa, 0x80, 0x4a, 0xa0, 0x08,

    /* U+FF0C "，" */
    0x00, 0xed, 0xf2, 0x02, 0x05, 0x0d, 0x32, 0x02,
    0x75, 0x08, 0x80, 0x02, 0x4c, 0x00,

    /* U+FF1A "：" */
    0x07, 0x90, 0x28, 0x65, 0x26, 0x44, 0x04, 0xd8,
    0x80, 0x7f, 0x66, 0x88, 0x8c, 0x90, 0x6a, 0x14,

    /* U+FF1B "；" */
    0x07, 0x90, 0x28, 0x65, 0x26, 0x44, 0x04, 0xd8,
    0x80, 0x7f, 0x5e, 0x90, 0xa1, 0x20, 0xc8, 0x90,
    0x31, 0x21, 0x57, 0x01, 0x51, 0x00,

    /* U+FF1F "？" */
    0x00, 0x2b, 0xb1, 0x00, 0xee, 0x9f, 0xf5, 0xa4,
    0xb0, 0x28, 0x2f, 0x21, 0x00, 0x40, 0xd1, 0xc0,
    0x12, 0x12, 0x01, 0x4a, 0x4b, 0x80, 0x11, 0xf5,
    0x80, 0x22, 0x82, 0x00, 0xca, 0xa0, 0x0e, 0x33,
    0x00, 0x75, 0xd8, 0x03, 0x95, 0x40, 0x1d, 0xdc,
    0x00, 0x80
};

/*---------------------
 *  GLYPH DESCRIPTION
 *--------------------*/

static const lv_font_fmt_txt_glyph_dsc_t glyph_dsc[] = {
    {.bitmap_index = 0, .adv_w = 0, .box_w = 0, .box_h = 0, .ofs_x = 0, .ofs_y = 0} /* id = 0 reserved */,
    {.bitmap_index = 0, .adv_w = 60, .box_w = 0, .box_h = 0, .ofs_x = 0, .ofs_y = 0},
    {.bitmap_index = 0, .adv_w = 85, .box_w = 3, .box_h = 11, .ofs_x = 1, .ofs_y = 0},
    {.bitmap_index = 17, .adv_w = 232, .box_w = 14, .box_h = 12, .ofs_x = 0, .ofs_y = -1},
    {.bitmap_index = 96, .adv_w = 145, .box_w = 9, .box_h = 9, .ofs_x = 0, .ofs_y = 1},
    {.bitmap_index = 117, .adv_w = 89, .box_w = 5, .box_h = 1, .ofs_x = 0, .ofs_y = 4},
    {.bitmap_index = 120, .adv_w = 80, .box_w = 3, .box_h = 3, .ofs_x = 1, .ofs_y = 0},
    {.bitmap_index = 125, .adv_w = 96, .box_w = 6, .box_h = 14, .ofs_x = 0, .ofs_y = -2},
    {.bitmap_index = 160, .adv_w = 142, .box_w = 9, .box_h = 11, .ofs_x = 0, .ofs_y = 0},
    {.bitmap_index = 209, .adv_w = 112, .box_w = 7, .box_h = 11, .ofs_x = 0, .ofs_y = 0},
    {.bitmap_index = 228, .adv_w = 143, .box_w = 9, .box_h = 11, .ofs_x = 0, .ofs_y = 0},
    {.bitmap_index = 271, .adv_w = 142, .box_w = 9, .box_h = 11, .ofs_x = 0, .ofs_y = 0},
    {.bitmap_index = 319, .adv_w = 142, .box_w = 9, .box_h = 11, .ofs_x = 0, .ofs_y = 0},
    {.bitmap_index = 355, .adv_w = 143, .box_w = 9, .box_h = 11, .ofs_x = 0, .ofs_y = 0},
    {.bitmap_index = 399, .adv_w = 143, .box_w = 9, .box_h = 12, .ofs_x = 0, .ofs_y = 0},
    {.bitmap_index = 447, .adv_w = 141, .box_w = 8, .box_h = 11, .ofs_x = 0, .ofs_y = 0},
    {.bitmap_index = 481, .adv_w = 143, .box_w = 9, .box_h = 11, .ofs_x = 0, .ofs_y = 0},
    {.bitmap_index = 532, .adv_w = 143, .box_w = 9, .box_h = 12, .ofs_x = 0, .ofs_y = -1},
    {.bitmap_index = 582, .adv_w = 80, .box_w = 3, .box_h = 8, .ofs_x = 1, .ofs_y = 0},
    {.bitmap_index = 593, .adv_w = 145, .box_w = 9, .box_h = 9, .ofs_x = 0, .ofs_y = 1},
    {.bitmap_index = 624, .adv_w = 145, .box_w = 9, .box_h = 9, .ofs_x = 0, .ofs_y = 1},
    {.bitmap_index = 655, .adv_w = 179, .box_w = 12, .box_h = 11, .ofs_x = 0, .ofs_y = 0},
    {.bitmap_index = 708, .adv_w = 170, .box_w = 11, .box_h = 11, .ofs_x = 0, .ofs_y = 0},
    {.bitmap_index = 756, .adv_w = 168, .box_w = 10, .box_h = 11, .ofs_x = 0, .ofs_y = 0},
    {.bitmap_index = 805, .adv_w = 189, .box_w = 12, .box_h = 11, .ofs_x = 0, .ofs_y = 0},
    {.bitmap_index = 853, .adv_w = 160, .box_w = 10, .box_h = 11, .ofs_x = 0, .ofs_y = 0},
    {.bitmap_index = 893, .adv_w = 156, .box_w = 10, .box_h = 11, .ofs_x = 0, .ofs_y = 0},
    {.bitmap_index = 931, .adv_w = 182, .box_w = 12, .box_h = 11, .ofs_x = 0, .ofs_y = 0},
    {.bitmap_index = 991, .adv_w = 207, .box_w = 13, .box_h = 11, .ofs_x = 0, .ofs_y = 0},
    {.bitmap_index = 1034, .adv_w = 102, .box_w = 6, .box_h = 11, .ofs_x = 0, .ofs_y = 0},
    {.bitmap_index = 1047, .adv_w = 103, .box_w = 7, .box_h = 13, .ofs_x = -1, .ofs_y = -2},
    {.bitmap_index = 1069, .adv_w = 184, .box_w = 12, .box_h = 11, .ofs_x = 0, .ofs_y = 0},
    {.bitmap_index = 1120, .adv_w = 154, .box_w = 10, .box_h = 11, .ofs_x = 0, .ofs_y = 0},
    {.bitmap_index = 1143, .adv_w = 240, .box_w = 15, .box_h = 11, .ofs_x = 0, .ofs_y = 0},
    {.bitmap_index = 1207, .adv_w = 196, .box_w = 12, .box_h = 11, .ofs_x = 0, .ofs_y = 0},
    {.bitmap_index = 1258, .adv_w = 188, .box_w = 12, .box_h = 11, .ofs_x = 0, .ofs_y = 0},
    {.bitmap_index = 1318, .adv_w = 162, .box_w = 10, .box_h = 11, .ofs_x = 0, .ofs_y = 0},
    {.bitmap_index = 1357, .adv_w = 188, .box_w = 12, .box_h = 14, .ofs_x = 0, .ofs_y = -3},
    {.bitmap_index = 1430, .adv_w = 180, .box_w = 12, .box_h = 11, .ofs_x = 0, .ofs_y = 0},
    {.bitmap_index = 1482, .adv_w = 143, .box_w = 9, .box_h = 11, .ofs_x = 0, .ofs_y = 0},
    {.bitmap_index = 1531, .adv_w = 167, .box_w = 11, .box_h = 11, .ofs_x = 0, .ofs_y = 0},
    {.bitmap_index = 1558, .adv_w = 196, .box_w = 12, .box_h = 11, .ofs_x = 0, .ofs_y = 0},
    {.bitmap_index = 1599, .adv_w = 176, .box_w = 11, .box_h = 11, .ofs_x = 0, .ofs_y = 0},
    {.bitmap_index = 1651, .adv_w = 262, .box_w = 17, .box_h = 11, .ofs_x = 0, .ofs_y = 0},
    {.bitmap_index = 1734, .adv_w = 174, .box_w = 11, .box_h = 11, .ofs_x = 0, .ofs_y = 0},
    {.bitmap_index = 1787, .adv_w = 168, .box_w = 11, .box_h = 11, .ofs_x = 0, .ofs_y = 0},
    {.bitmap_index = 1831, .adv_w = 150, .box_w = 9, .box_h = 11, .ofs_x = 0, .ofs_y = 0},
    {.bitmap_index = 1876, .adv_w = 140, .box_w = 9, .box_h = 8, .ofs_x = 0, .ofs_y = 0},
    {.bitmap_index = 1911, .adv_w = 161, .box_w = 10, .box_h = 12, .ofs_x = 0, .ofs_y = 0},
    {.bitmap_index = 1953, .adv_w = 136, .box_w = 8, .box_h = 8, .ofs_x = 0, .ofs_y = 0},
    {.bitmap_index = 1984, .adv_w = 158, .box_w = 10, .box_h = 12, .ofs_x = 0, .ofs_y = 0},
    {.bitmap_index = 2028, .adv_w = 137, .box_w = 9, .box_h = 8, .ofs_x = 0, .ofs_y = 0},
    {.bitmap_index = 2064, .adv_w = 96, .box_w = 8, .box_h = 12, .ofs_x = 0, .ofs_y = 0},
    {.bitmap_index = 2097, .adv_w = 143, .box_w = 9, .box_h = 12, .ofs_x = 0, .ofs_y = -4},
    {.bitmap_index = 2150, .adv_w = 165, .box_w = 10, .box_h = 12, .ofs_x = 0, .ofs_y = 0},
    {.bitmap_index = 2183, .adv_w = 84, .box_w = 5, .box_h = 12, .ofs_x = 0, .ofs_y = 0},
    {.bitmap_index = 2202, .adv_w = 80, .box_w = 6, .box_h = 16, .ofs_x = -2, .ofs_y = -4},
    {.bitmap_index = 2234, .adv_w = 156, .box_w = 10, .box_h = 12, .ofs_x = 0, .ofs_y = 0},
    {.bitmap_index = 2274, .adv_w = 85, .box_w = 5, .box_h = 12, .ofs_x = 0, .ofs_y = 0},
    {.bitmap_index = 2288, .adv_w = 242, .box_w = 15, .box_h = 8, .ofs_x = 0, .ofs_y = 0},
    {.bitmap_index = 2336, .adv_w = 164, .box_w = 10, .box_h = 8, .ofs_x = 0, .ofs_y = 0},
    {.bitmap_index = 2365, .adv_w = 150, .box_w = 9, .box_h = 8, .ofs_x = 0, .ofs_y = 0},
    {.bitmap_index = 2399, .adv_w = 161, .box_w = 10, .box_h = 12, .ofs_x = 0, .ofs_y = -4},
    {.bitmap_index = 2447, .adv_w = 154, .box_w = 10, .box_h = 12, .ofs_x = 0, .ofs_y = -4},
    {.bitmap_index = 2493, .adv_w = 120, .box_w = 8, .box_h = 8, .ofs_x = 0, .ofs_y = 0},
    {.bitmap_index = 2519, .adv_w = 120, .box_w = 7, .box_h = 8, .ofs_x = 0, .ofs_y = 0},
    {.bitmap_index = 2548, .adv_w = 94, .box_w = 6, .box_h = 11, .ofs_x = 0, .ofs_y = 0},
    {.bitmap_index = 2571, .adv_w = 163, .box_w = 10, .box_h = 9, .ofs_x = 0, .ofs_y = 0},
    {.bitmap_index = 2602, .adv_w = 139, .box_w = 10, .box_h = 8, .ofs_x = -1, .ofs_y = 0},
    {.bitmap_index = 2637, .adv_w = 210, .box_w = 15, .box_h = 8, .ofs_x = -1, .ofs_y = 0},
    {.bitmap_index = 2691, .adv_w = 144, .box_w = 9, .box_h = 8, .ofs_x = 0, .ofs_y = 0},
    {.bitmap_index = 2725, .adv_w = 140, .box_w = 10, .box_h = 12, .ofs_x = -1, .ofs_y = -4},
    {.bitmap_index = 2773, .adv_w = 124, .box_w = 8, .box_h = 8, .ofs_x = 0, .ofs_y = 0},
    {.bitmap_index = 2805, .adv_w = 81, .box_w = 2, .box_h = 16, .ofs_x = 2, .ofs_y = -4},
    {.bitmap_index = 2809, .adv_w = 80, .box_w = 3, .box_h = 3, .ofs_x = 1, .ofs_y = 4},
    {.bitmap_index = 2814, .adv_w = 142, .box_w = 9, .box_h = 1, .ofs_x = 0, .ofs_y = 4},
    {.bitmap_index = 2817, .adv_w = 223, .box_w = 14, .box_h = 1, .ofs_x = 0, .ofs_y = 4},
    {.bitmap_index = 2822, .adv_w = 240, .box_w = 13, .box_h = 2, .ofs_x = 1, .ofs_y = 5},
    {.bitmap_index = 2836, .adv_w = 240, .box_w = 5, .box_h = 4, .ofs_x = 0, .ofs_y = -1},
    {.bitmap_index = 2847, .adv_w = 240, .box_w = 8, .box_h = 15, .ofs_x = 7, .ofs_y = -2},
    {.bitmap_index = 2900, .adv_w = 240, .box_w = 8, .box_h = 15, .ofs_x = 0, .ofs_y = -2},
    {.bitmap_index = 2953, .adv_w = 240, .box_w = 6, .box_h = 14, .ofs_x = 9, .ofs_y = -1},
    {.bitmap_index = 2984, .adv_w = 240, .box_w = 6, .box_h = 14, .ofs_x = 0, .ofs_y = -1},
    {.bitmap_index = 3015, .adv_w = 240, .box_w = 13, .box_h = 14, .ofs_x = 1, .ofs_y = -1},
    {.bitmap_index = 3067, .adv_w = 240, .box_w = 15, .box_h = 11, .ofs_x = 0, .ofs_y = 1},
    {.bitmap_index = 3095, .adv_w = 240, .box_w = 15, .box_h = 14, .ofs_x = 0, .ofs_y = -1},
    {.bitmap_index = 3182, .adv_w = 240, .box_w = 15, .box_h = 14, .ofs_x = 0, .ofs_y = -1},
    {.bitmap_index = 3261, .adv_w = 240, .box_w = 15, .box_h = 14, .ofs_x = 0, .ofs_y = -1},
    {.bitmap_index = 3353, .adv_w = 240, .box_w = 16, .box_h = 15, .ofs_x = 0, .ofs_y = -2},
    {.bitmap_index = 3457, .adv_w = 240, .box_w = 15, .box_h = 15, .ofs_x = 0, .ofs_y = -2},
    {.bitmap_index = 3543, .adv_w = 240, .box_w = 15, .box_h = 14, .ofs_x = 0, .ofs_y = -1},
    {.bitmap_index = 3623, .adv_w = 240, .box_w = 15, .box_h = 16, .ofs_x = 0, .ofs_y = -2},
    {.bitmap_index = 3719, .adv_w = 240, .box_w = 15, .box_h = 15, .ofs_x = 0, .ofs_y = -2},
    {.bitmap_index = 3823, .adv_w = 240, .box_w = 15, .box_h = 15, .ofs_x = 0, .ofs_y = -2},
    {.bitmap_index = 3915, .adv_w = 240, .box_w = 15, .box_h = 15, .ofs_x = 0, .ofs_y = -2},
    {.bitmap_index = 3995, .adv_w = 240, .box_w = 16, .box_h = 16, .ofs_x = 0, .ofs_y = -3},
    {.bitmap_index = 4085, .adv_w = 240, .box_w = 14, .box_h = 15, .ofs_x = 1, .ofs_y = -2},
    {.bitmap_index = 4159, .adv_w = 240, .box_w = 14, .box_h = 14, .ofs_x = 0, .ofs_y = -1},
    {.bitmap_index = 4224, .adv_w = 240, .box_w = 15, .box_h = 15, .ofs_x = 0, .ofs_y = -2},
    {.bitmap_index = 4310, .adv_w = 240, .box_w = 15, .box_h = 16, .ofs_x = 0, .ofs_y = -2},
    {.bitmap_index = 4412, .adv_w = 240, .box_w = 15, .box_h = 15, .ofs_x = 0, .ofs_y = -2},
    {.bitmap_index = 4501, .adv_w = 240, .box_w = 15, .box_h = 15, .ofs_x = 0, .ofs_y = -2},
    {.bitmap_index = 4591, .adv_w = 240, .box_w = 15, .box_h = 15, .ofs_x = 0, .ofs_y = -2},
    {.bitmap_index = 4687, .adv_w = 240, .box_w = 15, .box_h = 15, .ofs_x = 0, .ofs_y = -2},
    {.bitmap_index = 4788, .adv_w = 240, .box_w = 15, .box_h = 14, .ofs_x = 0, .ofs_y = -1},
    {.bitmap_index = 4869, .adv_w = 240, .box_w = 15, .box_h = 14, .ofs_x = 0, .ofs_y = -1},
    {.bitmap_index = 4949, .adv_w = 240, .box_w = 15, .box_h = 14, .ofs_x = 0, .ofs_y = -1},
    {.bitmap_index = 5039, .adv_w = 240, .box_w = 15, .box_h = 14, .ofs_x = 1, .ofs_y = -1},
    {.bitmap_index = 5112, .adv_w = 240, .box_w = 15, .box_h = 14, .ofs_x = 0, .ofs_y = -1},
    {.bitmap_index = 5187, .adv_w = 240, .box_w = 15, .box_h = 14, .ofs_x = 0, .ofs_y = -1},
    {.bitmap_index = 5261, .adv_w = 240, .box_w = 14, .box_h = 16, .ofs_x = 0, .ofs_y = -2},
    {.bitmap_index = 5345, .adv_w = 240, .box_w = 15, .box_h = 14, .ofs_x = 0, .ofs_y = -1},
    {.bitmap_index = 5422, .adv_w = 240, .box_w = 14, .box_h = 15, .ofs_x = 1, .ofs_y = -2},
    {.bitmap_index = 5494, .adv_w = 240, .box_w = 15, .box_h = 15, .ofs_x = 0, .ofs_y = -2},
    {.bitmap_index = 5602, .adv_w = 240, .box_w = 15, .box_h = 14, .ofs_x = 0, .ofs_y = -1},
    {.bitmap_index = 5678, .adv_w = 240, .box_w = 16, .box_h = 14, .ofs_x = 0, .ofs_y = -1},
    {.bitmap_index = 5767, .adv_w = 240, .box_w = 15, .box_h = 15, .ofs_x = 0, .ofs_y = -2},
    {.bitmap_index = 5863, .adv_w = 240, .box_w = 15, .box_h = 15, .ofs_x = 0, .ofs_y = -2},
    {.bitmap_index = 5958, .adv_w = 240, .box_w = 17, .box_h = 16, .ofs_x = 0, .ofs_y = -3},
    {.bitmap_index = 6058, .adv_w = 240, .box_w = 17, .box_h = 15, .ofs_x = 0, .ofs_y = -2},
    {.bitmap_index = 6166, .adv_w = 240, .box_w = 15, .box_h = 14, .ofs_x = 0, .ofs_y = -1},
    {.bitmap_index = 6247, .adv_w = 240, .box_w = 15, .box_h = 16, .ofs_x = 0, .ofs_y = -2},
    {.bitmap_index = 6340, .adv_w = 240, .box_w = 15, .box_h = 15, .ofs_x = 0, .ofs_y = -1},
    {.bitmap_index = 6433, .adv_w = 240, .box_w = 15, .box_h = 15, .ofs_x = 0, .ofs_y = -2},
    {.bitmap_index = 6532, .adv_w = 240, .box_w = 15, .box_h = 16, .ofs_x = 0, .ofs_y = -2},
    {.bitmap_index = 6638, .adv_w = 240, .box_w = 15, .box_h = 15, .ofs_x = 0, .ofs_y = -2},
    {.bitmap_index = 6731, .adv_w = 240, .box_w = 14, .box_h = 14, .ofs_x = 1, .ofs_y = -1},
    {.bitmap_index = 6794, .adv_w = 240, .box_w = 15, .box_h = 14, .ofs_x = 0, .ofs_y = -1},
    {.bitmap_index = 6873, .adv_w = 240, .box_w = 14, .box_h = 14, .ofs_x = 1, .ofs_y = -1},
    {.bitmap_index = 6946, .adv_w = 240, .box_w = 15, .box_h = 14, .ofs_x = 0, .ofs_y = -1},
    {.bitmap_index = 7037, .adv_w = 240, .box_w = 15, .box_h = 15, .ofs_x = 0, .ofs_y = -1},
    {.bitmap_index = 7132, .adv_w = 240, .box_w = 15, .box_h = 15, .ofs_x = 0, .ofs_y = -2},
    {.bitmap_index = 7238, .adv_w = 240, .box_w = 15, .box_h = 15, .ofs_x = 0, .ofs_y = -2},
    {.bitmap_index = 7307, .adv_w = 240, .box_w = 15, .box_h = 15, .ofs_x = 0, .ofs_y = -2},
    {.bitmap_index = 7394, .adv_w = 240, .box_w = 13, .box_h = 14, .ofs_x = 1, .ofs_y = -1},
    {.bitmap_index = 7460, .adv_w = 240, .box_w = 15, .box_h = 15, .ofs_x = 0, .ofs_y = -2},
    {.bitmap_index = 7553, .adv_w = 240, .box_w = 15, .box_h = 15, .ofs_x = 0, .ofs_y = -2},
    {.bitmap_index = 7650, .adv_w = 240, .box_w = 16, .box_h = 14, .ofs_x = 0, .ofs_y = -1},
    {.bitmap_index = 7741, .adv_w = 240, .box_w = 16, .box_h = 15, .ofs_x = 0, .ofs_y = -2},
    {.bitmap_index = 7849, .adv_w = 240, .box_w = 16, .box_h = 14, .ofs_x = 0, .ofs_y = -1},
    {.bitmap_index = 7947, .adv_w = 240, .box_w = 16, .box_h = 15, .ofs_x = 0, .ofs_y = -2},
    {.bitmap_index = 8035, .adv_w = 240, .box_w = 15, .box_h = 15, .ofs_x = 0, .ofs_y = -2},
    {.bitmap_index = 8126, .adv_w = 240, .box_w = 15, .box_h = 16, .ofs_x = 0, .ofs_y = -2},
    {.bitmap_index = 8236, .adv_w = 240, .box_w = 15, .box_h = 15, .ofs_x = 0, .ofs_y = -2},
    {.bitmap_index = 8337, .adv_w = 240, .box_w = 15, .box_h = 15, .ofs_x = 0, .ofs_y = -2},
    {.bitmap_index = 8414, .adv_w = 240, .box_w = 15, .box_h = 15, .ofs_x = 0, .ofs_y = -2},
    {.bitmap_index = 8507, .adv_w = 240, .box_w = 15, .box_h = 15, .ofs_x = 0, .ofs_y = -2},
    {.bitmap_index = 8607, .adv_w = 240, .box_w = 15, .box_h = 15, .ofs_x = 0, .ofs_y = -2},
    {.bitmap_index = 8715, .adv_w = 240, .box_w = 15, .box_h = 15, .ofs_x = 0, .ofs_y = -2},
    {.bitmap_index = 8824, .adv_w = 240, .box_w = 15, .box_h = 15, .ofs_x = 0, .ofs_y = -2},
    {.bitmap_index = 8933, .adv_w = 240, .box_w = 15, .box_h = 15, .ofs_x = 0, .ofs_y = -2},
    {.bitmap_index = 9039, .adv_w = 240, .box_w = 15, .box_h = 16, .ofs_x = 0, .ofs_y = -2},
    {.bitmap_index = 9150, .adv_w = 240, .box_w = 15, .box_h = 15, .ofs_x = 0, .ofs_y = -2},
    {.bitmap_index = 9262, .adv_w = 240, .box_w = 15, .box_h = 14, .ofs_x = 0, .ofs_y = -1},
    {.bitmap_index = 9357, .adv_w = 240, .box_w = 12, .box_h = 14, .ofs_x = 2, .ofs_y = -1},
    {.bitmap_index = 9394, .adv_w = 240, .box_w = 14, .box_h = 15, .ofs_x = 1, .ofs_y = -2},
    {.bitmap_index = 9474, .adv_w = 240, .box_w = 15, .box_h = 14, .ofs_x = 0, .ofs_y = -1},
    {.bitmap_index = 9550, .adv_w = 240, .box_w = 15, .box_h = 15, .ofs_x = 0, .ofs_y = -2},
    {.bitmap_index = 9650, .adv_w = 240, .box_w = 15, .box_h = 14, .ofs_x = 0, .ofs_y = -1},
    {.bitmap_index = 9733, .adv_w = 240, .box_w = 15, .box_h = 15, .ofs_x = 0, .ofs_y = -2},
    {.bitmap_index = 9818, .adv_w = 240, .box_w = 15, .box_h = 15, .ofs_x = 0, .ofs_y = -2},
    {.bitmap_index = 9922, .adv_w = 240, .box_w = 15, .box_h = 14, .ofs_x = 0, .ofs_y = -1},
    {.bitmap_index = 10009, .adv_w = 240, .box_w = 15, .box_h = 14, .ofs_x = 0, .ofs_y = -1},
    {.bitmap_index = 10096, .adv_w = 240, .box_w = 17, .box_h = 14, .ofs_x = 0, .ofs_y = -1},
    {.bitmap_index = 10197, .adv_w = 240, .box_w = 15, .box_h = 14, .ofs_x = 0, .ofs_y = -1},
    {.bitmap_index = 10291, .adv_w = 240, .box_w = 15, .box_h = 14, .ofs_x = 0, .ofs_y = -1},
    {.bitmap_index = 10386, .adv_w = 240, .box_w = 15, .box_h = 15, .ofs_x = 0, .ofs_y = -2},
    {.bitmap_index = 10492, .adv_w = 240, .box_w = 15, .box_h = 14, .ofs_x = 0, .ofs_y = -1},
    {.bitmap_index = 10534, .adv_w = 240, .box_w = 15, .box_h = 14, .ofs_x = 0, .ofs_y = -1},
    {.bitmap_index = 10589, .adv_w = 240, .box_w = 15, .box_h = 15, .ofs_x = 0, .ofs_y = -1},
    {.bitmap_index = 10687, .adv_w = 240, .box_w = 15, .box_h = 16, .ofs_x = 0, .ofs_y = -2},
    {.bitmap_index = 10791, .adv_w = 240, .box_w = 15, .box_h = 14, .ofs_x = 0, .ofs_y = -1},
    {.bitmap_index = 10862, .adv_w = 240, .box_w = 15, .box_h = 15, .ofs_x = 0, .ofs_y = -2},
    {.bitmap_index = 10961, .adv_w = 240, .box_w = 15, .box_h = 14, .ofs_x = 0, .ofs_y = -1},
    {.bitmap_index = 11031, .adv_w = 240, .box_w = 15, .box_h = 15, .ofs_x = 0, .ofs_y = -2},
    {.bitmap_index = 11117, .adv_w = 240, .box_w = 14, .box_h = 14, .ofs_x = 1, .ofs_y = -1},
    {.bitmap_index = 11204, .adv_w = 240, .box_w = 15, .box_h = 15, .ofs_x = 0, .ofs_y = -2},
    {.bitmap_index = 11306, .adv_w = 240, .box_w = 15, .box_h = 14, .ofs_x = 0, .ofs_y = -1},
    {.bitmap_index = 11385, .adv_w = 240, .box_w = 15, .box_h = 14, .ofs_x = 0, .ofs_y = -1},
    {.bitmap_index = 11470, .adv_w = 240, .box_w = 15, .box_h = 14, .ofs_x = 0, .ofs_y = -1},
    {.bitmap_index = 11563, .adv_w = 240, .box_w = 15, .box_h = 15, .ofs_x = 0, .ofs_y = -2},
    {.bitmap_index = 11667, .adv_w = 240, .box_w = 15, .box_h = 16, .ofs_x = 0, .ofs_y = -2},
    {.bitmap_index = 11764, .adv_w = 240, .box_w = 15, .box_h = 14, .ofs_x = 0, .ofs_y = -1},
    {.bitmap_index = 11851, .adv_w = 240, .box_w = 17, .box_h = 15, .ofs_x = 0, .ofs_y = -2},
    {.bitmap_index = 11958, .adv_w = 240, .box_w = 15, .box_h = 14, .ofs_x = 0, .ofs_y = -1},
    {.bitmap_index = 12049, .adv_w = 240, .box_w = 15, .box_h = 15, .ofs_x = 0, .ofs_y = -1},
    {.bitmap_index = 12129, .adv_w = 240, .box_w = 15, .box_h = 15, .ofs_x = 0, .ofs_y = -2},
    {.bitmap_index = 12227, .adv_w = 240, .box_w = 16, .box_h = 16, .ofs_x = 0, .ofs_y = -2},
    {.bitmap_index = 12341, .adv_w = 240, .box_w = 15, .box_h = 15, .ofs_x = 0, .ofs_y = -2},
    {.bitmap_index = 12448, .adv_w = 240, .box_w = 15, .box_h = 15, .ofs_x = 0, .ofs_y = -2},
    {.bitmap_index = 12558, .adv_w = 240, .box_w = 15, .box_h = 15, .ofs_x = 0, .ofs_y = -2},
    {.bitmap_index = 12670, .adv_w = 240, .box_w = 15, .box_h = 14, .ofs_x = 0, .ofs_y = -1},
    {.bitmap_index = 12767, .adv_w = 240, .box_w = 16, .box_h = 15, .ofs_x = 0, .ofs_y = -2},
    {.bitmap_index = 12883, .adv_w = 240, .box_w = 15, .box_h = 14, .ofs_x = 0, .ofs_y = -1},
    {.bitmap_index = 12983, .adv_w = 240, .box_w = 15, .box_h = 14, .ofs_x = 0, .ofs_y = -1},
    {.bitmap_index = 13083, .adv_w = 240, .box_w = 15, .box_h = 15, .ofs_x = 0, .ofs_y = -2},
    {.bitmap_index = 13195, .adv_w = 240, .box_w = 15, .box_h = 15, .ofs_x = 0, .ofs_y = -2},
    {.bitmap_index = 13301, .adv_w = 240, .box_w = 14, .box_h = 15, .ofs_x = 1, .ofs_y = -2},
    {.bitmap_index = 13387, .adv_w = 240, .box_w = 17, .box_h = 15, .ofs_x = 0, .ofs_y = -2},
    {.bitmap_index = 13501, .adv_w = 240, .box_w = 12, .box_h = 14, .ofs_x = 2, .ofs_y = -1},
    {.bitmap_index = 13551, .adv_w = 240, .box_w = 15, .box_h = 14, .ofs_x = 0, .ofs_y = -1},
    {.bitmap_index = 13646, .adv_w = 240, .box_w = 15, .box_h = 14, .ofs_x = 0, .ofs_y = -1},
    {.bitmap_index = 13748, .adv_w = 240, .box_w = 15, .box_h = 15, .ofs_x = 0, .ofs_y = -2},
    {.bitmap_index = 13846, .adv_w = 240, .box_w = 15, .box_h = 15, .ofs_x = 0, .ofs_y = -2},
    {.bitmap_index = 13919, .adv_w = 240, .box_w = 15, .box_h = 15, .ofs_x = 0, .ofs_y = -2},
    {.bitmap_index = 14023, .adv_w = 240, .box_w = 15, .box_h = 14, .ofs_x = 0, .ofs_y = -1},
    {.bitmap_index = 14101, .adv_w = 240, .box_w = 15, .box_h = 14, .ofs_x = 0, .ofs_y = -1},
    {.bitmap_index = 14200, .adv_w = 240, .box_w = 17, .box_h = 16, .ofs_x = 0, .ofs_y = -3},
    {.bitmap_index = 14313, .adv_w = 240, .box_w = 15, .box_h = 14, .ofs_x = 0, .ofs_y = -1},
    {.bitmap_index = 14407, .adv_w = 240, .box_w = 15, .box_h = 14, .ofs_x = 0, .ofs_y = -1},
    {.bitmap_index = 14472, .adv_w = 240, .box_w = 15, .box_h = 15, .ofs_x = 0, .ofs_y = -2},
    {.bitmap_index = 14561, .adv_w = 240, .box_w = 15, .box_h = 14, .ofs_x = 0, .ofs_y = -1},
    {.bitmap_index = 14640, .adv_w = 240, .box_w = 15, .box_h = 14, .ofs_x = 0, .ofs_y = -1},
    {.bitmap_index = 14714, .adv_w = 240, .box_w = 17, .box_h = 16, .ofs_x = 0, .ofs_y = -3},
    {.bitmap_index = 14814, .adv_w = 240, .box_w = 15, .box_h = 14, .ofs_x = 0, .ofs_y = -1},
    {.bitmap_index = 14900, .adv_w = 240, .box_w = 15, .box_h = 15, .ofs_x = 0, .ofs_y = -2},
    {.bitmap_index = 15000, .adv_w = 240, .box_w = 15, .box_h = 15, .ofs_x = 0, .ofs_y = -2},
    {.bitmap_index = 15094, .adv_w = 240, .box_w = 15, .box_h = 15, .ofs_x = 0, .ofs_y = -2},
    {.bitmap_index = 15197, .adv_w = 240, .box_w = 15, .box_h = 15, .ofs_x = 0, .ofs_y = -2},
    {.bitmap_index = 15298, .adv_w = 240, .box_w = 16, .box_h = 15, .ofs_x = 0, .ofs_y = -2},
    {.bitmap_index = 15401, .adv_w = 240, .box_w = 15, .box_h = 15, .ofs_x = 0, .ofs_y = -2},
    {.bitmap_index = 15501, .adv_w = 240, .box_w = 15, .box_h = 14, .ofs_x = 0, .ofs_y = -1},
    {.bitmap_index = 15595, .adv_w = 240, .box_w = 15, .box_h = 15, .ofs_x = 0, .ofs_y = -2},
    {.bitmap_index = 15697, .adv_w = 240, .box_w = 14, .box_h = 14, .ofs_x = 0, .ofs_y = -1},
    {.bitmap_index = 15782, .adv_w = 240, .box_w = 14, .box_h = 14, .ofs_x = 0, .ofs_y = -1},
    {.bitmap_index = 15859, .adv_w = 240, .box_w = 15, .box_h = 14, .ofs_x = 0, .ofs_y = -1},
    {.bitmap_index = 15955, .adv_w = 240, .box_w = 14, .box_h = 14, .ofs_x = 1, .ofs_y = -1},
    {.bitmap_index = 16021, .adv_w = 240, .box_w = 14, .box_h = 14, .ofs_x = 1, .ofs_y = -1},
    {.bitmap_index = 16099, .adv_w = 240, .box_w = 15, .box_h = 15, .ofs_x = 0, .ofs_y = -1},
    {.bitmap_index = 16198, .adv_w = 240, .box_w = 15, .box_h = 14, .ofs_x = 0, .ofs_y = -1},
    {.bitmap_index = 16268, .adv_w = 240, .box_w = 15, .box_h = 14, .ofs_x = 0, .ofs_y = -1},
    {.bitmap_index = 16369, .adv_w = 240, .box_w = 6, .box_h = 15, .ofs_x = 9, .ofs_y = -2},
    {.bitmap_index = 16409, .adv_w = 240, .box_w = 6, .box_h = 15, .ofs_x = 0, .ofs_y = -2},
    {.bitmap_index = 16449, .adv_w = 240, .box_w = 4, .box_h = 7, .ofs_x = 0, .ofs_y = -4},
    {.bitmap_index = 16463, .adv_w = 240, .box_w = 4, .box_h = 9, .ofs_x = 2, .ofs_y = 0},
    {.bitmap_index = 16479, .adv_w = 240, .box_w = 4, .box_h = 12, .ofs_x = 2, .ofs_y = -3},
    {.bitmap_index = 16501, .adv_w = 240, .box_w = 7, .box_h = 13, .ofs_x = 0, .ofs_y = -1}
};

/*---------------------
 *  CHARACTER MAPPING
 *--------------------*/

static const uint8_t glyph_id_ofs_list_0[] = {
    0, 1, 0, 0, 0, 2, 0, 0,
    0, 0, 0, 3, 0, 4, 5, 6,
    7, 8, 9, 10, 11, 12, 13, 14,
    15, 16, 17, 0, 18, 0, 19
};

static const uint16_t unicode_list_3[] = {
    0x00, 0x3b, 0x1f97, 0x1f98, 0x1faa, 0x2f85, 0x2f8e, 0x2f8f,
    0x2f94, 0x2f95, 0x4db1, 0x4e10, 0x4e49, 0x4e57, 0x4ed1, 0x4edd,
    0x4ee0, 0x4f65, 0x4fe0, 0x5053, 0x50cc, 0x50e9, 0x50f5, 0x5109,
    0x517e, 0x519f, 0x51a1, 0x51af, 0x51d1, 0x5223, 0x522c, 0x529a,
    0x52d9, 0x535a, 0x5374, 0x537b, 0x538c, 0x53b3, 0x53ce, 0x5445,
    0x564e, 0x56ac, 0x56d4, 0x5891, 0x58b5, 0x58b8, 0x594f, 0x5adc,
    0x5b10, 0x5b3d, 0x5b8a, 0x5bb5, 0x5bd3, 0x5d76, 0x5d87, 0x5d8c,
    0x5dbc, 0x5e17, 0x5e7e, 0x5e84, 0x5e86, 0x5ed7, 0x5ed9, 0x5f09,
    0x5f5b, 0x5f81, 0x5f85, 0x5ff3, 0x6049, 0x6194, 0x61eb, 0x61ef,
    0x61fd, 0x6353, 0x63c8, 0x63fc, 0x6451, 0x64c2, 0x64cc, 0x64f4,
    0x6534, 0x6569, 0x657a, 0x668d, 0x66a3, 0x66ae, 0x66be, 0x66e5,
    0x671b, 0x6769, 0x678b, 0x67ca, 0x6844, 0x6aa5, 0x6ae6, 0x6ae7,
    0x6c9f, 0x6d89, 0x71cb, 0x723a, 0x74a3, 0x74d0, 0x74e9, 0x75ff,
    0x7656, 0x768f, 0x7785, 0x77f2, 0x793f, 0x7951, 0x7956, 0x798f,
    0x79fe, 0x7acd, 0x7c7f, 0x7ca4, 0x7e2b, 0x7e43, 0x7e60, 0x7e63,
    0x7e6e, 0x7e78, 0x7e97, 0x7e9a, 0x7ed5, 0x807a, 0x816e, 0x8230,
    0x82f3, 0x832f, 0x87d0, 0x87ec, 0x8903, 0x8967, 0x896a, 0x8aea,
    0x8b25, 0x8b28, 0x8b34, 0x8b45, 0x8b4a, 0x8b6a, 0x8b73, 0x8b7b,
    0x8ca9, 0x8caa, 0x8f54, 0x8f62, 0x914b, 0x914e, 0x9151, 0x9153,
    0x949d, 0x9578, 0x95c3, 0x964a, 0x96e6, 0x9a10, 0xfe8c, 0xfe8d,
    0xfe90, 0xfe9e, 0xfe9f, 0xfea3
};

/*Collect the unicode lists and glyph_id offsets*/
static const lv_font_fmt_txt_cmap_t cmaps[] =
{
    {
        .range_start = 32, .range_length = 31, .glyph_id_start = 1,
        .unicode_list = NULL, .glyph_id_ofs_list = glyph_id_ofs_list_0, .list_length = 31, .type = LV_FONT_FMT_TXT_CMAP_FORMAT0_FULL
    },
    {
        .range_start = 65, .range_length = 26, .glyph_id_start = 21,
        .unicode_list = NULL, .glyph_id_ofs_list = NULL, .list_length = 0, .type = LV_FONT_FMT_TXT_CMAP_FORMAT0_TINY
    },
    {
        .range_start = 97, .range_length = 26, .glyph_id_start = 47,
        .unicode_list = NULL, .glyph_id_ofs_list = NULL, .list_length = 0, .type = LV_FONT_FMT_TXT_CMAP_FORMAT0_TINY
    },
    {
        .range_start = 124, .range_length = 65188, .glyph_id_start = 73,
        .unicode_list = unicode_list_3, .glyph_id_ofs_list = NULL, .list_length = 164, .type = LV_FONT_FMT_TXT_CMAP_SPARSE_TINY
    }
};



/*--------------------
 *  ALL CUSTOM DATA
 *--------------------*/

#if LVGL_VERSION_MAJOR == 8
/*Store all the custom data of the font*/
static  lv_font_fmt_txt_glyph_cache_t cache;
#endif

#if LVGL_VERSION_MAJOR >= 8
static const lv_font_fmt_txt_dsc_t font_dsc = {
#else
static lv_font_fmt_txt_dsc_t font_dsc = {
#endif
    .glyph_bitmap = glyph_bitmap,
    .glyph_dsc = glyph_dsc,
    .cmaps = cmaps,
    .kern_dsc = NULL,
    .kern_scale = 0,
    .cmap_num = 4,
    .bpp = 4,
    .kern_classes = 0,
    .bitmap_format = 1,
#if LVGL_VERSION_MAJOR == 8
    .cache = &cache
#endif

};



/*-----------------
 *  PUBLIC FONT
 *----------------*/

/*Initialize a public general font descriptor*/
#if LVGL_VERSION_MAJOR >= 8
const lv_font_t lv_font_SourceHanSerifSC_15 = {
#else
lv_font_t lv_font_SourceHanSerifSC_15 = {
#endif
    .get_glyph_dsc = lv_font_get_glyph_dsc_fmt_txt,    /*Function pointer to get glyph's data*/
    .get_glyph_bitmap = lv_font_get_bitmap_fmt_txt,    /*Function pointer to get glyph's bitmap*/
    .line_height = 18,          /*The maximum line height required by the font*/
    .base_line = 4,             /*Baseline measured from the bottom of the line*/
#if !(LVGL_VERSION_MAJOR == 6 && LVGL_VERSION_MINOR == 0)
    .subpx = LV_FONT_SUBPX_NONE,
#endif
#if LV_VERSION_CHECK(7, 4, 0) || LVGL_VERSION_MAJOR >= 8
    .underline_position = -1,
    .underline_thickness = 1,
#endif

#if LV_VERSION_CHECK(9, 3, 0)
    .static_bitmap = 0,    /*Bitmaps are stored as const so they are always static if not compressed */
#endif

    .dsc = &font_dsc,          /*The custom font data. Will be accessed by `get_glyph_bitmap/dsc` */
#if LV_VERSION_CHECK(8, 2, 0) || LVGL_VERSION_MAJOR >= 9
    .fallback = NULL,
#endif
    .user_data = NULL,
};



#endif /*#if LV_FONT_SOURCEHANSERIFSC_15*/
