/*******************************************************************************
 * Size: 28 px
 * Bpp: 4
 * Opts: --size 28 --bpp 4 --format lvgl --font D:\Renesas_project\26renesascup_smartmedicine_Ra8p1\gui\RA8P1\resources\font\SourceHanSerifSC-Bold.otf --symbols 0123456789ABCDEFGHIJKLMNOPQRSTUVWXYZabcdefghijklmnopqrstuvwxyz +-.:|/%<>等待扫码…·：（）；，、—–【】《》？!条描确认存药重新阿莫西林胶囊维生素片布洛芬缓释 --no-kerning --lv-include lvgl.h --lv-font-name lv_font_SourceHanSerifSC_28 -o D:\Renesas_project\26renesascup_smartmedicine_Ra8p1\gui\RA8P1\generated\assets\fonts\lv_font_SourceHanSerifSC_28.c
 ******************************************************************************/

#ifdef __has_include
    #if __has_include("lvgl.h")
        #ifndef LV_LVGL_H_INCLUDE_SIMPLE
            #define LV_LVGL_H_INCLUDE_SIMPLE
        #endif
    #endif
#endif

#ifdef LV_LVGL_H_INCLUDE_SIMPLE
    #include "lvgl.h"
#else
    #include "lvgl.h"
#endif



#ifndef LV_FONT_SOURCEHANSERIFSC_28
#define LV_FONT_SOURCEHANSERIFSC_28 1
#endif

#if LV_FONT_SOURCEHANSERIFSC_28

/*-----------------
 *    BITMAPS
 *----------------*/

/*Store the image of the glyphs*/
static LV_ATTRIBUTE_LARGE_CONST const uint8_t glyph_bitmap[] = {
    /* U+0020 " " */

    /* U+0021 "!" */
    0x01, 0x66, 0x08, 0x03, 0xe6, 0x58, 0x08, 0x20,
    0x02, 0x30, 0x0f, 0x30, 0x06, 0x22, 0x00, 0x61,
    0x02, 0x00, 0x18, 0x01, 0xc0, 0x0a, 0x00, 0xc0,
    0x06, 0x00, 0x14, 0x00, 0xe0, 0x03, 0x00, 0x10,
    0x04, 0x46, 0x01, 0x99, 0x80, 0x18, 0x88, 0x01,
    0xb6, 0xc0, 0x32, 0x18, 0x07, 0xf1, 0xd5, 0x08,
    0x07, 0x15, 0x58, 0x08, 0x01, 0x0a, 0x38, 0x06,
    0x52, 0x91, 0x15, 0x08,

    /* U+0025 "%" */
    0x00, 0x91, 0xd4, 0x40, 0x3f, 0xf8, 0xe3, 0x92,
    0x5f, 0xe4, 0x00, 0xff, 0x1f, 0x00, 0x7b, 0x4e,
    0x56, 0x82, 0xc4, 0x03, 0xfb, 0xa0, 0x03, 0x90,
    0xc1, 0x00, 0x0e, 0x10, 0x01, 0xfa, 0x05, 0x80,
    0x3b, 0x40, 0xc0, 0x2f, 0x07, 0x00, 0xf8, 0xdf,
    0x80, 0x3c, 0x40, 0xe0, 0x11, 0x80, 0x80, 0x7d,
    0xd0, 0x40, 0x1e, 0x60, 0x10, 0x08, 0x40, 0x04,
    0x01, 0xd0, 0x2e, 0x01, 0xf0, 0x80, 0x80, 0x42,
    0x00, 0x30, 0x0c, 0x6f, 0xc0, 0x1f, 0x94, 0x03,
    0x8c, 0x00, 0x20, 0x1b, 0xa0, 0x80, 0x3f, 0x78,
    0x30, 0x05, 0xc0, 0x60, 0x19, 0xc5, 0xc0, 0x0b,
    0x59, 0x46, 0x00, 0x61, 0x21, 0x00, 0x20, 0x40,
    0x04, 0x51, 0xc0, 0x08, 0xaf, 0xc3, 0xc5, 0x00,
    0x58, 0x40, 0x21, 0xb2, 0x00, 0x5d, 0x04, 0x06,
    0xe4, 0xa1, 0x01, 0x60, 0x05, 0xc3, 0xcf, 0xa9,
    0x00, 0x9c, 0x1c, 0x01, 0x20, 0x80, 0x01, 0x21,
    0x60, 0x01, 0xd6, 0x5a, 0x80, 0x45, 0x1e, 0x01,
    0x20, 0x70, 0x04, 0xc1, 0x80, 0x1f, 0xee, 0x73,
    0x00, 0x84, 0x04, 0x02, 0x10, 0x60, 0x0f, 0xe7,
    0x18, 0x00, 0x84, 0x03, 0xc6, 0x02, 0x01, 0xf8,
    0xa3, 0x80, 0x30, 0x80, 0x7e, 0x10, 0x0f, 0xdc,
    0xe6, 0x01, 0xc2, 0x02, 0x01, 0x18, 0x30, 0x07,
    0xcc, 0x30, 0x01, 0xe5, 0x0e, 0x00, 0x98, 0x34,
    0x03, 0xc5, 0x3c, 0x01, 0xf7, 0x82, 0x00, 0x04,
    0xc1, 0x80, 0x3d, 0x2e, 0x60, 0x1f, 0x22, 0x92,
    0x03, 0x04, 0x88, 0x07, 0x33, 0x20, 0x03, 0xfa,
    0xa2, 0x19, 0x76, 0x60, 0x0f, 0x5f, 0x00, 0x7f,
    0xcf, 0x99, 0x20, 0x07, 0xda, 0x60, 0x1f, 0xfc,
    0x60,

    /* U+002B "+" */
    0x00, 0xf8, 0x80, 0x3f, 0xf8, 0x29, 0xa6, 0x01,
    0xff, 0xff, 0x00, 0xf1, 0x17, 0xc0, 0xc4, 0x5c,
    0x3b, 0xbe, 0x90, 0xad, 0xde, 0xcb, 0xbf, 0x38,
    0x45, 0xdf, 0x4a, 0x27, 0xb0, 0x11, 0x3e, 0x00,
    0xff, 0xff, 0x80, 0x79, 0xcc, 0x40, 0x3c,

    /* U+002D "-" */
    0xbe, 0xef, 0x85, 0xc4, 0x7e, 0x00,

    /* U+002E "." */
    0x05, 0xa8, 0x04, 0xa5, 0x7a, 0xc0, 0x09, 0x38,
    0x02, 0x26, 0x60, 0x1f, 0x00,

    /* U+002F "/" */
    0x00, 0xfc, 0x7e, 0xe0, 0x1f, 0x90, 0x10, 0x03,
    0xf5, 0x89, 0x80, 0x7c, 0x26, 0xe0, 0x1f, 0x9c,
    0x34, 0x03, 0xf6, 0x82, 0x00, 0x7e, 0x44, 0x00,
    0x7e, 0x40, 0xd0, 0x0f, 0xda, 0x0e, 0x01, 0xf9,
    0xcc, 0x40, 0x3e, 0x31, 0x40, 0x0f, 0xc8, 0x16,
    0x01, 0xfa, 0xc4, 0xc0, 0x3e, 0x13, 0x70, 0x0f,
    0xce, 0x18, 0x01, 0xfb, 0x41, 0x40, 0x3f, 0x22,
    0x00, 0x3f, 0x20, 0x68, 0x07, 0xed, 0x04, 0x00,
    0xfc, 0xe4, 0x40, 0x0f, 0x8c, 0x54, 0x03, 0xf2,
    0x05, 0x80, 0x7e, 0xb1, 0x30, 0x0f, 0x84, 0xd0,
    0x03, 0xf3, 0x87, 0x80, 0x7e, 0xd0, 0x50, 0x0f,
    0xc8, 0x80, 0x0f, 0xc8, 0x18, 0x01, 0xf8,

    /* U+0030 "0" */
    0x00, 0xe2, 0x67, 0x51, 0x00, 0xfc, 0x59, 0xba,
    0xf8, 0xe8, 0x00, 0xf1, 0x61, 0xbd, 0xc6, 0x13,
    0xd8, 0x07, 0x78, 0x8a, 0x00, 0x03, 0x00, 0x8e,
    0x01, 0x39, 0x03, 0x80, 0x65, 0x00, 0x40, 0x80,
    0x28, 0x01, 0x80, 0x1c, 0x80, 0x06, 0x03, 0x20,
    0x03, 0x80, 0x71, 0x80, 0x2c, 0x14, 0x02, 0x20,
    0x0e, 0xe0, 0x01, 0x87, 0x80, 0x7f, 0x18, 0x04,
    0x66, 0x00, 0x08, 0x07, 0x84, 0x02, 0x71, 0x00,
    0xff, 0xe0, 0x88, 0x07, 0xf9, 0xc0, 0x3f, 0xf8,
    0x4e, 0x01, 0x08, 0x80, 0x3f, 0xf8, 0x2f, 0xa0,
    0x01, 0x00, 0xf1, 0x00, 0x44, 0x60, 0x10, 0x80,
    0x70, 0x80, 0x04, 0x4a, 0x01, 0x10, 0x07, 0x68,
    0x01, 0x00, 0x54, 0x00, 0x80, 0x1c, 0xe0, 0x0e,
    0x00, 0x48, 0x03, 0x00, 0x31, 0x10, 0x0d, 0x00,
    0x06, 0xe0, 0x84, 0x01, 0x58, 0x03, 0x80, 0x34,
    0x30, 0x79, 0x03, 0x30, 0x6c, 0x80, 0x3a, 0x6d,
    0xb3, 0xed, 0xfd, 0x00, 0x20,

    /* U+0031 "1" */
    0x00, 0xc2, 0xb3, 0x40, 0x18, 0x56, 0x77, 0xa9,
    0x90, 0x03, 0x3f, 0x05, 0x00, 0x7e, 0x6b, 0x97,
    0x10, 0x0f, 0xfe, 0x11, 0x80, 0x7f, 0xff, 0xc0,
    0x3f, 0xfd, 0x22, 0x01, 0xff, 0xce, 0x30, 0x0f,
    0xfe, 0x91, 0x28, 0x04, 0x28, 0x20, 0x06, 0xfd,
    0xa0, 0x0d, 0x7d, 0xc1,

    /* U+0032 "2" */
    0x00, 0xe3, 0x67, 0x52, 0x00, 0xf8, 0x63, 0x6f,
    0xae, 0xb7, 0x48, 0x01, 0x87, 0x5d, 0x62, 0x19,
    0x20, 0x56, 0xa0, 0x15, 0x98, 0x60, 0x04, 0xc8,
    0x00, 0xb1, 0x01, 0x50, 0x02, 0x80, 0x6d, 0x00,
    0x0a, 0x01, 0x00, 0x10, 0x40, 0x31, 0x00, 0x44,
    0x07, 0x71, 0x40, 0x1f, 0xde, 0x00, 0x47, 0x10,
    0x0e, 0x20, 0x0b, 0x40, 0x3f, 0xd8, 0x00, 0x14,
    0x00, 0xfe, 0x15, 0x00, 0x58, 0x80, 0x7f, 0x58,
    0x01, 0x54, 0x01, 0xfc, 0xaa, 0x05, 0xa0, 0x0f,
    0xe2, 0xa0, 0x4a, 0x00, 0xfe, 0x1f, 0x06, 0xb0,
    0x0f, 0xf5, 0x13, 0xc8, 0x07, 0xfa, 0x52, 0x60,
    0x03, 0xfc, 0xed, 0x4c, 0x01, 0xfe, 0x58, 0xb5,
    0x00, 0xff, 0x1d, 0xd9, 0x00, 0x3f, 0xc5, 0xa3,
    0x7f, 0xff, 0xe3, 0x61, 0x00, 0xff, 0xe8, 0x00,

    /* U+0033 "3" */
    0x00, 0xc2, 0x8c, 0xea, 0x40, 0x1f, 0x0d, 0x7e,
    0x76, 0x56, 0xe9, 0x00, 0x30, 0xe2, 0xbc, 0x42,
    0xe8, 0x0a, 0xd4, 0x02, 0x92, 0x0f, 0x00, 0x95,
    0x00, 0x14, 0x01, 0x28, 0x01, 0xc0, 0x36, 0x00,
    0x46, 0x00, 0x86, 0xb1, 0x00, 0xc4, 0x01, 0x30,
    0x01, 0x65, 0x00, 0x38, 0x80, 0x26, 0x00, 0xff,
    0x60, 0x00, 0xcc, 0x01, 0xfc, 0x88, 0x01, 0xf0,
    0x0f, 0xc4, 0xf6, 0x09, 0xe6, 0x01, 0xea, 0xfd,
    0x82, 0xbb, 0x08, 0x07, 0xd7, 0xb6, 0xe5, 0x7c,
    0xc0, 0x1f, 0x09, 0x24, 0x68, 0x0c, 0xd0, 0x07,
    0xf8, 0xa0, 0x00, 0xaa, 0x00, 0xff, 0x30, 0x05,
    0x20, 0x1f, 0xe1, 0x00, 0x88, 0x0f, 0x28, 0x03,
    0xfc, 0x21, 0x06, 0xaa, 0x00, 0xe1, 0x00, 0x88,
    0x34, 0x01, 0x80, 0x1c, 0x80, 0x15, 0x03, 0x88,
    0x20, 0x06, 0x1b, 0x00, 0x23, 0x80, 0xe0, 0x91,
    0x00, 0x97, 0xc4, 0x16, 0x80, 0x22, 0xe9, 0x96,
    0xea, 0xc9, 0xb6, 0x84, 0x00,

    /* U+0034 "4" */
    0x00, 0xfe, 0x3f, 0xf5, 0x80, 0x7f, 0xf0, 0x38,
    0x03, 0xff, 0x85, 0x24, 0x01, 0xff, 0xc1, 0x45,
    0x50, 0x07, 0xff, 0x06, 0x78, 0xc0, 0x3f, 0xf8,
    0x13, 0x64, 0x01, 0xff, 0xc0, 0x45, 0x60, 0x0f,
    0xfe, 0x00, 0xcf, 0x00, 0x7f, 0xf0, 0x6e, 0xc4,
    0x01, 0xff, 0xc0, 0x51, 0x60, 0x0f, 0xfe, 0x00,
    0xc5, 0x00, 0x7f, 0xf0, 0x6a, 0x04, 0x03, 0xff,
    0x80, 0xc0, 0xa0, 0x1f, 0xfc, 0x19, 0x4f, 0xff,
    0x30, 0x01, 0x3f, 0xda, 0x20, 0x1f, 0xfc, 0x31,
    0x77, 0xfc, 0x40, 0x01, 0x77, 0x50, 0x44, 0x7e,
    0x40, 0x02, 0xc4, 0x1c, 0x03, 0xff, 0xe8,

    /* U+0035 "5" */
    0x00, 0x3f, 0xff, 0xfa, 0x00, 0x2f, 0x00, 0xff,
    0xe1, 0x08, 0x07, 0xff, 0x08, 0xd7, 0xbb, 0xfa,
    0x00, 0x21, 0x21, 0x1f, 0xe0, 0x0c, 0xde, 0x01,
    0xff, 0xc1, 0x31, 0x00, 0xff, 0xe0, 0x89, 0x00,
    0x04, 0x03, 0xfe, 0xfd, 0xfe, 0xfe, 0xc6, 0x00,
    0xf2, 0x0d, 0xd4, 0xa8, 0x9c, 0xe9, 0x80, 0x6b,
    0xa6, 0x56, 0xab, 0x00, 0x16, 0x88, 0x07, 0xf2,
    0x38, 0x00, 0x6c, 0x03, 0xfd, 0x20, 0x12, 0x80,
    0x7f, 0x84, 0x40, 0x11, 0x00, 0x7f, 0x8c, 0x03,
    0x26, 0x50, 0x07, 0xc6, 0x01, 0x1c, 0x1a, 0xa0,
    0x07, 0x08, 0x80, 0x04, 0x28, 0x00, 0xc0, 0x0e,
    0x60, 0x0a, 0x02, 0x84, 0x0c, 0x03, 0x0c, 0x80,
    0x19, 0x40, 0xb4, 0x54, 0x80, 0x9b, 0xc4, 0x1e,
    0x40, 0x23, 0xe9, 0xee, 0x6d, 0xab, 0xf4, 0x00,
    0x40,

    /* U+0036 "6" */
    0x00, 0xff, 0xe6, 0x0b, 0xd6, 0xa8, 0x07, 0xe4,
    0xbe, 0xad, 0xc5, 0x00, 0xf0, 0xd5, 0xa4, 0xeb,
    0x88, 0x07, 0x8b, 0xd4, 0x71, 0x80, 0x3f, 0x1e,
    0x88, 0xbc, 0xc0, 0x3f, 0x0e, 0x80, 0x2c, 0x40,
    0x3f, 0xa8, 0x41, 0x14, 0x03, 0xf9, 0x10, 0x00,
    0x90, 0x0f, 0xf4, 0x00, 0x04, 0x80, 0x02, 0x01,
    0xe1, 0x30, 0x03, 0x95, 0x77, 0x3f, 0x5c, 0x02,
    0x70, 0x08, 0xbb, 0x61, 0x80, 0xa2, 0xc0, 0x1c,
    0x01, 0x1e, 0x3b, 0x4d, 0x00, 0x11, 0xc0, 0x80,
    0x2a, 0x00, 0xca, 0x60, 0x09, 0x01, 0x00, 0xfe,
    0xb0, 0x00, 0x90, 0x80, 0x7f, 0x10, 0x04, 0xe4,
    0x01, 0x30, 0x07, 0x08, 0x06, 0xd0, 0x08, 0x80,
    0x38, 0x40, 0x27, 0x51, 0x00, 0x78, 0x07, 0x10,
    0x04, 0x41, 0x00, 0x07, 0x00, 0xec, 0x00, 0x38,
    0x01, 0x88, 0x05, 0x40, 0x22, 0x40, 0x18, 0x00,
    0xb0, 0xc2, 0x94, 0x0f, 0xc0, 0xf0, 0x03, 0x0e,
    0x52, 0x5f, 0xe8, 0xce, 0x10, 0x00,

    /* U+0037 "7" */
    0x5f, 0xff, 0xfe, 0x04, 0x80, 0x7f, 0xf3, 0xfd,
    0x7b, 0xbf, 0xd6, 0x0c, 0x02, 0x3f, 0xef, 0x50,
    0x0f, 0xf9, 0x11, 0x20, 0x1f, 0xf4, 0x11, 0x80,
    0x7f, 0x90, 0xe8, 0x03, 0xfe, 0x80, 0x60, 0x0f,
    0xf2, 0x9a, 0x08, 0x07, 0xfa, 0x03, 0x80, 0x3f,
    0xca, 0x42, 0xa0, 0x1f, 0xe8, 0x07, 0x00, 0xff,
    0x29, 0x05, 0x80, 0x7f, 0xa0, 0x0c, 0x80, 0x3f,
    0x98, 0x82, 0x80, 0x3f, 0xd0, 0x00, 0x70, 0x0f,
    0xe6, 0x10, 0x51, 0x00, 0xfe, 0x80, 0x07, 0x00,
    0x7f, 0x38, 0x80, 0xa0, 0x07, 0xf4, 0x80, 0x18,
    0x03, 0xe0,

    /* U+0038 "8" */
    0x00, 0xe3, 0x57, 0x53, 0x00, 0xfc, 0xbd, 0x9f,
    0xe9, 0xcd, 0x40, 0x0e, 0x8a, 0x1c, 0xa8, 0xc6,
    0x2b, 0x50, 0x09, 0x1c, 0x1c, 0xc0, 0x29, 0x10,
    0xa0, 0x0b, 0x80, 0x18, 0x01, 0xca, 0x00, 0x30,
    0x02, 0x00, 0x7e, 0x10, 0x03, 0x00, 0x71, 0x80,
    0x73, 0x00, 0x1c, 0x00, 0x40, 0x09, 0x10, 0x0c,
    0x60, 0xa4, 0x00, 0xa0, 0x00, 0xe8, 0x80, 0x10,
    0x12, 0x80, 0x26, 0x30, 0x01, 0xfb, 0x07, 0xc5,
    0x80, 0x76, 0x90, 0x00, 0x67, 0x81, 0x40, 0x3c,
    0x3b, 0x02, 0x00, 0x14, 0xd7, 0x00, 0xf2, 0x66,
    0xe9, 0x00, 0x28, 0x90, 0x0d, 0x37, 0xa6, 0x57,
    0x40, 0x13, 0x28, 0x02, 0x58, 0x58, 0x02, 0x5b,
    0x00, 0xa0, 0x09, 0x81, 0x40, 0x39, 0x10, 0x00,
    0x20, 0x70, 0x00, 0x80, 0x7b, 0x40, 0x21, 0x30,
    0x03, 0x00, 0x78, 0x80, 0x02, 0x25, 0x00, 0x10,
    0x07, 0x88, 0x00, 0x80, 0x66, 0x01, 0x60, 0x0e,
    0xb0, 0x1b, 0x00, 0x69, 0x04, 0xb8, 0x81, 0xd9,
    0x13, 0x44, 0x00, 0x3b, 0x4b, 0x5d, 0xcf, 0x1a,
    0xd3, 0x00, 0x00,

    /* U+0039 "9" */
    0x00, 0xe3, 0x67, 0x51, 0x00, 0xfc, 0xdf, 0x98,
    0xeb, 0xea, 0x10, 0x0e, 0xb9, 0x0b, 0xa9, 0xe2,
    0x5f, 0x20, 0x09, 0xd0, 0x15, 0x00, 0x29, 0x01,
    0xf0, 0x01, 0x40, 0x03, 0x80, 0x32, 0x08, 0x13,
    0x02, 0x80, 0x4c, 0x01, 0xca, 0x00, 0xa0, 0xd0,
    0x08, 0x80, 0x38, 0x80, 0x06, 0x02, 0x01, 0xfd,
    0xc0, 0x11, 0x08, 0x04, 0x20, 0x1f, 0xcd, 0xa0,
    0x11, 0x00, 0x7f, 0x09, 0x80, 0x54, 0x01, 0xde,
    0x01, 0x91, 0x40, 0x0c, 0x40, 0x1f, 0x98, 0x2c,
    0x80, 0x18, 0xc4, 0x47, 0x70, 0x04, 0x40, 0x3a,
    0xe2, 0x29, 0xdf, 0x21, 0x00, 0x18, 0x80, 0x51,
    0xdc, 0xcf, 0xd6, 0x10, 0x05, 0x80, 0x78, 0x4c,
    0x01, 0x60, 0x01, 0x70, 0x0f, 0xf3, 0x00, 0x24,
    0x03, 0xfd, 0x22, 0x08, 0xe0, 0x1f, 0xc8, 0xc0,
    0x74, 0x01, 0xfc, 0xb6, 0x09, 0x82, 0x01, 0xfa,
    0x28, 0x22, 0xc0, 0x3f, 0x36, 0xbb, 0x6b, 0x80,
    0x7c, 0x3d, 0x54, 0xe9, 0x20, 0x0f, 0xc3, 0xf8,
    0xe2, 0x01, 0xfc,

    /* U+003A ":" */
    0x09, 0xfc, 0x26, 0x60, 0x1c, 0xf0, 0x04, 0xb8,
    0x01, 0x22, 0x29, 0x5e, 0x81, 0x6a, 0x00, 0x3f,
    0xf9, 0xeb, 0x50, 0x09, 0x4a, 0xf5, 0x80, 0x12,
    0x70, 0x04, 0x4c, 0xc0, 0x3e,

    /* U+003C "<" */
    0x00, 0xff, 0xe0, 0x90, 0x07, 0xff, 0x01, 0x77,
    0xc0, 0x3f, 0xc7, 0x94, 0xdc, 0x01, 0xf8, 0xab,
    0x02, 0xec, 0x60, 0x1e, 0x18, 0xd4, 0xac, 0x40,
    0x0f, 0x9b, 0xda, 0x39, 0x40, 0x3e, 0x5d, 0x96,
    0xf7, 0x00, 0xf8, 0xb2, 0x9f, 0xa0, 0x40, 0x3f,
    0x59, 0xb5, 0x08, 0x07, 0xfa, 0x5d, 0xb5, 0x00,
    0x3f, 0xe8, 0xd7, 0xbc, 0x30, 0x0f, 0xf1, 0x56,
    0x06, 0x51, 0x00, 0x7f, 0x8f, 0x29, 0xf6, 0x44,
    0x03, 0xfc, 0xbb, 0x0d, 0xd0, 0x01, 0xff, 0x3f,
    0x33, 0xf3, 0x00, 0x7f, 0x86, 0x75, 0x68, 0x03,
    0xff, 0x80, 0x57, 0x80,

    /* U+003E ">" */
    0x02, 0x00, 0xff, 0xe1, 0x66, 0xa0, 0x07, 0xff,
    0x02, 0x86, 0xec, 0x40, 0x1f, 0xe4, 0xca, 0x5d,
    0x91, 0x00, 0xff, 0x2f, 0x43, 0xf3, 0x80, 0x7f,
    0xcf, 0xef, 0x1a, 0xa0, 0x1f, 0xe1, 0x8e, 0x7a,
    0xc3, 0x00, 0xff, 0x0d, 0x6b, 0xe5, 0x08, 0x07,
    0xf8, 0xad, 0x54, 0xc0, 0x1f, 0xe5, 0xd5, 0x77,
    0x00, 0x7e, 0x3c, 0xa4, 0xe8, 0x00, 0xf8, 0xaf,
    0x1f, 0x24, 0x40, 0x3c, 0x33, 0xad, 0x76, 0x30,
    0x0f, 0xa3, 0x9e, 0x75, 0x00, 0x3e, 0x7e, 0x77,
    0x73, 0x00, 0x7f, 0x52, 0x74, 0x00, 0x7f, 0xdb,
    0x42, 0x01, 0xff, 0x00,

    /* U+0041 "A" */
    0x00, 0xfe, 0xef, 0xe0, 0x0f, 0xfe, 0x29, 0x88,
    0x09, 0x80, 0x7f, 0xf1, 0x2c, 0x02, 0xa0, 0x0f,
    0xfe, 0x22, 0xa0, 0x01, 0xc0, 0x3f, 0xf8, 0x66,
    0xdc, 0x00, 0x14, 0x00, 0xff, 0xe1, 0x5e, 0xa8,
    0x05, 0xa0, 0x1f, 0xfc, 0x26, 0x70, 0x40, 0x03,
    0x80, 0x7f, 0xf0, 0x4c, 0x84, 0x34, 0x00, 0x28,
    0x01, 0xff, 0xc0, 0xbb, 0x00, 0x1c, 0x02, 0xd0,
    0x0f, 0xfe, 0x02, 0xa0, 0x00, 0x4c, 0x00, 0xe0,
    0x1f, 0xf1, 0x9c, 0x01, 0x58, 0x00, 0x50, 0x03,
    0xfd, 0x6e, 0x01, 0x94, 0x02, 0xd0, 0x0f, 0xf2,
    0xe8, 0x06, 0x22, 0x00, 0x1c, 0x03, 0xf8, 0xca,
    0xff, 0xf8, 0x80, 0x02, 0x80, 0x1f, 0xad, 0x7f,
    0xfd, 0x80, 0x17, 0x00, 0x7e, 0x5f, 0x00, 0xf1,
    0x88, 0x01, 0x40, 0x3e, 0x22, 0x20, 0x07, 0xce,
    0x01, 0x20, 0x07, 0xa8, 0xc4, 0x03, 0xed, 0x00,
    0xb8, 0x03, 0xcb, 0x60, 0x1f, 0x90, 0x02, 0x50,
    0x0c, 0x2a, 0x44, 0x10, 0x0f, 0x88, 0xc0, 0x26,
    0x10, 0xae, 0xa0, 0xae, 0xb0, 0x0c, 0xff, 0xa6,
    0x01, 0x4f, 0x48,

    /* U+0042 "B" */
    0xbf, 0xff, 0xf6, 0xdb, 0x08, 0x05, 0x7d, 0x80,
    0x1b, 0xb9, 0x92, 0x09, 0x3e, 0x60, 0x10, 0x90,
    0x04, 0x23, 0x1b, 0x69, 0x00, 0xe8, 0x80, 0x7f,
    0xf0, 0x60, 0x00, 0x2c, 0x01, 0xff, 0xc1, 0x60,
    0x0b, 0x40, 0x3f, 0xf8, 0x2e, 0x01, 0x10, 0x04,
    0x20, 0x1f, 0xc6, 0x01, 0x58, 0x07, 0xff, 0x00,
    0x64, 0x01, 0x26, 0x01, 0xfe, 0x26, 0xf1, 0x5d,
    0x60, 0x0f, 0xc3, 0xfe, 0xd9, 0x38, 0x92, 0x00,
    0xfe, 0x2f, 0xf7, 0x5b, 0xc6, 0x6a, 0x00, 0x7f,
    0xc2, 0x95, 0x40, 0x2b, 0x70, 0x0f, 0x8c, 0x03,
    0x95, 0x00, 0x10, 0x60, 0x1f, 0xfc, 0x1d, 0x00,
    0xa8, 0x03, 0xff, 0x82, 0x40, 0x12, 0x80, 0x04,
    0x03, 0xff, 0xa0, 0x40, 0x12, 0x80, 0x7f, 0xf0,
    0x68, 0x02, 0xa0, 0x0f, 0xfe, 0x03, 0x98, 0x01,
    0xcc, 0x04, 0x80, 0x21, 0x00, 0x12, 0xdc, 0x00,
    0xcc, 0x05, 0xf6, 0x00, 0x6f, 0xf6, 0xdb, 0xb5,
    0x73, 0x00, 0x00,

    /* U+0043 "C" */
    0x00, 0xfc, 0x6a, 0xee, 0x53, 0x10, 0x0f, 0xc3,
    0x3d, 0x95, 0x9d, 0xfd, 0xca, 0x30, 0x0e, 0x6e,
    0x61, 0x8f, 0xb9, 0xad, 0x75, 0xc2, 0x00, 0xa6,
    0x40, 0x38, 0xe0, 0x1d, 0x80, 0x1c, 0xec, 0x00,
    0xa3, 0x00, 0xf2, 0x00, 0x62, 0x80, 0x02, 0x20,
    0x03, 0xf1, 0x80, 0x50, 0x01, 0x78, 0x07, 0xf2,
    0x00, 0x4a, 0x01, 0x20, 0x07, 0xf4, 0x79, 0x20,
    0x04, 0x60, 0x1f, 0xfc, 0x13, 0x00, 0x98, 0x03,
    0xff, 0x83, 0xe0, 0x11, 0x80, 0x7f, 0xf0, 0x48,
    0x02, 0x10, 0x0f, 0xfe, 0x09, 0x80, 0x42, 0x01,
    0xff, 0xc1, 0x10, 0x08, 0xc0, 0x3f, 0xf8, 0x3a,
    0x01, 0x30, 0x07, 0xff, 0x05, 0x00, 0x23, 0x00,
    0xff, 0xe0, 0x89, 0x80, 0x48, 0x01, 0xfc, 0x9e,
    0xc1, 0xe0, 0x17, 0x80, 0x7f, 0x68, 0x04, 0x6a,
    0x00, 0x44, 0x00, 0x7e, 0x40, 0x0d, 0x48, 0x00,
    0xa3, 0x00, 0xf0, 0x90, 0x07, 0x5b, 0x00, 0xe3,
    0x80, 0x72, 0x00, 0x7d, 0x3a, 0xa1, 0x1f, 0x75,
    0x4c, 0xa5, 0xc6, 0x00, 0xe2, 0xaf, 0xc9, 0xcd,
    0xff, 0x75, 0x18, 0x00,

    /* U+0044 "D" */
    0xbf, 0xff, 0xee, 0xc9, 0x40, 0x0f, 0x5f, 0x60,
    0x06, 0xee, 0x6d, 0xb3, 0x2f, 0x54, 0x03, 0x84,
    0x80, 0x30, 0x88, 0x96, 0xb0, 0x4a, 0xa4, 0x03,
    0xff, 0x86, 0x7a, 0x00, 0x68, 0x00, 0xff, 0xe1,
    0x9b, 0x00, 0x1c, 0xc0, 0x3f, 0xf8, 0x76, 0x01,
    0x40, 0x04, 0x20, 0x1f, 0xf1, 0x10, 0x00, 0x84,
    0x01, 0xff, 0xc3, 0x40, 0x09, 0x00, 0x3f, 0xf8,
    0x7c, 0x01, 0x78, 0x07, 0xff, 0x0c, 0x40, 0x23,
    0x00, 0xff, 0xe1, 0x98, 0x04, 0x20, 0x1f, 0xfc,
    0x32, 0x00, 0x84, 0x03, 0xff, 0x87, 0xc0, 0x11,
    0x80, 0x7f, 0xf0, 0xc8, 0x02, 0xc0, 0x0f, 0xfe,
    0x1b, 0x00, 0x48, 0x01, 0xff, 0xc2, 0x22, 0x00,
    0x14, 0x40, 0x3f, 0xf8, 0x50, 0x01, 0x40, 0x04,
    0x20, 0x1f, 0xe4, 0x50, 0x05, 0x10, 0x07, 0xff,
    0x05, 0x2c, 0x01, 0x2a, 0x01, 0x09, 0x00, 0x78,
    0x96, 0xac, 0x13, 0x18, 0x02, 0xbe, 0xc0, 0x0d,
    0xfe, 0xd8, 0x18, 0xdb, 0x30, 0x0c,

    /* U+0045 "E" */
    0xbf, 0xff, 0xfe, 0x17, 0x05, 0xf6, 0x00, 0x6e,
    0xef, 0x30, 0x06, 0x12, 0x00, 0xc2, 0x3e, 0xa0,
    0x0f, 0xfe, 0x21, 0x88, 0x07, 0xff, 0x11, 0xc8,
    0x03, 0xff, 0x87, 0x38, 0x01, 0x08, 0x07, 0xe8,
    0xc0, 0x0f, 0xfe, 0x19, 0x00, 0x7f, 0xf1, 0x18,
    0x03, 0xff, 0x81, 0xdd, 0x8c, 0x03, 0xff, 0x81,
    0xff, 0x8c, 0x03, 0xff, 0x80, 0x23, 0x98, 0x03,
    0xff, 0x88, 0x40, 0x1f, 0xfc, 0x48, 0xc0, 0x0f,
    0xfe, 0x38, 0x80, 0x42, 0x01, 0xff, 0x17, 0x38,
    0x07, 0xff, 0x09, 0xc0, 0x3f, 0xf8, 0x98, 0x01,
    0xff, 0xc4, 0x50, 0x08, 0x54, 0x03, 0x08, 0xfc,
    0x60, 0x0b, 0xeb, 0x00, 0xdd, 0xdf, 0x00, 0x40,

    /* U+0046 "F" */
    0xbf, 0xff, 0xfe, 0x18, 0x5f, 0x60, 0x06, 0xee,
    0xf4, 0x00, 0x61, 0x20, 0x0c, 0x23, 0xe5, 0x00,
    0xff, 0xe2, 0x10, 0x80, 0x80, 0x7f, 0xf0, 0x90,
    0x03, 0xff, 0x89, 0x30, 0x20, 0x01, 0x00, 0xfc,
    0x24, 0x06, 0xe0, 0x1f, 0xfc, 0x09, 0xf0, 0x0f,
    0xfe, 0x19, 0x80, 0x7f, 0xf0, 0x3b, 0xb2, 0x00,
    0x7f, 0xf0, 0x3f, 0xf1, 0x80, 0x7f, 0xf0, 0x04,
    0x73, 0x00, 0x7f, 0xf1, 0x0c, 0x03, 0xff, 0x89,
    0xc0, 0x1f, 0xfc, 0x47, 0xd0, 0x0f, 0x08, 0x07,
    0xff, 0xdc, 0x80, 0x31, 0x00, 0x7f, 0x5f, 0xe0,
    0x06, 0xdf, 0xf0, 0x07, 0xc0,

    /* U+0047 "G" */
    0x00, 0xfc, 0x4a, 0xce, 0xa6, 0x20, 0x1f, 0xe1,
    0x8e, 0xda, 0xde, 0xff, 0x75, 0xa0, 0x07, 0xcd,
    0xce, 0x31, 0xf7, 0x35, 0x94, 0x96, 0xc0, 0x1d,
    0x32, 0x00, 0x63, 0x80, 0x72, 0x00, 0x0c, 0x03,
    0x3b, 0x00, 0x28, 0xc0, 0x3c, 0x24, 0x01, 0xc5,
    0x00, 0x04, 0x50, 0x0f, 0xc8, 0x01, 0xd0, 0x01,
    0x70, 0x07, 0xf6, 0x00, 0x72, 0x80, 0x4a, 0x01,
    0xfc, 0xbe, 0xa0, 0x04, 0x00, 0x8c, 0x03, 0xff,
    0x86, 0x60, 0x13, 0x00, 0x7f, 0xf0, 0xf8, 0x02,
    0x30, 0x0f, 0xfe, 0x19, 0x80, 0x42, 0x01, 0xe3,
    0x3f, 0xf0, 0x04, 0x20, 0x1e, 0x8e, 0xcc, 0xee,
    0xae, 0x00, 0x8c, 0x03, 0xd7, 0xbe, 0x01, 0xb6,
    0x4c, 0x02, 0x60, 0x0f, 0xfe, 0x00, 0x80, 0x10,
    0x02, 0x30, 0x0f, 0xe1, 0x00, 0xf2, 0x80, 0x4a,
    0x01, 0xff, 0xc3, 0x80, 0x0a, 0x40, 0x3f, 0xf8,
    0x65, 0x00, 0x03, 0x50, 0x0f, 0xfe, 0x1b, 0xa8,
    0x02, 0x8c, 0x03, 0xf8, 0xc0, 0x3a, 0xa0, 0x01,
    0x8e, 0x01, 0xc6, 0x00, 0x60, 0x0f, 0x3f, 0x30,
    0xc7, 0x5c, 0xd6, 0x91, 0xd5, 0x80, 0x7c, 0x33,
    0xd9, 0x79, 0xdf, 0xdc, 0xc5, 0x00, 0x80,

    /* U+0048 "H" */
    0xaf, 0xff, 0xcc, 0x00, 0x3f, 0xff, 0xdb, 0x5f,
    0x80, 0x1b, 0xfc, 0xc0, 0x03, 0xff, 0x18, 0x05,
    0x3f, 0xa0, 0x01, 0x00, 0xff, 0xe2, 0x18, 0x06,
    0x30, 0x0f, 0xfe, 0x03, 0x80, 0x42, 0x01, 0xff,
    0xd2, 0x10, 0x0f, 0xff, 0xf0, 0x80, 0x7f, 0xf0,
    0x07, 0xbb, 0xf2, 0x80, 0x7f, 0xf0, 0x07, 0xff,
    0xf2, 0x00, 0x7f, 0xf0, 0x44, 0x7f, 0x80, 0x3f,
    0xff, 0xe0, 0x1f, 0xfc, 0x01, 0x00, 0xff, 0xeb,
    0x08, 0x07, 0xff, 0x14, 0xc0, 0x3f, 0xf8, 0x82,
    0x01, 0x0b, 0x80, 0x62, 0x10, 0x0c, 0x24, 0xc0,
    0x11, 0x10, 0x2f, 0xa8, 0x03, 0x6f, 0x38, 0x01,
    0x3b, 0x48, 0x02, 0x8d, 0xe0,

    /* U+0049 "I" */
    0xbf, 0xff, 0xd3, 0x7f, 0x80, 0x1b, 0x7e, 0x40,
    0x04, 0x01, 0x88, 0x03, 0xff, 0x84, 0x20, 0x1f,
    0xff, 0xf0, 0x0f, 0xff, 0x50, 0x80, 0x7f, 0xf1,
    0xc8, 0x03, 0x10, 0x02, 0xff, 0x00, 0x36, 0xfc,
    0x80,

    /* U+004A "J" */
    0x00, 0xab, 0xff, 0xf8, 0x03, 0x57, 0x6a, 0x80,
    0x51, 0xde, 0x01, 0xc2, 0x44, 0x00, 0x84, 0x40,
    0x1f, 0xfd, 0xc3, 0x00, 0xff, 0xec, 0xf8, 0x07,
    0xff, 0xfc, 0x03, 0xff, 0xd4, 0x20, 0x1f, 0xfc,
    0x17, 0x00, 0xfe, 0xf0, 0x08, 0x80, 0x3f, 0xf8,
    0x22, 0x01, 0xfc, 0x20, 0x05, 0x00, 0xf1, 0x90,
    0x00, 0x80, 0x12, 0x01, 0xd9, 0x8d, 0xa0, 0x60,
    0x63, 0x00, 0xe3, 0x00, 0x2d, 0x12, 0xc8, 0x07,
    0xac, 0xc0, 0x0d, 0x54, 0x00, 0xf0,

    /* U+004B "K" */
    0xbf, 0xff, 0xce, 0x00, 0xbf, 0xff, 0x38, 0x5f,
    0xe0, 0x04, 0x5b, 0xee, 0x00, 0xbe, 0xb0, 0x7d,
    0xf7, 0x00, 0x88, 0x03, 0x10, 0x07, 0x0c, 0x34,
    0x10, 0x07, 0xff, 0x12, 0x42, 0x40, 0x3f, 0xf8,
    0xac, 0x9a, 0x01, 0xff, 0xc0, 0x10, 0x0c, 0x71,
    0xe2, 0x01, 0xf8, 0x40, 0x3e, 0x1d, 0xa2, 0x00,
    0xff, 0xe2, 0xe9, 0x20, 0x07, 0xff, 0x16, 0x4c,
    0xc8, 0x01, 0xff, 0xc4, 0x66, 0x00, 0x20, 0x03,
    0xff, 0x86, 0x76, 0x60, 0x03, 0x50, 0x0f, 0xfe,
    0x08, 0xf7, 0x3c, 0x02, 0x80, 0x0f, 0xfe, 0x09,
    0x41, 0x99, 0x00, 0x04, 0xe0, 0x1f, 0xfc, 0x03,
    0x50, 0x04, 0x80, 0x52, 0x01, 0xff, 0xc4, 0x25,
    0x00, 0x0c, 0x00, 0x7c, 0x20, 0x1f, 0xa0, 0x02,
    0x71, 0x00, 0xff, 0xe1, 0x93, 0x00, 0x50, 0x01,
    0xff, 0xc4, 0x80, 0x09, 0x88, 0x03, 0xf8, 0x40,
    0x38, 0x5c, 0x02, 0x90, 0x0e, 0x20, 0x0c, 0x20,
    0x1d, 0x40, 0x12, 0x20, 0x01, 0x7f, 0x80, 0x11,
    0x77, 0x98, 0x03, 0xf4, 0x03, 0x5f, 0xb0,

    /* U+004C "L" */
    0xbf, 0xff, 0xd8, 0x01, 0xeb, 0xfc, 0x00, 0xdb,
    0xf8, 0x01, 0xf8, 0x80, 0x31, 0x00, 0x7f, 0xfb,
    0x84, 0x03, 0xff, 0xfe, 0x01, 0xff, 0xf5, 0x10,
    0x00, 0x80, 0x7f, 0xd3, 0xc0, 0x1f, 0xfc, 0x24,
    0x00, 0xff, 0xe1, 0x09, 0x00, 0x7f, 0xf0, 0x94,
    0x02, 0x12, 0x00, 0xc2, 0x3e, 0xd0, 0x05, 0xf6,
    0x00, 0x6e, 0xef, 0x30, 0x00,

    /* U+004D "M" */
    0x0d, 0xff, 0xf1, 0x80, 0x7f, 0x8b, 0xff, 0xd6,
    0x1b, 0xd6, 0x01, 0xa8, 0x03, 0xfd, 0x40, 0x1b,
    0x3e, 0xc0, 0x02, 0xa0, 0x19, 0xc0, 0x3f, 0xcc,
    0x01, 0x88, 0x03, 0xc2, 0x80, 0x01, 0x50, 0x0f,
    0xc8, 0x64, 0x01, 0xfc, 0x63, 0xc0, 0x17, 0x00,
    0x7e, 0xea, 0x00, 0xff, 0xe0, 0x28, 0x80, 0x10,
    0x40, 0x3c, 0x2a, 0xc0, 0x1f, 0xfc, 0x17, 0x00,
    0x98, 0x03, 0xcc, 0x82, 0x01, 0xff, 0xc1, 0xa0,
    0x0a, 0x80, 0x3d, 0x5c, 0x01, 0xc2, 0x01, 0xf8,
    0xcc, 0x00, 0x23, 0x00, 0xc6, 0x4a, 0x01, 0xff,
    0xc3, 0xa0, 0x0a, 0x80, 0x35, 0x30, 0x07, 0xff,
    0x11, 0xc0, 0x26, 0x00, 0xcf, 0x40, 0x03, 0x00,
    0xff, 0xe0, 0x8a, 0x80, 0x4c, 0x00, 0x53, 0x30,
    0x07, 0xff, 0x17, 0x80, 0x2a, 0x00, 0x75, 0x00,
    0x7f, 0xf1, 0x90, 0x80, 0x06, 0x42, 0x8c, 0x01,
    0xff, 0xc7, 0xa0, 0x0a, 0x99, 0x04, 0x03, 0xe1,
    0x00, 0xff, 0x98, 0x02, 0x6a, 0xe0, 0x0f, 0xfe,
    0x40, 0xa0, 0x00, 0x49, 0x40, 0x3f, 0xf9, 0x3c,
    0x01, 0x30, 0x07, 0xff, 0x29, 0x44, 0x01, 0x40,
    0x1c, 0x20, 0x1f, 0x89, 0x01, 0x08, 0x03, 0x30,
    0x11, 0x80, 0x61, 0x00, 0xc4, 0x00, 0x2f, 0xd9,
    0x0b, 0xdf, 0x20, 0x05, 0x05, 0x00, 0x51, 0xfc,
    0x01, 0xb3, 0xec,

    /* U+004E "N" */
    0xcf, 0xfe, 0xb0, 0x0f, 0x5f, 0xff, 0xb7, 0x3e,
    0x40, 0x24, 0x60, 0x0e, 0xbf, 0xdb, 0x0b, 0xed,
    0x00, 0x28, 0x06, 0x92, 0x00, 0xf1, 0x28, 0x20,
    0x80, 0x71, 0x00, 0x5c, 0x01, 0xff, 0xc3, 0x1e,
    0x00, 0x8d, 0xc0, 0x3f, 0xf8, 0x42, 0x6e, 0x01,
    0x41, 0x00, 0x7f, 0xf0, 0xe0, 0x80, 0x2e, 0x00,
    0xff, 0xe2, 0x70, 0x04, 0x6e, 0x01, 0xff, 0xc3,
    0x38, 0x00, 0xa0, 0xc0, 0x3f, 0xf8, 0x6e, 0x60,
    0x17, 0x00, 0x7f, 0xf1, 0x38, 0x02, 0x28, 0x00,
    0x08, 0x07, 0xe1, 0x00, 0x8a, 0x00, 0x27, 0x30,
    0x0f, 0xfe, 0x1b, 0x98, 0x05, 0xc0, 0x1f, 0xfc,
    0x4e, 0x00, 0x8a, 0x40, 0x3f, 0xf8, 0x65, 0x20,
    0x13, 0x20, 0x07, 0xff, 0x0d, 0x90, 0x02, 0xa0,
    0x0f, 0xfe, 0x25, 0x08, 0x00, 0x40, 0x3f, 0xf8,
    0x83, 0x60, 0x1f, 0xfc, 0x85, 0x50, 0x07, 0x84,
    0xd0, 0x19, 0x08, 0x03, 0xeb, 0x10, 0x0e, 0xfc,
    0x80, 0x8b, 0xd9, 0x00, 0xf0, 0xd0, 0x07, 0x00,

    /* U+004F "O" */
    0x00, 0xf8, 0x95, 0xdc, 0xa4, 0x01, 0xff, 0xc0,
    0x5d, 0xd4, 0x6e, 0xa3, 0x74, 0xa0, 0x1f, 0xd7,
    0x45, 0x1b, 0x54, 0xd8, 0x2a, 0xb1, 0x00, 0xf6,
    0x20, 0x43, 0x80, 0x67, 0x80, 0x4c, 0x00, 0xea,
    0x30, 0x27, 0x00, 0xf3, 0x90, 0x15, 0x00, 0x46,
    0xa0, 0x05, 0x00, 0xfc, 0xa0, 0x05, 0x40, 0x04,
    0x00, 0x56, 0x01, 0xfa, 0xc0, 0x2f, 0x01, 0x40,
    0x00, 0x98, 0x07, 0xe3, 0x10, 0x02, 0x0a, 0x00,
    0x44, 0x01, 0xfe, 0x20, 0x09, 0x08, 0x02, 0x60,
    0x0f, 0xf3, 0x80, 0x5b, 0xc0, 0x11, 0x80, 0x7f,
    0x88, 0x02, 0x13, 0x00, 0x84, 0x03, 0xfc, 0x20,
    0x11, 0x98, 0x02, 0x10, 0x0f, 0xf0, 0x80, 0x47,
    0xc0, 0x11, 0x80, 0x7f, 0x88, 0x02, 0x12, 0x00,
    0x98, 0x03, 0xfc, 0xe0, 0x16, 0xa0, 0x04, 0x40,
    0x1f, 0xe2, 0x00, 0x90, 0x50, 0x00, 0x26, 0x01,
    0xf8, 0xc4, 0x00, 0x82, 0x1e, 0x01, 0x58, 0x07,
    0xeb, 0x00, 0xbc, 0x00, 0x8a, 0x00, 0x50, 0x0f,
    0xca, 0x00, 0x54, 0x00, 0xa8, 0x80, 0x9c, 0x03,
    0xce, 0x40, 0x54, 0x01, 0xd8, 0x81, 0x0c, 0x01,
    0x9a, 0x01, 0x30, 0x03, 0xc3, 0x74, 0x53, 0xb5,
    0x4d, 0x92, 0xab, 0x10, 0x0f, 0xcb, 0xba, 0x8d,
    0xd4, 0x6e, 0x94, 0x03, 0x80,

    /* U+0050 "P" */
    0xbf, 0xff, 0xee, 0xb8, 0x30, 0x0d, 0x7d, 0x80,
    0x1b, 0xb9, 0x90, 0xaf, 0x96, 0x20, 0x10, 0x90,
    0x06, 0x11, 0x1b, 0x71, 0x82, 0x60, 0x07, 0xff,
    0x0b, 0xc0, 0x05, 0x00, 0x1f, 0xfc, 0x13, 0x10,
    0x01, 0x80, 0x7f, 0xf0, 0x88, 0x00, 0xa0, 0x10,
    0x80, 0x7f, 0xf0, 0x44, 0x03, 0xff, 0x84, 0x60,
    0x02, 0x00, 0xff, 0xe0, 0xa0, 0x05, 0x40, 0x1f,
    0xfc, 0x01, 0x90, 0x01, 0xb8, 0x07, 0xf8, 0x9b,
    0xc8, 0x17, 0x00, 0x3f, 0xbb, 0xf6, 0x49, 0xf2,
    0x80, 0x3f, 0xdf, 0xdf, 0xec, 0x83, 0x00, 0xff,
    0x84, 0x40, 0x1f, 0xfd, 0x11, 0x00, 0xff, 0xfd,
    0x0a, 0x80, 0x63, 0x20, 0x0f, 0xeb, 0xeb, 0x00,
    0xd9, 0xbe, 0x01, 0xf8,

    /* U+0051 "Q" */
    0x00, 0xf8, 0x55, 0xdc, 0xa4, 0x01, 0xff, 0xc0,
    0x4c, 0xe8, 0xdd, 0x46, 0xe2, 0x00, 0x7f, 0x55,
    0x9c, 0x6d, 0x53, 0x60, 0xee, 0x80, 0x3e, 0xc5,
    0x07, 0x70, 0x06, 0x77, 0x02, 0xe0, 0x07, 0x41,
    0x80, 0xc0, 0x07, 0xa0, 0x40, 0xe4, 0x02, 0x27,
    0x00, 0x38, 0x07, 0xe7, 0x00, 0x31, 0x80, 0x20,
    0x02, 0xd0, 0x0f, 0xda, 0x01, 0x48, 0x01, 0x40,
    0x02, 0x80, 0x1f, 0x90, 0x02, 0x50, 0x40, 0x08,
    0x80, 0x3f, 0xc6, 0x01, 0x21, 0x80, 0x4e, 0x01,
    0xfe, 0x70, 0x08, 0xfc, 0x02, 0x20, 0x0f, 0xf0,
    0x80, 0x5e, 0x40, 0x10, 0x80, 0x7f, 0x88, 0x02,
    0x23, 0x00, 0x84, 0x03, 0xfc, 0x20, 0x11, 0x88,
    0x04, 0x60, 0x1f, 0xe3, 0x00, 0x87, 0x80, 0x21,
    0x00, 0xff, 0x30, 0x05, 0xca, 0x01, 0x30, 0x07,
    0xf8, 0x40, 0x25, 0x31, 0x00, 0x10, 0x07, 0xf0,
    0x90, 0x00, 0x4c, 0x18, 0x02, 0x50, 0x0f, 0xc8,
    0x01, 0x30, 0x02, 0x40, 0x2f, 0x00, 0xfd, 0xe0,
    0x14, 0x80, 0x06, 0x40, 0x0a, 0x20, 0x1e, 0x15,
    0x00, 0x48, 0x80, 0x4c, 0xe0, 0x0a, 0x00, 0xf5,
    0x00, 0x1d, 0x80, 0x3a, 0x24, 0x13, 0x0c, 0x00,
    0x78, 0x81, 0x30, 0x01, 0xf3, 0x73, 0x8e, 0x7f,
    0xb0, 0x5f, 0x98, 0x03, 0xf8, 0x63, 0x44, 0x00,
    0x5b, 0x02, 0x01, 0xff, 0xc1, 0x50, 0x01, 0x80,
    0x7f, 0xf1, 0x30, 0x00, 0x26, 0x01, 0xff, 0xc3,
    0x72, 0x00, 0x40, 0x07, 0xff, 0x13, 0x84, 0x13,
    0x10, 0x49, 0x44, 0x03, 0xfc, 0x7e, 0xa0, 0x77,
    0xdb, 0x80, 0x1f, 0xfc, 0x01, 0xaf, 0xdc, 0xef,
    0x91, 0x00,

    /* U+0052 "R" */
    0xbf, 0xff, 0xee, 0xdb, 0x71, 0x00, 0xeb, 0xec,
    0x00, 0xdd, 0xcd, 0xa7, 0x48, 0xe8, 0x00, 0xe1,
    0x20, 0x08, 0x46, 0x24, 0xaa, 0x00, 0x1d, 0xc0,
    0x1f, 0xfc, 0x35, 0x30, 0x04, 0x80, 0x7f, 0xf1,
    0x14, 0x00, 0x24, 0x01, 0xff, 0xc3, 0x30, 0x08,
    0xc0, 0x30, 0x80, 0x7f, 0x9c, 0x00, 0x62, 0x01,
    0xf8, 0xc0, 0x39, 0xc8, 0x07, 0x40, 0x3f, 0xf8,
    0x02, 0x95, 0x02, 0xfc, 0x20, 0x1f, 0xc5, 0xfe,
    0xeb, 0x48, 0xe8, 0x00, 0xff, 0x87, 0xfd, 0xac,
    0x31, 0xc6, 0x01, 0xff, 0xc2, 0x29, 0x30, 0x1c,
    0x10, 0x0f, 0xfe, 0x1c, 0x80, 0x50, 0x01, 0xff,
    0xc3, 0x40, 0x09, 0xc0, 0x3f, 0xf8, 0x62, 0x40,
    0x01, 0x20, 0x0e, 0x10, 0x0f, 0xe7, 0x00, 0x9c,
    0x03, 0xff, 0x87, 0x80, 0x16, 0x80, 0x7f, 0xf0,
    0xd4, 0x02, 0x40, 0x0f, 0xe1, 0x00, 0xe3, 0x00,
    0x8c, 0x02, 0x37, 0x80, 0x0d, 0x0c, 0x60, 0x13,
    0x00, 0x50, 0xcb, 0x10, 0x60, 0x0c, 0xf3, 0x20,
    0x0a, 0x5c, 0x41, 0xe6, 0x40,

    /* U+0053 "S" */
    0x00, 0xe2, 0x46, 0x62, 0x10, 0x07, 0xcb, 0xba,
    0xba, 0xc8, 0xdd, 0x28, 0x06, 0x9a, 0x26, 0xec,
    0xac, 0xb2, 0xa7, 0x00, 0x3b, 0x02, 0x48, 0x80,
    0x48, 0x01, 0xd2, 0x00, 0xe0, 0x0f, 0x20, 0x08,
    0x10, 0x80, 0x04, 0x03, 0xd8, 0x06, 0x01, 0xd8,
    0x01, 0xe6, 0x87, 0x02, 0x00, 0x9c, 0x80, 0x38,
    0x5c, 0x80, 0x06, 0x01, 0x62, 0x80, 0x7f, 0x40,
    0x04, 0x35, 0xac, 0x01, 0xf2, 0x40, 0x06, 0x29,
    0xe6, 0x00, 0xf3, 0xd0, 0x80, 0x61, 0x9d, 0x20,
    0x0e, 0x5f, 0x70, 0x0e, 0x2c, 0x30, 0x0e, 0x18,
    0xe8, 0x10, 0x08, 0x7c, 0x03, 0xe1, 0x7f, 0x50,
    0x08, 0xd0, 0x03, 0xf0, 0xd2, 0x80, 0x44, 0xba,
    0x40, 0x1f, 0x48, 0x05, 0xc6, 0x4a, 0x01, 0xf1,
    0x00, 0x5c, 0x21, 0x80, 0x1f, 0x28, 0x04, 0x9e,
    0x08, 0x01, 0xf7, 0x00, 0x1c, 0xbc, 0x00, 0xa0,
    0x18, 0x65, 0x41, 0x20, 0x1e, 0x8e, 0xbb, 0x2f,
    0x79, 0x8a, 0xac, 0x02, 0x5c, 0xfd, 0x9c, 0xbb,
    0x6e, 0x94, 0x02,

    /* U+0054 "T" */
    0x3f, 0xff, 0xfe, 0x2d, 0x38, 0x02, 0xfb, 0xaa,
    0x00, 0x8f, 0xbb, 0x18, 0x08, 0x04, 0x82, 0x38,
    0x03, 0x08, 0xeb, 0x00, 0xc8, 0x01, 0xff, 0xc1,
    0x40, 0x71, 0x0c, 0x00, 0xff, 0xe0, 0x98, 0x04,
    0x28, 0x01, 0xff, 0xc2, 0x40, 0x5e, 0x30, 0x0f,
    0xce, 0x01, 0xd7, 0x80, 0x1f, 0xff, 0x47, 0x00,
    0xff, 0xe3, 0x38, 0x07, 0xff, 0xfc, 0x03, 0x38,
    0x07, 0xff, 0xe8, 0x48, 0x02, 0x11, 0x00, 0x7f,
    0x93, 0xfa, 0x40, 0x22, 0xef, 0xb0, 0x0c,

    /* U+0055 "U" */
    0xef, 0xff, 0xce, 0x01, 0x37, 0xff, 0xc1, 0xdf,
    0x00, 0x12, 0x77, 0xb8, 0x04, 0xdf, 0xb2, 0x13,
    0xbe, 0x01, 0x08, 0x04, 0x22, 0x00, 0xf8, 0x90,
    0x10, 0x80, 0x3f, 0xfb, 0x86, 0x01, 0xff, 0xd1,
    0x30, 0x0f, 0xff, 0x79, 0x80, 0x7f, 0xff, 0xc0,
    0x3f, 0xf8, 0xc2, 0x01, 0x08, 0x07, 0xf1, 0x80,
    0x80, 0x73, 0x80, 0x4e, 0x01, 0xfc, 0x20, 0x1f,
    0x10, 0x04, 0x60, 0x1f, 0xca, 0x60, 0x1e, 0x12,
    0x00, 0x90, 0x03, 0xf5, 0x20, 0x07, 0xd4, 0x01,
    0x40, 0x07, 0xc8, 0x74, 0x01, 0xf3, 0x88, 0x00,
    0xf0, 0x40, 0x33, 0x5a, 0x90, 0x07, 0xed, 0x10,
    0x01, 0xf6, 0xd6, 0x74, 0x9d, 0x00, 0x7f, 0x1e,
    0x28, 0x04, 0x4a, 0x62, 0xf8, 0x01, 0xff, 0x15,
    0x7e, 0x54, 0x4d, 0xfc, 0x00, 0x7c,

    /* U+0056 "V" */
    0xcf, 0xff, 0xcc, 0x01, 0x37, 0xff, 0x97, 0x39,
    0x00, 0x26, 0xef, 0x60, 0x09, 0xbf, 0x54, 0x77,
    0xd4, 0x07, 0x80, 0x24, 0x10, 0x0f, 0x89, 0xdc,
    0x40, 0x19, 0x40, 0x22, 0x20, 0x07, 0xc4, 0x4a,
    0x00, 0xf2, 0x80, 0x4a, 0x01, 0xf2, 0x89, 0x80,
    0x7b, 0x80, 0x2a, 0x00, 0xfa, 0xd8, 0x03, 0xe4,
    0x10, 0x01, 0x10, 0x03, 0x84, 0xec, 0x03, 0xf3,
    0x80, 0x4a, 0x01, 0xce, 0x46, 0x01, 0xfb, 0x40,
    0x2b, 0x00, 0xea, 0x50, 0x0f, 0xe4, 0x10, 0x01,
    0x90, 0x04, 0x27, 0x40, 0x1f, 0xe6, 0x00, 0x94,
    0x02, 0x72, 0x20, 0x07, 0xfa, 0xc0, 0x2b, 0x00,
    0xb5, 0x40, 0x3f, 0xe3, 0x20, 0x01, 0x88, 0x01,
    0x28, 0x03, 0xff, 0x80, 0xa0, 0x13, 0x82, 0x91,
    0x00, 0x3f, 0xf8, 0x14, 0x01, 0x50, 0x7d, 0x00,
    0x7f, 0xf0, 0x48, 0x80, 0x03, 0x25, 0x50, 0x07,
    0xff, 0x0a, 0x80, 0x29, 0x32, 0x00, 0xff, 0xe1,
    0x28, 0x04, 0x96, 0x01, 0xff, 0xc3, 0x23, 0x00,
    0x98, 0x03, 0xff, 0x89, 0x40, 0x03, 0x10, 0x0f,
    0xfe, 0x23, 0x80, 0x28, 0x03, 0xf8,

    /* U+0057 "W" */
    0xbf, 0xff, 0xc6, 0x00, 0xcf, 0xff, 0xb4, 0x00,
    0xbf, 0xfe, 0x6b, 0xf6, 0x00, 0x93, 0xbc, 0xc0,
    0x19, 0xd4, 0x01, 0x67, 0x68, 0x01, 0x7f, 0x48,
    0xf3, 0xd8, 0x01, 0xa0, 0x13, 0x08, 0x07, 0x09,
    0x00, 0x61, 0x00, 0xe2, 0x25, 0x18, 0x06, 0x40,
    0x08, 0x88, 0x01, 0xeb, 0x00, 0xac, 0x03, 0xc8,
    0x08, 0x01, 0xe5, 0x00, 0x90, 0x03, 0x84, 0xc0,
    0x25, 0x00, 0xf6, 0x11, 0x00, 0x3d, 0x80, 0x16,
    0x00, 0x72, 0x12, 0x00, 0x08, 0x40, 0x39, 0x14,
    0x03, 0xe7, 0x00, 0x90, 0x03, 0xbd, 0x74, 0x02,
    0x70, 0x0c, 0x27, 0x80, 0x1f, 0x09, 0x00, 0x04,
    0x80, 0x32, 0x5b, 0x80, 0x58, 0x01, 0x90, 0x10,
    0x03, 0xf2, 0x80, 0x48, 0x01, 0x18, 0x18, 0x98,
    0x01, 0x40, 0x36, 0x20, 0x07, 0xf5, 0x80, 0x58,
    0x01, 0x22, 0x00, 0x08, 0x01, 0x18, 0x04, 0x9a,
    0x01, 0xfc, 0x60, 0x12, 0x00, 0x57, 0xe0, 0x0b,
    0x00, 0xac, 0x00, 0x44, 0x70, 0x0f, 0xf2, 0x80,
    0x04, 0xc0, 0x4d, 0x00, 0x06, 0x20, 0x05, 0x00,
    0x21, 0x08, 0x07, 0xfb, 0x00, 0x24, 0x04, 0x31,
    0x00, 0x9c, 0x00, 0x42, 0x18, 0xa0, 0x1f, 0xf3,
    0x80, 0x58, 0x1f, 0x60, 0x1b, 0x40, 0x27, 0x04,
    0xc0, 0x0f, 0xf8, 0x4c, 0x00, 0x80, 0x8a, 0x01,
    0x90, 0x02, 0xc2, 0x14, 0x00, 0xff, 0xe0, 0x20,
    0x04, 0xe0, 0x40, 0x1c, 0x80, 0x05, 0x58, 0x03,
    0xff, 0x83, 0x60, 0x14, 0xb8, 0x07, 0xb4, 0x02,
    0x9c, 0x00, 0xff, 0xe0, 0x98, 0x80, 0x07, 0x40,
    0x3c, 0xe0, 0x10, 0xb8, 0x07, 0xff, 0x09, 0x00,
    0x24, 0x00, 0xf0, 0x90, 0x00, 0xc4, 0x03, 0xff,
    0x85, 0xe0, 0x04, 0x00, 0xfc, 0xa0, 0x04, 0x00,
    0xff, 0xe1, 0xa0, 0x03, 0x40, 0x3f, 0x58, 0x02,
    0xc0, 0x3f, 0x00,

    /* U+0058 "X" */
    0x5f, 0xff, 0xd8, 0x00, 0x8f, 0xff, 0x12, 0xfd,
    0x80, 0x6a, 0xec, 0x00, 0x47, 0x60, 0x46, 0xf9,
    0x00, 0x11, 0x80, 0x2e, 0x10, 0x0c, 0x36, 0x6e,
    0x40, 0x1d, 0x00, 0x12, 0x28, 0x06, 0x27, 0xe0,
    0x0f, 0x86, 0x00, 0x28, 0x00, 0xd3, 0x04, 0x01,
    0xf9, 0xc8, 0x00, 0x4e, 0x00, 0x56, 0x70, 0x0f,
    0xf4, 0x80, 0x50, 0x21, 0x7c, 0x01, 0xff, 0x22,
    0x00, 0x2b, 0x86, 0x30, 0x0f, 0xfe, 0x04, 0x80,
    0x4a, 0xa8, 0x00, 0xff, 0xe0, 0x93, 0x00, 0x42,
    0x01, 0xff, 0xc3, 0x81, 0x00, 0x1b, 0x00, 0x7f,
    0xf0, 0x84, 0x80, 0x28, 0x00, 0xff, 0xe1, 0x33,
    0x90, 0x00, 0x60, 0x03, 0xff, 0x80, 0x31, 0x32,
    0x00, 0x9c, 0x80, 0x3f, 0xea, 0x62, 0x45, 0x00,
    0xa4, 0x03, 0xfc, 0xcc, 0x80, 0x04, 0x00, 0x48,
    0x80, 0x0f, 0xc3, 0x32, 0x00, 0x89, 0xc0, 0x29,
    0x00, 0xfd, 0x48, 0x80, 0x0d, 0x02, 0x00, 0x26,
    0x00, 0xf2, 0xa4, 0x80, 0x7a, 0xc0, 0x28, 0x10,
    0x08, 0x4e, 0xd4, 0x03, 0xe4, 0x20, 0x00, 0xc0,
    0x85, 0x76, 0x0a, 0xef, 0x90, 0x01, 0xbf, 0x88,
    0x02, 0x6e, 0xe0,

    /* U+0059 "Y" */
    0x7f, 0xff, 0xd2, 0x00, 0x1f, 0xff, 0x3b, 0xbd,
    0x80, 0x21, 0xdf, 0x90, 0x00, 0xfe, 0xb0, 0x67,
    0x38, 0x02, 0x00, 0x21, 0x70, 0x0f, 0x12, 0x39,
    0x88, 0x04, 0x2c, 0x01, 0x48, 0x07, 0x94, 0xa4,
    0x03, 0xd6, 0x01, 0x1a, 0x00, 0x74, 0xb8, 0x80,
    0x78, 0x94, 0x02, 0xf0, 0x0c, 0x66, 0x90, 0x0f,
    0xd0, 0x01, 0x21, 0x80, 0x50, 0xc2, 0x01, 0xf8,
    0x94, 0x02, 0x90, 0x01, 0x24, 0x00, 0x7f, 0xa0,
    0x02, 0x52, 0x0b, 0x61, 0x00, 0xff, 0x12, 0x00,
    0x56, 0x2d, 0x60, 0x1f, 0xfc, 0x08, 0x00, 0x9a,
    0x14, 0x80, 0x3f, 0xf8, 0x06, 0x80, 0x13, 0x40,
    0x07, 0xff, 0x0a, 0x00, 0x21, 0x20, 0x0f, 0xfe,
    0x11, 0x00, 0x46, 0x01, 0xff, 0xef, 0x30, 0x0f,
    0xfe, 0x19, 0x80, 0x7f, 0xf6, 0x85, 0x80, 0x31,
    0x00, 0x7f, 0xc3, 0xfd, 0x60, 0x10, 0xef, 0xe8,
    0x07, 0x00,

    /* U+005A "Z" */
    0x09, 0xff, 0xff, 0xe1, 0x30, 0x18, 0x1f, 0x77,
    0xd6, 0x01, 0x94, 0x04, 0x10, 0x47, 0xef, 0x00,
    0x94, 0xc1, 0xc3, 0x00, 0x3c, 0xa8, 0x01, 0x58,
    0x06, 0x50, 0x0f, 0x58, 0x05, 0x22, 0x01, 0x18,
    0x80, 0x74, 0x08, 0x00, 0xd8, 0x02, 0xcc, 0x00,
    0x71, 0x38, 0x05, 0xe0, 0x1f, 0xf7, 0x00, 0x4c,
    0x60, 0x1f, 0xe6, 0x30, 0x00, 0xc0, 0x07, 0xf8,
    0x60, 0x02, 0x81, 0x00, 0xff, 0x40, 0x80, 0x0d,
    0x80, 0x3f, 0xc6, 0xc0, 0x17, 0x00, 0x7f, 0xdc,
    0x01, 0x39, 0x00, 0x7f, 0x9c, 0x80, 0x03, 0x00,
    0x1f, 0xe1, 0x80, 0x0a, 0xc0, 0x3f, 0xeb, 0x00,
    0x91, 0x40, 0x3d, 0xb4, 0x00, 0x45, 0x00, 0xa4,
    0x03, 0xc2, 0x40, 0x14, 0x80, 0x4e, 0x40, 0x1e,
    0x70, 0x0a, 0x08, 0x00, 0x50, 0x01, 0xf6, 0x01,
    0x8b, 0x80, 0x56, 0x23, 0xf9, 0x40, 0x0a, 0x01,
    0xa7, 0xbb, 0xf0, 0x04,

    /* U+0061 "a" */
    0x00, 0x92, 0xb3, 0xbf, 0x68, 0xc0, 0x3e, 0xbb,
    0x6e, 0x75, 0x9a, 0xe3, 0x00, 0x75, 0xa0, 0x18,
    0x01, 0x20, 0x01, 0x02, 0x01, 0x0a, 0x00, 0x18,
    0x02, 0x40, 0x00, 0xa0, 0x04, 0x60, 0x02, 0x20,
    0x04, 0x60, 0x11, 0x00, 0x45, 0xb5, 0x80, 0x18,
    0x40, 0x2e, 0x00, 0xc4, 0xa2, 0x01, 0x24, 0x00,
    0x7f, 0xcd, 0x7b, 0x98, 0x00, 0xfe, 0x7f, 0x9c,
    0xd8, 0x40, 0x0f, 0xd7, 0x01, 0x2e, 0x01, 0xfe,
    0x64, 0x01, 0x60, 0x0f, 0xfb, 0x00, 0x04, 0x01,
    0xff, 0xc0, 0x10, 0x00, 0x80, 0x62, 0x00, 0xf8,
    0xc0, 0x04, 0xa0, 0x04, 0xe1, 0x00, 0x18, 0x08,
    0x48, 0x80, 0x2b, 0x75, 0x3a, 0xc0, 0x05, 0x8d,
    0x11, 0x62, 0x88, 0x02, 0xb4, 0x61, 0x84, 0x45,
    0xc2,

    /* U+0062 "b" */
    0x00, 0x89, 0x62, 0x40, 0x3f, 0xf8, 0x17, 0xdb,
    0x4e, 0xe0, 0x0f, 0xfe, 0x04, 0x50, 0x80, 0x7f,
    0xf0, 0xcd, 0x0c, 0x00, 0x60, 0x1f, 0xff, 0xf0,
    0x0f, 0xfe, 0x21, 0x4e, 0xff, 0x51, 0x00, 0x7f,
    0x9b, 0x10, 0xc0, 0x57, 0x50, 0x03, 0xf1, 0x0f,
    0x6f, 0x58, 0x05, 0x64, 0x01, 0xf0, 0xb8, 0x04,
    0x96, 0x01, 0x48, 0x07, 0xff, 0x05, 0x08, 0x00,
    0x84, 0x01, 0xff, 0xc1, 0x40, 0x09, 0xc0, 0x3f,
    0xf8, 0x3c, 0x01, 0x68, 0x07, 0xff, 0x04, 0x80,
    0x22, 0x00, 0xff, 0xe2, 0x98, 0x07, 0xff, 0x04,
    0xc0, 0x2e, 0x00, 0xff, 0xe0, 0xf8, 0x04, 0x40,
    0x11, 0x80, 0x7f, 0x20, 0x04, 0x80, 0x1f, 0xfc,
    0x04, 0x20, 0x03, 0x88, 0x07, 0x86, 0x84, 0x00,
    0xb6, 0x00, 0x19, 0x00, 0x23, 0x08, 0x01, 0x73,
    0xb9, 0xf4, 0x00, 0x1d, 0x10, 0x05, 0x48, 0x05,
    0x8d, 0x88, 0x20, 0x4f, 0xe6, 0x00,

    /* U+0063 "c" */
    0x00, 0xc5, 0x3b, 0xdf, 0x90, 0x20, 0x1d, 0x3a,
    0xcc, 0xaf, 0xf3, 0xf9, 0x80, 0x58, 0xc0, 0xb6,
    0x80, 0x60, 0x3a, 0x21, 0x26, 0x00, 0xb0, 0x0c,
    0x60, 0x2c, 0x4c, 0x00, 0x61, 0x00, 0xd6, 0x00,
    0xe5, 0x00, 0xb0, 0x03, 0x9e, 0x66, 0xc0, 0x09,
    0x80, 0x3c, 0xcc, 0x07, 0x00, 0x84, 0x03, 0xf8,
    0x40, 0x21, 0x00, 0xfe, 0x10, 0x09, 0x80, 0x3f,
    0x94, 0x02, 0xd0, 0x0f, 0xed, 0x00, 0x98, 0x40,
    0x3f, 0x22, 0x80, 0x06, 0x00, 0x3c, 0x8e, 0x16,
    0x20, 0x06, 0xb3, 0x00, 0x9e, 0x98, 0x07, 0x10,
    0x00, 0x99, 0xfd, 0xf3, 0xa2, 0x00, 0x2b, 0xa4,
    0x10, 0x12, 0x8f, 0x30,

    /* U+0064 "d" */
    0x00, 0xff, 0x1b, 0xd6, 0xc8, 0x07, 0xf9, 0xbf,
    0x21, 0x48, 0xc0, 0x3f, 0xcd, 0xfe, 0x00, 0xff,
    0xe4, 0x18, 0x07, 0xff, 0xfa, 0x37, 0xfa, 0xcc,
    0x03, 0xf8, 0xf9, 0xc8, 0x00, 0xd8, 0xe0, 0x1f,
    0x0e, 0x08, 0x0d, 0xf6, 0xff, 0x00, 0x7d, 0x60,
    0x16, 0xa0, 0x05, 0x60, 0x1e, 0x35, 0x00, 0x21,
    0x80, 0x7f, 0xd6, 0x01, 0x68, 0x07, 0xff, 0x00,
    0xc0, 0x25, 0x00, 0xff, 0xe0, 0x30, 0x04, 0x20,
    0x1f, 0xfd, 0x17, 0x00, 0x98, 0x03, 0xff, 0x80,
    0x40, 0x11, 0x00, 0x7f, 0xf0, 0x30, 0x02, 0xd0,
    0x0f, 0xfe, 0x02, 0x18, 0x01, 0x08, 0x03, 0xff,
    0x81, 0x00, 0x16, 0x20, 0x00, 0x64, 0x03, 0xe4,
    0xa0, 0x00, 0xdf, 0xf7, 0xf8, 0x02, 0x31, 0x10,
    0x01, 0x75, 0x44, 0x05, 0xfd, 0x00, 0x25, 0xeb,

    /* U+0065 "e" */
    0x00, 0xc9, 0x5d, 0xfb, 0x4c, 0x01, 0xc3, 0x56,
    0x95, 0xfc, 0xf3, 0x62, 0x01, 0x62, 0x86, 0xa0,
    0x1f, 0x82, 0x68, 0x02, 0x08, 0x0c, 0xc0, 0x11,
    0x18, 0x1a, 0x93, 0x80, 0x28, 0x03, 0x98, 0x01,
    0xf4, 0x01, 0x10, 0x07, 0x18, 0x01, 0xcc, 0x02,
    0x60, 0x0c, 0x28, 0x00, 0x26, 0x00, 0xb3, 0xbb,
    0x88, 0x00, 0x40, 0x1b, 0x7f, 0xf7, 0x76, 0xc1,
    0x00, 0x98, 0x47, 0xf9, 0x00, 0x22, 0x00, 0xfe,
    0xb0, 0x0a, 0x80, 0x3f, 0x8d, 0x40, 0x05, 0x00,
    0x1e, 0x38, 0x0b, 0x10, 0x03, 0xd1, 0x00, 0x4d,
    0xb6, 0x03, 0xe8, 0x00, 0x5d, 0xfe, 0xf8, 0xa3,
    0x00, 0x0d, 0xd2, 0x88, 0x09, 0x47, 0xa0, 0x00,

    /* U+0066 "f" */
    0x00, 0xf9, 0x6b, 0x7f, 0x1c, 0x03, 0xc3, 0x75,
    0x8c, 0x07, 0x10, 0x00, 0xec, 0x46, 0x65, 0x08,
    0x07, 0xd0, 0x41, 0x40, 0x38, 0xf1, 0x00, 0x0c,
    0xe0, 0x03, 0x00, 0x14, 0x38, 0x06, 0x50, 0x00,
    0x80, 0x7f, 0xb0, 0x03, 0xff, 0x82, 0x40, 0x1f,
    0xe2, 0xde, 0x40, 0x00, 0xff, 0xd6, 0x01, 0x17,
    0xe0, 0x80, 0x07, 0x76, 0x90, 0x0c, 0x44, 0x30,
    0x08, 0x8b, 0x00, 0x7f, 0xff, 0xc0, 0x3f, 0xfa,
    0x26, 0x00, 0x10, 0x0f, 0xff, 0x60, 0x80, 0x7d,
    0xfe, 0x10, 0x0b, 0xbe, 0x40, 0x30,

    /* U+0067 "g" */
    0x00, 0xcb, 0x5b, 0xdb, 0x6e, 0x00, 0x28, 0xd1,
    0x00, 0xae, 0x96, 0x7b, 0xda, 0x3a, 0xf5, 0xc8,
    0x02, 0x94, 0x08, 0x40, 0x2e, 0x01, 0x4b, 0xb4,
    0x88, 0x13, 0x00, 0x14, 0x02, 0x32, 0x00, 0x12,
    0x30, 0x01, 0xc0, 0x22, 0x00, 0xcc, 0x00, 0xc0,
    0x0c, 0x40, 0x01, 0x00, 0xe1, 0x00, 0x08, 0x06,
    0x10, 0x00, 0x80, 0x70, 0x80, 0x08, 0x03, 0x20,
    0x04, 0x40, 0x19, 0x80, 0x1e, 0x01, 0x89, 0x00,
    0x0a, 0x01, 0x19, 0x01, 0xb0, 0x07, 0x51, 0x84,
    0x28, 0x1f, 0x01, 0xf0, 0x07, 0x86, 0xd5, 0x51,
    0xde, 0xf3, 0x84, 0x01, 0xe6, 0x8a, 0xa6, 0xf6,
    0x53, 0x00, 0x7c, 0x32, 0x20, 0x1f, 0xfc, 0x25,
    0x01, 0x94, 0x33, 0xe1, 0x00, 0xf3, 0x80, 0x1a,
    0xf3, 0x3b, 0xbe, 0x04, 0x02, 0x35, 0x00, 0xff,
    0x3f, 0x88, 0x05, 0x4a, 0x20, 0x1f, 0xc3, 0x00,
    0x15, 0xb7, 0x7f, 0xfa, 0xc8, 0x00, 0xa0, 0x0a,
    0x49, 0x00, 0xf9, 0x24, 0x00, 0x20, 0x2a, 0x0c,
    0x01, 0xf9, 0xc0, 0x08, 0x01, 0x98, 0x03, 0xf2,
    0x00, 0x2c, 0x04, 0x41, 0x20, 0x1f, 0x2c, 0x05,
    0x10, 0x03, 0x40, 0xf5, 0xd0, 0xd5, 0xf2, 0x8b,
    0x14, 0x02, 0x3e, 0x71, 0x9b, 0xcb, 0xb2, 0xde,
    0x98, 0x04,

    /* U+0068 "h" */
    0x00, 0x13, 0x4e, 0x68, 0x07, 0xff, 0x07, 0xf6,
    0x58, 0xcc, 0x01, 0xff, 0xc1, 0xff, 0x10, 0x07,
    0xff, 0x24, 0xc0, 0x3f, 0xff, 0xe0, 0x1f, 0xfc,
    0xa4, 0xbe, 0xfc, 0x40, 0x0f, 0xfe, 0x05, 0x5a,
    0x08, 0x1d, 0xb0, 0x07, 0xfa, 0xc3, 0x3f, 0x04,
    0x01, 0x00, 0x1f, 0xc5, 0xb4, 0x60, 0x6c, 0x00,
    0x14, 0x00, 0xfc, 0x2c, 0x01, 0xb0, 0x02, 0x20,
    0x0f, 0xfe, 0x13, 0x80, 0x5c, 0x01, 0xff, 0xff,
    0x00, 0xf1, 0x80, 0x7f, 0xf3, 0xdc, 0x02, 0x10,
    0x0f, 0xfe, 0x78, 0x80, 0x7f, 0xf5, 0x37, 0xc4,
    0x02, 0xfa, 0x03, 0xfb, 0x00, 0x9b, 0xd8,

    /* U+0069 "i" */
    0x00, 0x9b, 0xb5, 0x00, 0x30, 0xc8, 0x95, 0x00,
    0x63, 0x00, 0x84, 0x03, 0x12, 0x80, 0x20, 0x03,
    0xab, 0x79, 0xc0, 0x3c, 0x42, 0x01, 0xff, 0xc4,
    0x27, 0xa0, 0x09, 0xab, 0xb6, 0x14, 0x02, 0xe3,
    0x10, 0x0f, 0x44, 0x88, 0x07, 0xe3, 0x00, 0x08,
    0x07, 0xff, 0xfc, 0x00, 0x60, 0x01, 0x00, 0xff,
    0xe0, 0x6f, 0x88, 0x05, 0xf8,

    /* U+006A "j" */
    0x00, 0xf4, 0x76, 0x98, 0x07, 0x1b, 0x89, 0x78,
    0x07, 0x38, 0x04, 0x20, 0x1c, 0x86, 0x00, 0x80,
    0x0f, 0x66, 0xf2, 0x80, 0x7c, 0x42, 0x01, 0xff,
    0xc6, 0x37, 0x80, 0x0c, 0xd5, 0xd9, 0x0a, 0x01,
    0x17, 0x80, 0x80, 0x78, 0xa6, 0x80, 0x3f, 0xf8,
    0x22, 0x01, 0xff, 0xff, 0x00, 0xff, 0xeb, 0x38,
    0x07, 0xff, 0x1c, 0x80, 0x3f, 0xb8, 0x03, 0xf9,
    0x01, 0x60, 0x80, 0x80, 0x04, 0x6b, 0x4f, 0x84,
    0xe0, 0x0e, 0x02, 0x00, 0x0f, 0x40, 0x51, 0x83,
    0xb0, 0x80, 0x13, 0x54, 0x00,

    /* U+006B "k" */
    0x00, 0x12, 0xce, 0x70, 0x07, 0xff, 0x07, 0xf6,
    0x98, 0xc4, 0x03, 0xff, 0x83, 0xfe, 0x20, 0x0f,
    0xfe, 0xe0, 0x80, 0x7f, 0xff, 0xc0, 0x35, 0xff,
    0xf9, 0x40, 0x3f, 0xeb, 0xf8, 0x0a, 0xef, 0x50,
    0x0f, 0xfe, 0x02, 0x45, 0xa8, 0x80, 0x7f, 0xf0,
    0x4e, 0xad, 0x00, 0x3f, 0xf8, 0x47, 0x96, 0x80,
    0x1f, 0xfc, 0x22, 0xd0, 0x20, 0x0f, 0xfe, 0x11,
    0x60, 0x84, 0x80, 0x7f, 0xf0, 0x47, 0xd0, 0x00,
    0x2e, 0x01, 0xff, 0xc1, 0x9a, 0x10, 0x04, 0x80,
    0x7f, 0xf0, 0x05, 0x02, 0x40, 0x02, 0xe0, 0x1f,
    0x8c, 0x03, 0x9c, 0x40, 0x12, 0x01, 0xff, 0xc3,
    0x90, 0x00, 0xb8, 0x07, 0xf8, 0x40, 0x26, 0x00,
    0xa4, 0x03, 0xff, 0x84, 0x2e, 0x00, 0x17, 0x00,
    0xff, 0xe1, 0x48, 0x05, 0x22, 0x01, 0x77, 0x88,
    0x05, 0xfa, 0x00, 0x17, 0x00, 0x0f, 0x79, 0x00,

    /* U+006C "l" */
    0x00, 0x12, 0xce, 0x70, 0x06, 0xfd, 0xa6, 0x31,
    0x00, 0xdf, 0xe2, 0x00, 0xff, 0xe5, 0x08, 0x07,
    0xff, 0xfc, 0x03, 0xff, 0xe2, 0x60, 0x01, 0x00,
    0xff, 0xf0, 0x77, 0x88, 0x05, 0xfc, 0x20,

    /* U+006D "m" */
    0x00, 0x89, 0xae, 0x40, 0x0b, 0x9d, 0xcb, 0x30,
    0x09, 0x2f, 0xb9, 0x8a, 0x01, 0x86, 0x37, 0x52,
    0x84, 0x17, 0x46, 0x22, 0x4c, 0x20, 0x9b, 0x41,
    0x11, 0xd3, 0x80, 0x6e, 0x50, 0x09, 0xb0, 0x77,
    0xe4, 0x02, 0x89, 0x5a, 0xec, 0x10, 0x04, 0x80,
    0x42, 0xd0, 0x01, 0x15, 0xd1, 0x03, 0x18, 0x01,
    0x47, 0x14, 0x4e, 0x40, 0x02, 0x80, 0x1f, 0x89,
    0xc0, 0x32, 0x80, 0x52, 0x01, 0x8c, 0x02, 0x20,
    0x0e, 0x10, 0x0f, 0xdc, 0x01, 0x18, 0x06, 0x70,
    0x0b, 0x80, 0x3f, 0xf9, 0x62, 0x01, 0xff, 0xff,
    0x00, 0x84, 0x03, 0x08, 0x07, 0xff, 0x64, 0x40,
    0x06, 0x01, 0xde, 0x01, 0xff, 0xdc, 0x10, 0x0f,
    0xfe, 0xf0, 0x80, 0x4e, 0x01, 0x9c, 0x03, 0xee,
    0xf0, 0x08, 0x7e, 0x81, 0xfd, 0x80, 0x2b, 0xe0,
    0x1f, 0xb0, 0x09, 0xbd, 0x40,

    /* U+006E "n" */
    0x00, 0x89, 0xae, 0x00, 0x09, 0x7d, 0xcb, 0x40,
    0x0c, 0x31, 0xba, 0x94, 0x30, 0xab, 0x41, 0x12,
    0x5a, 0x80, 0x6e, 0x50, 0x09, 0xec, 0x2f, 0xf0,
    0x40, 0x10, 0x01, 0x0b, 0x40, 0x04, 0x7d, 0x48,
    0x06, 0xc0, 0x02, 0x20, 0x07, 0xe2, 0x50, 0x0d,
    0xc0, 0x13, 0x00, 0x7f, 0xf0, 0x8c, 0x02, 0x20,
    0x0e, 0x10, 0x0f, 0xc2, 0x01, 0xff, 0xec, 0x10,
    0x08, 0x40, 0x3f, 0xf9, 0x82, 0x00, 0x30, 0x0f,
    0xff, 0x91, 0x80, 0x5e, 0x01, 0x77, 0x80, 0x43,
    0xf4, 0x09, 0xf2, 0x01, 0x3f, 0xa8,

    /* U+006F "o" */
    0x00, 0xc9, 0x5d, 0xfd, 0x8e, 0x01, 0xf0, 0xd5,
    0xad, 0xf6, 0xbc, 0x6a, 0x00, 0x76, 0x28, 0x5a,
    0x89, 0xd9, 0x12, 0xd4, 0x02, 0x82, 0x03, 0x40,
    0x0d, 0x60, 0x0b, 0x10, 0x37, 0x00, 0x58, 0x07,
    0x38, 0x00, 0x6c, 0x2c, 0x02, 0x20, 0x0e, 0x11,
    0x00, 0x14, 0x0c, 0x02, 0x60, 0x0f, 0x18, 0x04,
    0x6c, 0x01, 0x08, 0x07, 0x98, 0x02, 0x70, 0x0f,
    0xfe, 0x23, 0x00, 0x42, 0x01, 0xe6, 0x00, 0x9c,
    0xc0, 0x26, 0x00, 0xf1, 0x80, 0x47, 0x60, 0x11,
    0x00, 0x70, 0x88, 0x00, 0xa0, 0x6c, 0x00, 0xb0,
    0x0e, 0x70, 0x00, 0xd8, 0x02, 0x04, 0x0d, 0x00,
    0x35, 0x80, 0x20, 0x40, 0x03, 0xe8, 0x16, 0xa0,
    0x76, 0x41, 0x2c, 0x01, 0x86, 0xe9, 0x2f, 0xf5,
    0xdd, 0xcc, 0x01, 0x00,

    /* U+0070 "p" */
    0x00, 0x85, 0xae, 0x40, 0xa7, 0x7f, 0xa8, 0x80,
    0x34, 0x6f, 0x4a, 0x2b, 0x6a, 0x18, 0x0a, 0xea,
    0x00, 0x5d, 0x40, 0x11, 0xff, 0xb7, 0xb0, 0x40,
    0x16, 0x40, 0x06, 0x71, 0x00, 0x0c, 0x80, 0x47,
    0x40, 0x14, 0x00, 0x7f, 0xf0, 0x50, 0x80, 0x0a,
    0x40, 0x1f, 0xfc, 0x14, 0x00, 0x9c, 0x02, 0x30,
    0x0f, 0xee, 0x00, 0xb4, 0x03, 0xff, 0x82, 0x20,
    0x11, 0x00, 0x7f, 0xf4, 0xc4, 0x02, 0x30, 0x0f,
    0xfe, 0x0f, 0x00, 0x58, 0x01, 0xff, 0xc1, 0x70,
    0x09, 0x00, 0x3f, 0xf8, 0x0a, 0x20, 0x07, 0x10,
    0x0f, 0x0b, 0x80, 0x4b, 0x40, 0x01, 0x80, 0x0f,
    0x8b, 0xbf, 0x7e, 0x80, 0x03, 0x80, 0x1f, 0xd3,
    0x6c, 0x00, 0x38, 0xe2, 0x00, 0xff, 0x25, 0xff,
    0xb1, 0xc0, 0x3f, 0xf9, 0xa6, 0x00, 0x30, 0x0f,
    0xff, 0xb8, 0x80, 0x62, 0x00, 0xff, 0xbf, 0x84,
    0x00, 0x3b, 0xe6, 0x01, 0xf8,

    /* U+0071 "q" */
    0x00, 0xcf, 0x9f, 0xeb, 0x50, 0x09, 0x64, 0x03,
    0x1f, 0x41, 0x80, 0xb5, 0x48, 0xd5, 0x0c, 0x02,
    0x1c, 0x10, 0x1c, 0xed, 0xe0, 0xe5, 0x00, 0xeb,
    0x00, 0xb0, 0xc0, 0x03, 0x60, 0x11, 0x80, 0x0d,
    0x40, 0x08, 0x40, 0x1f, 0xf5, 0x80, 0x5a, 0x01,
    0xff, 0xc0, 0x30, 0x09, 0x40, 0x3f, 0xf8, 0x0c,
    0x01, 0x08, 0x07, 0xff, 0x45, 0xc0, 0x26, 0x00,
    0xff, 0xe0, 0x10, 0x04, 0x40, 0x1f, 0xfc, 0x0d,
    0x00, 0xb0, 0x03, 0xff, 0x80, 0xa4, 0x00, 0x52,
    0x00, 0xff, 0xe0, 0x40, 0x05, 0x88, 0x00, 0x18,
    0x00, 0xf9, 0x64, 0x00, 0x37, 0xfd, 0xcf, 0x00,
    0xfc, 0xd8, 0xa2, 0x04, 0xfc, 0x80, 0x1f, 0xc7,
    0x5d, 0xfb, 0x22, 0x01, 0xff, 0xeb, 0x30, 0x0f,
    0xff, 0x12, 0x80, 0x42, 0x01, 0xfe, 0x7f, 0xb0,
    0x09, 0x3e, 0x40,

    /* U+0072 "r" */
    0x00, 0x89, 0xae, 0x00, 0x0b, 0x9d, 0x64, 0x31,
    0xba, 0x94, 0x30, 0x8a, 0x31, 0x4e, 0x0e, 0x50,
    0x09, 0xd1, 0xd8, 0x02, 0x71, 0x68, 0x00, 0xd1,
    0x09, 0xa1, 0x0f, 0x00, 0xf1, 0xbb, 0x81, 0x7b,
    0xd0, 0x03, 0xef, 0x00, 0xfe, 0x10, 0x00, 0xa0,
    0x07, 0xff, 0x00, 0xc0, 0x3f, 0xfd, 0x02, 0x00,
    0x30, 0x0f, 0xfe, 0xf0, 0x80, 0x7d, 0xde, 0x01,
    0x0f, 0x7b, 0x80, 0x60,

    /* U+0073 "s" */
    0x00, 0x9e, 0xf7, 0xf6, 0xd8, 0x02, 0x3e, 0x82,
    0xfe, 0x91, 0x9e, 0x11, 0x68, 0xa4, 0x90, 0xa5,
    0x80, 0x89, 0x04, 0x0c, 0x03, 0x09, 0x80, 0x34,
    0x00, 0xa0, 0x1d, 0x2c, 0x1e, 0x00, 0x2c, 0x40,
    0x09, 0x64, 0x10, 0x02, 0x3b, 0xe9, 0x30, 0x08,
    0xdc, 0x03, 0x0b, 0x66, 0x08, 0x01, 0x12, 0x40,
    0x1c, 0x78, 0x40, 0x06, 0xdb, 0x50, 0x0c, 0x30,
    0x01, 0x92, 0xbe, 0x00, 0x27, 0x9f, 0x10, 0x0c,
    0xee, 0x00, 0x19, 0x81, 0x00, 0x3b, 0x40, 0x08,
    0x21, 0xa0, 0x1d, 0x80, 0x09, 0x20, 0x56, 0x31,
    0x38, 0x60, 0x93, 0x9d, 0x4a, 0xde, 0xe1, 0xbf,
    0x30, 0x00,

    /* U+0074 "t" */
    0x00, 0xcc, 0xea, 0x01, 0xfa, 0x63, 0xc0, 0x3e,
    0x40, 0x0f, 0xf6, 0x80, 0x0c, 0x03, 0xe4, 0x00,
    0xf9, 0xf7, 0xc8, 0x00, 0xdf, 0xf1, 0xb7, 0xd0,
    0x04, 0xbb, 0xb1, 0x89, 0x38, 0x04, 0x64, 0x50,
    0x07, 0xff, 0xfc, 0x03, 0x84, 0x03, 0xff, 0x92,
    0x40, 0x11, 0x80, 0x78, 0x44, 0x00, 0x41, 0x00,
    0x28, 0x05, 0x20, 0x01, 0xfc, 0xe1, 0x00, 0x9e,
    0x4c, 0x02, 0xa4,

    /* U+0075 "u" */
    0x00, 0xe2, 0x20, 0x07, 0xe3, 0x00, 0x86, 0xb3,
    0xbf, 0x64, 0x02, 0x49, 0xbe, 0xfc, 0x40, 0x00,
    0xfa, 0x88, 0x00, 0x40, 0x26, 0xf7, 0x10, 0x0f,
    0x2d, 0x80, 0x7c, 0x4c, 0x80, 0x13, 0x80, 0x7e,
    0x30, 0x0f, 0xff, 0x18, 0x80, 0x61, 0x00, 0xfe,
    0x10, 0x0f, 0xff, 0xf8, 0x07, 0xf0, 0x80, 0x46,
    0x01, 0xff, 0xc2, 0x20, 0x09, 0x00, 0x32, 0x38,
    0x07, 0xf2, 0x80, 0x06, 0xd1, 0x66, 0x48, 0x01,
    0xfd, 0x00, 0x12, 0x5d, 0x27, 0x90, 0x04, 0xa6,
    0x01, 0x8b, 0x50, 0x40, 0xe3, 0x4b, 0xc0, 0x28,
    0xc1,

    /* U+0076 "v" */
    0x3f, 0xff, 0xac, 0x00, 0xdf, 0xfc, 0x07, 0xf0,
    0x01, 0x2f, 0xd8, 0x01, 0xbe, 0x47, 0xbc, 0x02,
    0x60, 0x09, 0x00, 0x3d, 0xec, 0x20, 0x18, 0x50,
    0x00, 0x28, 0x01, 0xcf, 0x60, 0x1e, 0xe0, 0x0b,
    0x80, 0x31, 0x9c, 0x01, 0xe5, 0x10, 0x02, 0x80,
    0x6a, 0xa0, 0x07, 0xe6, 0x00, 0x94, 0x02, 0x75,
    0x00, 0xfd, 0x40, 0x17, 0x00, 0x0c, 0x88, 0x01,
    0xf8, 0x8c, 0x00, 0x82, 0x17, 0x40, 0x1f, 0xea,
    0x00, 0x9c, 0x15, 0xc0, 0x3f, 0xcc, 0x01, 0x51,
    0x30, 0x80, 0x7f, 0xca, 0x00, 0x38, 0xe0, 0x0f,
    0xfe, 0x07, 0x00, 0x4a, 0xa0, 0x0f, 0xfe, 0x02,
    0x10, 0x01, 0x40, 0x3f, 0xf8, 0x54, 0x00, 0xe0,
    0x0f, 0xfe, 0x13, 0x00, 0xa0, 0x07, 0xc0,

    /* U+0077 "w" */
    0x3f, 0xff, 0x9c, 0x0b, 0xff, 0xd6, 0x0b, 0xff,
    0xca, 0x7e, 0xe0, 0x15, 0x7b, 0x81, 0x7d, 0x00,
    0x17, 0xec, 0x17, 0xf4, 0x2f, 0xd4, 0x01, 0x60,
    0x16, 0x00, 0x76, 0x00, 0x10, 0x03, 0x98, 0x90,
    0x03, 0x19, 0x00, 0x1c, 0x03, 0x9c, 0x00, 0x26,
    0x01, 0xb5, 0x40, 0x3c, 0xa0, 0x01, 0x30, 0x08,
    0xce, 0x00, 0x58, 0x06, 0x4b, 0x00, 0xf5, 0x80,
    0x48, 0x01, 0x5d, 0x58, 0x01, 0x80, 0x22, 0x33,
    0x00, 0x78, 0xc8, 0x01, 0x60, 0x12, 0xac, 0x00,
    0x13, 0x00, 0x23, 0x80, 0x7e, 0x50, 0x01, 0x88,
    0x10, 0x91, 0x40, 0x0b, 0x00, 0x6e, 0x80, 0x3f,
    0x58, 0x04, 0x80, 0xb6, 0x00, 0x50, 0x02, 0x80,
    0x15, 0x00, 0x3f, 0x19, 0x00, 0x3c, 0x2d, 0x40,
    0x16, 0x00, 0x22, 0x23, 0x80, 0x7f, 0x94, 0x00,
    0xa2, 0x04, 0x00, 0x32, 0x00, 0x2e, 0xe8, 0x03,
    0xfd, 0x60, 0x15, 0xd8, 0x03, 0x28, 0x02, 0x95,
    0x00, 0x3f, 0xc6, 0x40, 0x05, 0x60, 0x0d, 0x60,
    0x02, 0x60, 0x0f, 0xfe, 0x02, 0x80, 0x0c, 0x40,
    0x31, 0x88, 0x03, 0xc0, 0x3f, 0xf8, 0x16, 0x00,
    0xa0, 0x0f, 0x38, 0x01, 0x40, 0x3f, 0xf8, 0x06,
    0x40, 0xe0, 0x1e, 0xd0, 0x40, 0x0f, 0x80,

    /* U+0078 "x" */
    0x7f, 0xff, 0x94, 0x17, 0xff, 0x81, 0xfd, 0x40,
    0x25, 0xf5, 0x05, 0xf7, 0x1d, 0xf0, 0x0a, 0xc0,
    0x25, 0x40, 0x08, 0x5e, 0x88, 0x03, 0x0c, 0x00,
    0x52, 0x01, 0x5b, 0x20, 0x07, 0x9c, 0x80, 0x04,
    0xe0, 0x8f, 0x20, 0x1f, 0xb8, 0x02, 0x82, 0x9e,
    0x00, 0xfe, 0x35, 0x00, 0xb5, 0x4c, 0x03, 0xfd,
    0x60, 0x1b, 0x40, 0x3f, 0xe1, 0x70, 0x0a, 0xc0,
    0x3f, 0xe1, 0x52, 0x00, 0x0c, 0x00, 0x7f, 0xae,
    0xb8, 0x02, 0x72, 0x00, 0xfc, 0xae, 0xe3, 0x50,
    0x0b, 0x80, 0x3e, 0x1b, 0x90, 0x05, 0x80, 0x46,
    0xc0, 0x1e, 0xb4, 0x40, 0x00, 0x60, 0x02, 0x81,
    0x00, 0xcc, 0xb0, 0x01, 0x9c, 0x80, 0x03, 0x00,
    0x09, 0xf9, 0x0d, 0xd0, 0x02, 0x38, 0x80, 0x26,
    0xf6,

    /* U+0079 "y" */
    0x2e, 0xff, 0xf5, 0x80, 0x1b, 0xff, 0x8c, 0xba,
    0x00, 0x25, 0xfb, 0x00, 0x37, 0xf0, 0xdf, 0x98,
    0x01, 0x80, 0x24, 0x00, 0xf1, 0x99, 0x00, 0x30,
    0xa8, 0x00, 0x50, 0x03, 0x95, 0x40, 0x1e, 0xe0,
    0x0b, 0x40, 0x3a, 0xe8, 0x03, 0xc8, 0x20, 0x07,
    0x00, 0xc2, 0x22, 0x00, 0xf9, 0x80, 0x02, 0x80,
    0x13, 0xd0, 0x07, 0xea, 0x00, 0xb4, 0x02, 0xd5,
    0x00, 0xfc, 0x48, 0x00, 0x70, 0x00, 0xb9, 0x00,
    0x7f, 0x70, 0x00, 0x50, 0x1e, 0x80, 0x3f, 0xca,
    0x20, 0x0e, 0x0d, 0x70, 0x0f, 0xf9, 0xc0, 0x0a,
    0x20, 0x20, 0x1f, 0xf5, 0x00, 0x55, 0xa0, 0x1f,
    0xfc, 0x03, 0x30, 0x01, 0x18, 0x03, 0xff, 0x83,
    0x40, 0x05, 0x00, 0xff, 0xe1, 0x38, 0x03, 0xc0,
    0x3f, 0xf8, 0x42, 0xa0, 0xa0, 0x1f, 0xfc, 0x3f,
    0x60, 0x0f, 0xfe, 0x27, 0xd0, 0x07, 0xff, 0x0c,
    0x98, 0xc0, 0x3f, 0x8a, 0x20, 0x40, 0x09, 0x80,
    0x0f, 0xf6, 0x3b, 0xb0, 0xe0, 0x10, 0x03, 0xff,
    0x82, 0x38, 0x94, 0x01, 0xff, 0x69, 0x81, 0x3e,
    0x08, 0x07, 0xf8,

    /* U+007A "z" */
    0x0c, 0xff, 0xff, 0x98, 0x02, 0x9f, 0xfe, 0x30,
    0x09, 0xc0, 0x41, 0x00, 0x33, 0x18, 0x02, 0x04,
    0x0c, 0x88, 0x01, 0x0c, 0x80, 0x09, 0xc0, 0x06,
    0xa0, 0x1a, 0xc0, 0x29, 0x00, 0xb6, 0x00, 0x24,
    0x50, 0x02, 0xa0, 0x07, 0xe9, 0x00, 0xac, 0x03,
    0xf3, 0x90, 0x02, 0x04, 0x03, 0xe1, 0x80, 0x01,
    0x38, 0x07, 0xea, 0x00, 0xa4, 0x03, 0xf2, 0x20,
    0x00, 0x88, 0x00, 0x8c, 0xc0, 0x14, 0x80, 0x52,
    0x01, 0xb6, 0x00, 0x10, 0x40, 0x07, 0x20, 0x08,
    0x84, 0x40, 0x4e, 0x00, 0x18, 0x00, 0xca, 0x01,
    0x48, 0x05, 0x60, 0x1d, 0x80, 0x62, 0x80, 0x15,
    0x7f, 0xf2, 0x00, 0x80,

    /* U+007C "|" */
    0x17, 0x53, 0x8f, 0x00, 0xff, 0xff, 0x80, 0x7f,
    0xf1, 0x80,

    /* U+00B7 "·" */
    0x05, 0xa8, 0x04, 0xa5, 0x7a, 0xc0, 0x09, 0x38,
    0x02, 0x26, 0x60, 0x1f, 0x00,

    /* U+2013 "–" */
    0xbe, 0xef, 0xfe, 0x0a, 0xb8, 0x8f, 0xff, 0x04,
    0x00,

    /* U+2014 "—" */
    0xbe, 0xef, 0xfe, 0x55, 0xb8, 0x8f, 0xff, 0x28,
    0x00,

    /* U+2026 "…" */
    0x05, 0x20, 0x0f, 0x91, 0x00, 0x1f, 0x12, 0x85,
    0x53, 0x40, 0x3c, 0xb7, 0x65, 0x00, 0xf6, 0xd5,
    0x1c, 0x00, 0x60, 0x1d, 0xa0, 0x0d, 0x00, 0xe3,
    0x00, 0x3c, 0x02, 0x18, 0x07, 0x51, 0x12, 0x80,
    0x38, 0xd0, 0x20,

    /* U+3001 "、" */
    0x02, 0x00, 0xfd, 0x1d, 0x48, 0x01, 0xd4, 0x8b,
    0x7a, 0x60, 0x1a, 0x8c, 0x0b, 0x14, 0x03, 0x78,
    0x05, 0x44, 0x01, 0x1a, 0x80, 0x4a, 0x01, 0xa0,
    0x03, 0xf1, 0x48, 0xa3, 0x00,

    /* U+300A "《" */
    0x00, 0xfd, 0x40, 0x15, 0x00, 0x7e, 0x60, 0x09,
    0xc0, 0x3f, 0x0c, 0x40, 0x06, 0x6c, 0x03, 0xe8,
    0x62, 0x08, 0x91, 0x00, 0xf1, 0x3c, 0x01, 0xbb,
    0x80, 0x3e, 0x9b, 0x00, 0x7d, 0x80, 0x7c, 0x8e,
    0xa0, 0xa0, 0xa0, 0x1f, 0x4f, 0x80, 0x23, 0xc0,
    0x3e, 0x77, 0x18, 0x3b, 0x8c, 0x03, 0xc3, 0x36,
    0x03, 0x36, 0x01, 0xf4, 0x30, 0x85, 0xc8, 0x80,
    0x78, 0xde, 0x00, 0xd1, 0xc0, 0x3e, 0xfb, 0x00,
    0x7d, 0x80, 0x7c, 0x26, 0xa0, 0x26, 0xa0, 0x1f,
    0x0b, 0x40, 0x0b, 0x40, 0x07, 0xe8, 0x62, 0x08,
    0x61, 0x00, 0xf8, 0x66, 0x00, 0x66, 0xc0, 0x3f,
    0x3b, 0x8c, 0x1d, 0xc6, 0x01, 0xfa, 0x7c, 0x01,
    0x1e, 0x01, 0xf9, 0x1d, 0x81, 0x5d, 0x40, 0x3f,
    0x4c, 0x00, 0x26, 0xc0, 0x3f, 0x13, 0xc0, 0x13,
    0xc0, 0x07, 0xe8, 0x62, 0x08, 0x61, 0x00, 0xf8,
    0x62, 0x00, 0x33, 0x60, 0x1f, 0x99, 0xd0, 0x1d,
    0xc6, 0x01, 0xfa, 0x64, 0x00, 0x9f, 0x00, 0xfc,
    0x96, 0x00, 0x4a, 0x00,

    /* U+300B "》" */
    0x0a, 0x00, 0xa8, 0x03, 0xfc, 0xe0, 0x13, 0x00,
    0x7e, 0xb9, 0x10, 0x88, 0x08, 0x07, 0xc3, 0x30,
    0x04, 0xd0, 0x01, 0xf9, 0xdc, 0x61, 0x0e, 0x40,
    0x1f, 0xaf, 0xc0, 0x11, 0x20, 0x1f, 0x94, 0x14,
    0x19, 0xd0, 0x03, 0xf7, 0xc0, 0x03, 0xe4, 0x03,
    0xf1, 0xbb, 0x80, 0xdd, 0xc0, 0x1f, 0xae, 0x44,
    0x2e, 0x44, 0x03, 0xe1, 0x98, 0x01, 0x68, 0x00,
    0xfc, 0xee, 0x30, 0x87, 0x30, 0x0f, 0xd7, 0xe0,
    0x0b, 0xf0, 0x0f, 0xca, 0x62, 0x0a, 0x62, 0x01,
    0xf4, 0x30, 0x84, 0x30, 0x80, 0x78, 0x5a, 0x00,
    0x9a, 0x00, 0x3e, 0xb9, 0x10, 0x89, 0x10, 0x0f,
    0x1b, 0xb8, 0x0d, 0xdc, 0x01, 0xf7, 0xc0, 0x03,
    0xe4, 0x03, 0xe5, 0x75, 0x06, 0x74, 0x00, 0xfa,
    0xe4, 0x01, 0x12, 0x01, 0xf4, 0x39, 0x04, 0x39,
    0x00, 0x78, 0x5a, 0x00, 0x9a, 0x00, 0x3e, 0xb9,
    0x10, 0x88, 0x08, 0x07, 0x8d, 0xdc, 0x08, 0xec,
    0x01, 0xf7, 0xc8, 0x02, 0x64, 0x01, 0xfa, 0x90,
    0x01, 0x68, 0x01, 0xf0,

    /* U+3010 "【" */
    0x5f, 0xff, 0xdc, 0x40, 0x1f, 0x97, 0xc8, 0x03,
    0xea, 0xa0, 0x80, 0x7d, 0x0a, 0x01, 0xf9, 0x5c,
    0x03, 0xf0, 0xd0, 0x07, 0xf4, 0x80, 0x7f, 0x98,
    0x03, 0xf9, 0x44, 0x03, 0xfb, 0xc0, 0x3f, 0xce,
    0x01, 0xfe, 0x20, 0x0f, 0xfe, 0x40, 0x80, 0x7f,
    0x84, 0x03, 0xff, 0x94, 0x40, 0x1f, 0xe7, 0x00,
    0xff, 0x78, 0x07, 0xf9, 0x44, 0x03, 0xfc, 0xc0,
    0x1f, 0xe9, 0x00, 0xff, 0x0d, 0x00, 0x7f, 0x95,
    0xc0, 0x3f, 0xd0, 0xa0, 0x1f, 0xea, 0xa0, 0x80,
    0x7f, 0x2f, 0x90,

    /* U+3011 "】" */
    0x2e, 0xff, 0xfc, 0xa5, 0xea, 0x01, 0xfc, 0x35,
    0x40, 0x0f, 0xf2, 0xc0, 0x07, 0xf9, 0xd4, 0x03,
    0xfd, 0x42, 0x01, 0xfe, 0x90, 0x0f, 0xf3, 0x00,
    0x7f, 0x85, 0x40, 0x3f, 0xde, 0x01, 0xfe, 0x60,
    0x0f, 0xf1, 0x80, 0x7f, 0xf2, 0x84, 0x03, 0xfc,
    0x20, 0x1f, 0xfc, 0x82, 0x00, 0xff, 0x38, 0x07,
    0xfb, 0xc0, 0x3f, 0x85, 0x40, 0x3f, 0x98, 0x03,
    0xfd, 0x20, 0x1f, 0xd4, 0x20, 0x1f, 0x9d, 0x40,
    0x3f, 0x2c, 0x00, 0x7c, 0x35, 0x40, 0x0f, 0x8b,
    0xd4, 0x03, 0xf0,

    /* U+56CA "囊" */
    0x00, 0xff, 0xe0, 0x3e, 0x5c, 0xa0, 0x07, 0x85,
    0xc0, 0x3f, 0xf8, 0x7e, 0x68, 0x68, 0x01, 0xea,
    0x8c, 0x10, 0x04, 0x66, 0x7f, 0x98, 0x00, 0x99,
    0x9e, 0xd4, 0x03, 0xc0, 0x04, 0x66, 0x4c, 0xbf,
    0x99, 0x98, 0x00, 0xf9, 0x99, 0xdd, 0x9f, 0xf6,
    0x80, 0x78, 0x5b, 0x37, 0x32, 0x60, 0x03, 0xe6,
    0x5a, 0x88, 0xc2, 0x00, 0xff, 0xe0, 0x5e, 0x64,
    0xc0, 0x07, 0xcc, 0xb8, 0x02, 0x20, 0x0f, 0xfe,
    0x06, 0xcc, 0xca, 0x00, 0x49, 0x9c, 0x00, 0x10,
    0x10, 0x0f, 0x2a, 0x01, 0x2c, 0x5d, 0xce, 0x00,
    0x7b, 0xbb, 0xc9, 0x7c, 0x73, 0x00, 0x18, 0xa2,
    0x9c, 0x5b, 0xfb, 0xa4, 0x00, 0x27, 0x75, 0x22,
    0xdf, 0xe2, 0x3c, 0x10, 0x6d, 0x27, 0x09, 0xcc,
    0xc2, 0xdf, 0x89, 0xf9, 0x97, 0x15, 0x58, 0x04,
    0x81, 0x20, 0x0c, 0x3a, 0xdc, 0xc6, 0x93, 0xc8,
    0x2e, 0x67, 0x0c, 0xc0, 0x3e, 0x28, 0x28, 0xb2,
    0x80, 0x23, 0x31, 0xe0, 0x0b, 0x00, 0xb7, 0x31,
    0x60, 0x09, 0xd8, 0x00, 0xab, 0xa4, 0x02, 0x8b,
    0xb7, 0x00, 0x0c, 0x02, 0xdb, 0xb4, 0x00, 0x10,
    0x80, 0x3f, 0x8b, 0xa0, 0x94, 0x68, 0x40, 0x81,
    0x73, 0xb9, 0x18, 0xa0, 0x1f, 0xdd, 0xa6, 0xcd,
    0x02, 0x81, 0xe9, 0xb4, 0x79, 0xbd, 0x53, 0x04,
    0x03, 0x26, 0x63, 0x73, 0x10, 0x00, 0x1c, 0xcc,
    0x60, 0x04, 0xcc, 0x31, 0x84, 0x00, 0x64, 0xcc,
    0xe8, 0x00, 0x16, 0x66, 0x30, 0x03, 0x63, 0x03,
    0xec, 0x80, 0x72, 0xe6, 0x68, 0x00, 0x16, 0x66,
    0x30, 0x03, 0x63, 0x1b, 0xe8, 0x07, 0x97, 0x33,
    0x40, 0x00, 0xb3, 0x31, 0x80, 0x1b, 0x32, 0xa3,
    0xd2, 0x00, 0x4e, 0x67, 0xa4, 0x80, 0xbf, 0xee,
    0x03, 0x32, 0x66, 0xf5, 0x18, 0xc8, 0x02, 0x73,
    0x3b, 0x6c, 0xc0, 0x03, 0x1a, 0x51, 0x99, 0x79,
    0x8c, 0xe6, 0x2c, 0x03, 0x89, 0xaf, 0xa0, 0x42,
    0x79, 0xcb, 0xee, 0xc7, 0x38, 0x21, 0x6c, 0x01,
    0x9e, 0x6e, 0x3b, 0x60, 0x02, 0x40, 0x35, 0x6a,
    0x4c, 0x62, 0x7d, 0xe6, 0x00, 0xcf, 0x37, 0x50,
    0x96, 0x01, 0x67, 0xe9, 0x2a, 0xb4, 0x80, 0x9f,
    0x75, 0x72, 0xe4, 0x01, 0xea, 0x30, 0x0d, 0x1c,
    0xe0, 0x02, 0xd8, 0x10, 0x01, 0x23, 0x71, 0x00,
    0x7a, 0x0c, 0x06, 0x39, 0xc0, 0x3c, 0xfd, 0x48,
    0x00, 0x29, 0x00, 0xfd, 0xcd, 0xce, 0x01, 0xfe,
    0x5b, 0xfb, 0x90, 0x00,

    /* U+5B58 "存" */
    0x00, 0xfe, 0xa7, 0x20, 0x0f, 0xfe, 0x51, 0x2c,
    0x6e, 0x90, 0x03, 0xff, 0x90, 0x80, 0x15, 0xa0,
    0x07, 0xe3, 0x00, 0xff, 0xb4, 0x02, 0x60, 0x0f,
    0xd3, 0x8e, 0x01, 0xfe, 0x40, 0x03, 0x00, 0x7e,
    0x66, 0x04, 0x50, 0x16, 0x67, 0xb8, 0x02, 0x5c,
    0xcf, 0xd4, 0x67, 0x33, 0x0b, 0x33, 0xc4, 0x00,
    0x6c, 0xcf, 0xfe, 0x13, 0x00, 0x78, 0xcc, 0x00,
    0x80, 0x0f, 0xe1, 0x40, 0x0f, 0xf4, 0x80, 0x20,
    0x40, 0x3f, 0x0e, 0x5b, 0x00, 0x7e, 0x25, 0x03,
    0x77, 0x66, 0x7e, 0xf2, 0x09, 0x60, 0x0f, 0xa0,
    0x01, 0xc0, 0xf9, 0x9f, 0x70, 0x80, 0x08, 0x40,
    0x3c, 0x6a, 0x00, 0xa0, 0x0f, 0xee, 0x00, 0x36,
    0xb8, 0x07, 0xb8, 0x02, 0xb0, 0x0f, 0xcc, 0x69,
    0xb2, 0x01, 0xf4, 0x90, 0x04, 0x20, 0x1e, 0xed,
    0x92, 0xa2, 0x00, 0xf9, 0x19, 0x40, 0x3f, 0xc2,
    0x41, 0x62, 0x0b, 0x84, 0x01, 0x1d, 0xc5, 0x80,
    0x7f, 0xf0, 0x4c, 0x0e, 0x8f, 0x10, 0x0b, 0xf1,
    0xc0, 0x30, 0xde, 0x67, 0x00, 0x51, 0x9c, 0x22,
    0x0a, 0x24, 0xc3, 0x00, 0xe1, 0xbc, 0xce, 0x00,
    0xa3, 0x37, 0xbb, 0x13, 0x00, 0x7f, 0xff, 0xc0,
    0x3f, 0xfe, 0x87, 0x1b, 0xb0, 0x07, 0xff, 0x24,
    0xe3, 0x00, 0x80, 0x27, 0x00, 0xff, 0xe3, 0x8c,
    0x00, 0x4a, 0x40, 0x1f, 0xfc, 0x13, 0xb2, 0x00,
    0xc8, 0x27, 0x34, 0x01, 0xf8,

    /* U+5E03 "布" */
    0x00, 0xff, 0x54, 0xa0, 0x07, 0xff, 0x35, 0x5a,
    0xf9, 0xc0, 0x3f, 0xf9, 0x46, 0x01, 0x23, 0x80,
    0x7e, 0x10, 0x0f, 0xfe, 0x0d, 0x80, 0x5c, 0x01,
    0xf8, 0x72, 0x40, 0x3f, 0xf8, 0x0a, 0x00, 0x24,
    0x00, 0xfd, 0x44, 0xd8, 0x20, 0x07, 0xcc, 0xf8,
    0x80, 0x07, 0x99, 0xfb, 0x50, 0x00, 0x78, 0x00,
    0x7c, 0xcf, 0x28, 0x00, 0xbb, 0x33, 0xf6, 0xff,
    0xed, 0x00, 0xfc, 0x2c, 0x00, 0x90, 0x2d, 0xca,
    0x70, 0x0f, 0xfe, 0x2c, 0x80, 0x15, 0x00, 0x04,
    0x6a, 0xe0, 0x1f, 0xfc, 0x41, 0x70, 0x1b, 0x00,
    0xff, 0x84, 0x03, 0xfe, 0xb0, 0x05, 0x08, 0x07,
    0xf9, 0xfd, 0x40, 0x3f, 0x8d, 0x40, 0x15, 0x5a,
    0x40, 0x2a, 0xad, 0x03, 0x52, 0x01, 0xfb, 0x80,
    0x34, 0x45, 0xc0, 0x14, 0x46, 0x10, 0x01, 0x10,
    0x03, 0xd4, 0x46, 0x01, 0x11, 0x4e, 0x01, 0x11,
    0x60, 0x0b, 0xc8, 0x03, 0x9d, 0x66, 0x00, 0x3f,
    0xf9, 0x6d, 0x38, 0xc0, 0x1f, 0xfc, 0xb7, 0xee,
    0x18, 0x07, 0xff, 0x31, 0x60, 0x03, 0xff, 0x9c,
    0x40, 0x1f, 0xff, 0xb1, 0x99, 0x84, 0x03, 0xff,
    0x96, 0x32, 0x2c, 0x01, 0x38, 0x07, 0xff, 0x2a,
    0x04, 0x00, 0x46, 0x01, 0xff, 0xc0, 0x50, 0x0f,
    0xf2, 0x82, 0xe0, 0x07, 0xf9, 0x6b, 0x6c, 0x03,
    0xfd, 0x5f, 0x42, 0x01, 0xfe, 0x15, 0x20, 0x0f,
    0xf8, 0x40, 0x3f, 0xf9, 0x47, 0x20, 0x1f, 0xf0,

    /* U+5F85 "待" */
    0x00, 0xf2, 0x28, 0x07, 0xc5, 0x75, 0x0c, 0x01,
    0xff, 0xc2, 0xaa, 0x58, 0x80, 0x70, 0xa2, 0xba,
    0x00, 0x7f, 0xf0, 0x60, 0x41, 0x30, 0x80, 0x3f,
    0x10, 0x07, 0xff, 0x00, 0xdc, 0x00, 0xba, 0x40,
    0x1f, 0xf3, 0x58, 0x07, 0xee, 0x00, 0x45, 0x00,
    0x7f, 0xf0, 0x0e, 0x53, 0x44, 0x03, 0xac, 0x86,
    0xdc, 0x00, 0xb9, 0x9b, 0x80, 0x2d, 0xcc, 0x00,
    0x0b, 0x00, 0x34, 0x23, 0xf0, 0x61, 0x82, 0xe6,
    0x6e, 0x00, 0xb7, 0x3f, 0xf6, 0x80, 0x4e, 0x5b,
    0x01, 0xe7, 0x96, 0x40, 0x1f, 0xfc, 0x64, 0xa2,
    0x03, 0x40, 0x09, 0x80, 0x3f, 0xf8, 0x38, 0xa0,
    0x11, 0x80, 0x50, 0x00, 0x3b, 0x40, 0x0f, 0xfe,
    0x05, 0x1d, 0x40, 0x07, 0x22, 0x00, 0xbb, 0x33,
    0xdc, 0x01, 0x66, 0x65, 0x00, 0x3c, 0x00, 0x68,
    0x00, 0x30, 0x66, 0x7b, 0x7f, 0xe9, 0xa8, 0xff,
    0xe8, 0x00, 0x9c, 0xc0, 0x0a, 0x01, 0xff, 0x4c,
    0xaf, 0xc8, 0x40, 0x38, 0x60, 0x02, 0x32, 0x00,
    0xff, 0xe0, 0xd8, 0xf3, 0x80, 0x6d, 0x28, 0x00,
    0xe1, 0x1f, 0xe0, 0x0b, 0xb4, 0x22, 0x40, 0x10,
    0xba, 0x40, 0x18, 0xea, 0xbf, 0x88, 0x00, 0x8a,
    0x88, 0x23, 0x0d, 0x90, 0x0f, 0x1d, 0xe4, 0x5d,
    0xf8, 0x80, 0x15, 0x77, 0x8c, 0x14, 0x03, 0xfb,
    0xf3, 0x50, 0x03, 0xff, 0x99, 0x04, 0x4b, 0x60,
    0x0f, 0xfe, 0x65, 0x80, 0x24, 0x03, 0xff, 0x98,
    0xc2, 0x00, 0x10, 0x0f, 0xfe, 0x65, 0x9c, 0x08,
    0x07, 0xff, 0x31, 0x71, 0xc0, 0x3f, 0xf9, 0xce,
    0xe6, 0x55, 0x10, 0x07, 0xff, 0x29, 0xd7, 0xea,
    0x82, 0x00, 0x20, 0x0f, 0xfe, 0x41, 0x4b, 0x80,
    0x42, 0xa0, 0x1f, 0xe1, 0x5e, 0x00, 0xfe, 0xa0,
    0x27, 0xf0, 0x0f, 0xf2, 0xf5, 0x18, 0x07, 0xf1,
    0x7e, 0xc0, 0x80, 0x78,

    /* U+626B "扫" */
    0x00, 0xea, 0x98, 0x61, 0x00, 0xff, 0xe5, 0x23,
    0x38, 0x88, 0x03, 0xff, 0x9a, 0x80, 0x1f, 0xfc,
    0x25, 0x30, 0x0f, 0xfe, 0x62, 0x56, 0x30, 0x07,
    0xfc, 0x41, 0x99, 0xfe, 0xa0, 0x04, 0xb8, 0x07,
    0xf3, 0xe1, 0xe6, 0x7f, 0xa4, 0x00, 0x2e, 0x01,
    0xf9, 0xa0, 0x74, 0xc0, 0x3f, 0xf8, 0x79, 0x98,
    0x40, 0x10, 0x66, 0x2a, 0x00, 0xff, 0xe1, 0xe6,
    0x61, 0x00, 0x76, 0x65, 0x20, 0x1f, 0xff, 0xf0,
    0x01, 0x35, 0xb0, 0x07, 0xff, 0x2b, 0x76, 0x96,
    0x00, 0xff, 0xe2, 0x0b, 0x50, 0x80, 0x55, 0x65,
    0x79, 0x9f, 0xd2, 0x01, 0x8f, 0x7a, 0x54, 0x02,
    0xd5, 0x00, 0x5e, 0x67, 0xf4, 0x80, 0x62, 0x20,
    0x07, 0xff, 0x34, 0x50, 0x06, 0x84, 0x03, 0xff,
    0x95, 0xad, 0xca, 0x01, 0xff, 0xcb, 0x69, 0x00,
    0xff, 0xff, 0x80, 0x7f, 0xf4, 0xd5, 0x48, 0x81,
    0x00, 0xff, 0xe5, 0x20, 0x55, 0x80, 0x44, 0x00,
    0xcc, 0xff, 0xa4, 0x03, 0x85, 0x74, 0x02, 0x41,
    0x00, 0x66, 0x7f, 0xd2, 0x01, 0xf1, 0x80, 0x1a,
    0xc0, 0x3f, 0xf8, 0x62, 0x90, 0x01, 0xdd, 0xf2,
    0x01, 0xff, 0xc3, 0x7e, 0xb6, 0x00,

    /* U+63CF "描" */
    0x00, 0xff, 0xea, 0x67, 0x65, 0x90, 0x06, 0x39,
    0x86, 0x00, 0x3c, 0xbb, 0x18, 0x07, 0xf0, 0x9f,
    0x10, 0x06, 0x76, 0x70, 0x0b, 0x1a, 0x2c, 0x80,
    0x3f, 0xe1, 0x00, 0xfc, 0x40, 0x1c, 0x22, 0x32,
    0x00, 0xff, 0xe7, 0x76, 0x10, 0x07, 0xf1, 0xc1,
    0xa2, 0x0c, 0x01, 0x88, 0x87, 0x00, 0x0c, 0x90,
    0xe0, 0x80, 0x7c, 0x3c, 0xfb, 0x87, 0xa0, 0x02,
    0x33, 0x08, 0x00, 0xfa, 0x21, 0x26, 0x6a, 0xa8,
    0x80, 0x10, 0x40, 0x3e, 0xfc, 0x00, 0xe7, 0x73,
    0x00, 0x09, 0xdf, 0x11, 0xdd, 0xc6, 0x00, 0x8e,
    0xe9, 0xc0, 0x3f, 0xf8, 0xa2, 0x38, 0x00, 0x23,
    0x80, 0x3f, 0xfa, 0x64, 0xca, 0x00, 0x13, 0x6f,
    0x21, 0x00, 0xff, 0xe0, 0x97, 0x3a, 0xec, 0x88,
    0x02, 0xb2, 0x4b, 0x3c, 0xc0, 0x3f, 0x89, 0xa9,
    0x46, 0x3b, 0x31, 0xbb, 0x66, 0x5e, 0x22, 0xc6,
    0x00, 0xe1, 0x00, 0x4d, 0x42, 0x80, 0x0b, 0x30,
    0xc4, 0x48, 0xcc, 0x50, 0x00, 0x50, 0x09, 0xab,
    0xc8, 0x00, 0xd8, 0x40, 0x1f, 0xfc, 0x32, 0x20,
    0x24, 0xa8, 0x06, 0xd0, 0x0f, 0xfe, 0x43, 0x80,
    0x7f, 0xf3, 0xc5, 0x0f, 0x4c, 0x03, 0xff, 0x99,
    0x18, 0x40, 0x1f, 0xc5, 0x98, 0x40, 0x04, 0xe6,
    0x24, 0x03, 0xc6, 0x01, 0xff, 0x16, 0x61, 0x00,
    0x13, 0x98, 0x90, 0x0f, 0xff, 0xf8, 0x07, 0xff,
    0x0c, 0xc8, 0x82, 0x01, 0xff, 0xcc, 0x6e, 0xd2,
    0x00, 0x38, 0x07, 0x16, 0x61, 0x00, 0x13, 0x98,
    0x90, 0x0f, 0x2e, 0x08, 0x00, 0x4c, 0x03, 0x8b,
    0x31, 0xff, 0x6e, 0x62, 0x40, 0x3f, 0x20, 0x15,
    0x00, 0x72, 0x40, 0x07, 0xf0, 0xa4, 0x00, 0x74,
    0x6e, 0x90, 0x02, 0x2f, 0xb5, 0x00, 0xfc, 0x9d,
    0x68, 0x00,

    /* U+65B0 "新" */
    0x00, 0xff, 0xea, 0xce, 0x38, 0x07, 0xff, 0x09,
    0xb0, 0x80, 0x3f, 0x41, 0xc7, 0x08, 0x07, 0xf8,
    0x6a, 0x4f, 0x10, 0x03, 0xe1, 0x40, 0x19, 0x03,
    0x40, 0x04, 0x18, 0x01, 0xbd, 0x40, 0x03, 0x4a,
    0x01, 0xf6, 0x80, 0x30, 0x76, 0xd8, 0x1f, 0x3b,
    0x64, 0xd2, 0x33, 0xf9, 0x40, 0x13, 0x99, 0xa8,
    0x06, 0x30, 0x42, 0x54, 0x00, 0x31, 0xfb, 0x6e,
    0x60, 0x1d, 0x38, 0xf5, 0x98, 0xfe, 0xa0, 0x7c,
    0xf5, 0x00, 0x9c, 0x03, 0xff, 0x81, 0x93, 0x20,
    0x0b, 0xc9, 0xe0, 0x80, 0x3f, 0xf8, 0xa8, 0x0c,
    0xc0, 0x02, 0x81, 0xd9, 0x00, 0x7f, 0x09, 0x00,
    0x78, 0x80, 0x18, 0x00, 0x31, 0xd8, 0x00, 0xff,
    0x56, 0xa0, 0x07, 0x09, 0x06, 0x82, 0x0e, 0x4b,
    0xe0, 0x80, 0x42, 0x01, 0x3a, 0x05, 0xa8, 0x1d,
    0xdc, 0x22, 0xcb, 0x93, 0x97, 0x03, 0xc0, 0x0b,
    0xef, 0x3e, 0x01, 0x11, 0xc2, 0x75, 0x56, 0xfa,
    0xa1, 0x4d, 0x77, 0x5a, 0x01, 0x75, 0xf8, 0x05,
    0x77, 0x08, 0x08, 0xf0, 0x04, 0xe2, 0x38, 0x03,
    0xff, 0x9b, 0x12, 0x01, 0xc6, 0x01, 0xfe, 0x12,
    0x2c, 0x01, 0x32, 0xbb, 0x59, 0x00, 0x42, 0x01,
    0xfe, 0x68, 0x8c, 0x20, 0x0e, 0xf5, 0x50, 0xb0,
    0x07, 0xff, 0x09, 0xe8, 0x7a, 0x84, 0x01, 0xb7,
    0x55, 0x38, 0x00, 0x80, 0x3f, 0xf8, 0x06, 0x97,
    0xa2, 0x00, 0x1e, 0x70, 0x03, 0x00, 0x1c, 0x03,
    0xff, 0x80, 0xa0, 0x04, 0x10, 0x02, 0x14, 0x50,
    0x10, 0x03, 0x40, 0x3f, 0xf8, 0x1e, 0x03, 0x00,
    0x19, 0x41, 0x53, 0x80, 0x08, 0x01, 0xff, 0xc0,
    0x40, 0x91, 0x00, 0xdc, 0x00, 0x37, 0x01, 0x30,
    0x0f, 0xf8, 0x8a, 0x70, 0x0e, 0x40, 0x00, 0x88,
    0x24, 0x03, 0xff, 0x81, 0x43, 0x80, 0x1e, 0x2e,
    0xe8, 0x05, 0xc0, 0x3f, 0xf8, 0x0b, 0x84, 0x66,
    0x10, 0x00, 0x80, 0x89, 0x42, 0x80, 0x3f, 0xf8,
    0x07, 0xc4, 0x44, 0xc0, 0x08, 0xc0, 0x0a, 0x52,
    0x80, 0x1f, 0xfc, 0x03, 0x30, 0x0b, 0xa0, 0x01,
    0x04, 0x06, 0xe1, 0x80, 0x3f, 0xf8, 0xc6, 0x67,
    0xb0, 0x03, 0x53, 0x80, 0x7e, 0x28, 0x00, 0xc0,

    /* U+6761 "条" */
    0x00, 0xff, 0xeb, 0xb7, 0x53, 0x08, 0x07, 0xff,
    0x2a, 0x05, 0x66, 0xc8, 0x03, 0x31, 0x00, 0x7f,
    0xf0, 0x98, 0x40, 0x0b, 0x44, 0x01, 0x44, 0xe1,
    0x00, 0x7f, 0xf0, 0x06, 0x00, 0x27, 0xcc, 0xda,
    0xe0, 0x38, 0x40, 0x1f, 0xf5, 0x08, 0x1f, 0x6e,
    0x66, 0x10, 0x0d, 0x40, 0x1f, 0xe7, 0x40, 0x04,
    0x88, 0x06, 0x93, 0x00, 0x0e, 0x40, 0x07, 0xf2,
    0xc0, 0x46, 0xd3, 0x00, 0x4e, 0xc0, 0x15, 0x10,
    0x07, 0xf2, 0x51, 0x63, 0x94, 0x4e, 0x1c, 0x40,
    0x02, 0xa4, 0x00, 0xfe, 0x6a, 0x8d, 0x30, 0x03,
    0xb1, 0xe3, 0x80, 0x07, 0x14, 0x03, 0xf9, 0x83,
    0x9c, 0x03, 0xac, 0x03, 0x95, 0x0c, 0x03, 0xf9,
    0x98, 0x01, 0xc3, 0x3a, 0x01, 0xc9, 0x19, 0xfb,
    0x73, 0x0e, 0xc2, 0x01, 0xe1, 0x8e, 0x60, 0x29,
    0xe8, 0x20, 0x0c, 0x48, 0xcf, 0x06, 0x20, 0x19,
    0x6b, 0x9c, 0x5b, 0x38, 0x15, 0x3e, 0xd0, 0x03,
    0xd4, 0xa0, 0x2b, 0x7f, 0x01, 0x39, 0xd2, 0x69,
    0x37, 0x8e, 0x97, 0xd4, 0xc6, 0x02, 0xa0, 0x07,
    0x19, 0xfd, 0xa6, 0x30, 0x0f, 0x0a, 0x80, 0x05,
    0x40, 0x1b, 0xe0, 0x13, 0x21, 0x00, 0x7f, 0xf1,
    0x15, 0x8f, 0x08, 0x03, 0x1e, 0x67, 0xf4, 0x80,
    0x07, 0x33, 0x58, 0x88, 0x38, 0x40, 0x23, 0xcc,
    0xd3, 0x19, 0x94, 0x80, 0x07, 0x33, 0x77, 0x6d,
    0x10, 0x0f, 0xd7, 0x6c, 0x30, 0x0f, 0x1c, 0x20,
    0x07, 0xff, 0x06, 0x04, 0x0f, 0x8c, 0x03, 0x8f,
    0xef, 0xe0, 0x03, 0xfc, 0x6e, 0x00, 0x4d, 0x30,
    0x0f, 0x3b, 0x81, 0xf9, 0x00, 0x3f, 0x70, 0x01,
    0x2c, 0x03, 0xfa, 0x14, 0x06, 0xd0, 0x03, 0xd6,
    0x41, 0x16, 0x01, 0xff, 0x58, 0x80, 0x24, 0x03,
    0xa9, 0x0f, 0x1d, 0xd5, 0x76, 0x90, 0x01, 0x80,
    0x61, 0xa0, 0x01, 0x08, 0x05, 0x6f, 0x58, 0x60,
    0xf5, 0xa8, 0x20, 0x07, 0x00, 0xe4, 0x30, 0x21,
    0x00, 0x2c, 0x6a, 0x80, 0x73, 0x18, 0x00, 0xec,
    0x03, 0xd9, 0x8d, 0x00, 0x94, 0xc0, 0x3f, 0x44,
    0xe6, 0x04, 0x03, 0xe3, 0x00, 0xc0,

    /* U+6797 "林" */
    0x00, 0xe3, 0xa9, 0x75, 0x00, 0xf8, 0xea, 0x1d,
    0x00, 0x3f, 0xe7, 0x56, 0x86, 0x00, 0xf9, 0xd5,
    0xe0, 0x03, 0xff, 0x86, 0x26, 0x01, 0xfe, 0x14,
    0x00, 0xff, 0xfe, 0x34, 0x00, 0x7f, 0xf0, 0x31,
    0x00, 0x3f, 0xe3, 0x97, 0xa0, 0x0f, 0xf4, 0x9d,
    0xb0, 0x02, 0x33, 0x29, 0x00, 0x0f, 0x08, 0x93,
    0x33, 0x50, 0x00, 0x77, 0x1c, 0x45, 0x04, 0x11,
    0x99, 0x38, 0x00, 0x77, 0xba, 0xcc, 0xbc, 0x40,
    0x02, 0xf9, 0xdd, 0x88, 0x03, 0x9c, 0x00, 0x22,
    0x00, 0xf2, 0x00, 0x66, 0x10, 0x0f, 0xe1, 0x20,
    0x0b, 0xe0, 0x40, 0x36, 0x00, 0x66, 0x70, 0x0f,
    0xe5, 0x00, 0x85, 0x9f, 0xc8, 0x02, 0x40, 0x0c,
    0x56, 0x01, 0xfd, 0xa0, 0x1a, 0x40, 0x7c, 0x00,
    0xa0, 0x1d, 0xa4, 0xc0, 0x1f, 0x9c, 0x03, 0x09,
    0x01, 0x20, 0x70, 0x07, 0x20, 0x40, 0x07, 0xc6,
    0x20, 0x1c, 0x80, 0x07, 0x14, 0x00, 0xe1, 0x21,
    0xb0, 0x0f, 0x48, 0x08, 0x06, 0x87, 0x93, 0x90,
    0x04, 0x00, 0x64, 0x04, 0x80, 0x0c, 0x2a, 0x36,
    0x01, 0x86, 0x18, 0x5c, 0x24, 0xc0, 0x36, 0x80,
    0x1e, 0x00, 0x26, 0x0a, 0x10, 0x0f, 0xa0, 0x15,
    0x80, 0x39, 0x04, 0x00, 0xf6, 0x03, 0x10, 0x40,
    0x0f, 0x89, 0x8a, 0x80, 0x3e, 0x60, 0x0b, 0x42,
    0xe1, 0xc0, 0x3f, 0x49, 0x78, 0x07, 0xea, 0x00,
    0x3b, 0x06, 0x38, 0x07, 0xe8, 0x6c, 0x20, 0x0f,
    0xc4, 0xe1, 0x20, 0x06, 0x00, 0xfc, 0xa7, 0xa2,
    0x01, 0xfe, 0x85, 0x10, 0x0f, 0xf9, 0xac, 0x03,
    0xff, 0x83, 0x40, 0x1f, 0xfc, 0x03, 0x00, 0xff,
    0xff, 0x80, 0x71, 0xd8, 0x07, 0xf0, 0xae, 0x80,
    0x7c,

    /* U+6D1B "洛" */
    0x00, 0xff, 0xe0, 0xaa, 0x84, 0x03, 0xff, 0x87,
    0x5d, 0x8e, 0x01, 0xe9, 0xae, 0xc7, 0x00, 0xff,
    0xe0, 0xd2, 0x9c, 0x68, 0x80, 0x42, 0x60, 0x02,
    0x40, 0x0c, 0x20, 0x1f, 0xd4, 0x20, 0x4c, 0x01,
    0x38, 0x04, 0xe6, 0x01, 0x0f, 0xb8, 0x07, 0xe1,
    0x80, 0x01, 0x00, 0x54, 0x01, 0x58, 0x06, 0xa1,
    0x85, 0x00, 0xfc, 0xd5, 0x6a, 0x40, 0x46, 0x00,
    0x2e, 0xcc, 0xb5, 0x00, 0x14, 0x80, 0x1f, 0x95,
    0x06, 0x82, 0x80, 0x03, 0xb9, 0x99, 0x40, 0x29,
    0x50, 0x08, 0x80, 0x3d, 0x36, 0x2e, 0x02, 0xa4,
    0x01, 0x13, 0x80, 0x19, 0x82, 0x01, 0x77, 0xda,
    0x00, 0x4a, 0x72, 0x00, 0xd9, 0xf1, 0x00, 0x70,
    0x00, 0xa4, 0x03, 0xb4, 0x52, 0xd4, 0x19, 0xc5,
    0x82, 0xcc, 0xab, 0xce, 0x8c, 0x07, 0xc0, 0x3c,
    0x2c, 0x00, 0x90, 0xbf, 0xb0, 0xb4, 0x00, 0x39,
    0xe2, 0x80, 0xe9, 0x00, 0x7d, 0x20, 0x04, 0x52,
    0x31, 0xf4, 0x00, 0xc8, 0x01, 0x39, 0x00, 0x7e,
    0x1e, 0xd8, 0x94, 0x5b, 0x10, 0x08, 0x6d, 0x80,
    0x26, 0xeb, 0x51, 0x00, 0xf0, 0x91, 0x9b, 0x0c,
    0x03, 0x16, 0x20, 0x46, 0x10, 0x01, 0x2b, 0xb9,
    0x68, 0x01, 0xd2, 0x0a, 0x01, 0x97, 0x49, 0x35,
    0xcf, 0x5c, 0x03, 0x09, 0x20, 0x06, 0x25, 0x22,
    0x00, 0x13, 0x29, 0x72, 0xc8, 0x02, 0x8b, 0x20,
    0x01, 0x48, 0x07, 0x58, 0x20, 0x26, 0x49, 0xac,
    0x18, 0x07, 0xa0, 0xa2, 0x60, 0x03, 0x85, 0x83,
    0x1c, 0xbb, 0x45, 0x77, 0x59, 0x9d, 0xa6, 0x11,
    0xea, 0x01, 0xd0, 0x00, 0x47, 0x62, 0x00, 0xdd,
    0x99, 0xd0, 0x01, 0x40, 0x06, 0x7d, 0x60, 0x11,
    0x00, 0x7f, 0xf1, 0x04, 0x40, 0x19, 0xfc, 0x00,
    0x60, 0x1f, 0xfc, 0xc2, 0x30, 0x20, 0x0f, 0xfe,
    0x6b, 0x80, 0x10, 0x03, 0xff, 0x9f, 0xa0, 0x1f,
    0xfc, 0xc7, 0x00, 0x28, 0x07, 0xcc, 0x45, 0xe0,
    0x0f, 0xf1, 0x80, 0x04, 0x03, 0xee, 0x88, 0xeb,
    0x00, 0xff, 0x08, 0x01, 0xc0, 0x3e, 0x8a, 0xae,
    0x90, 0x26, 0x00, 0xfa, 0xc4, 0xec, 0x03, 0x85,
    0x4c, 0x03, 0x97, 0xf6, 0x00, 0x30,

    /* U+7247 "片" */
    0x00, 0xff, 0xe1, 0x0d, 0xd4, 0x38, 0x80, 0x7f,
    0xf0, 0x57, 0xf7, 0x20, 0x03, 0x91, 0x5c, 0x04,
    0x03, 0xff, 0x86, 0x44, 0x80, 0x0f, 0xc6, 0x01,
    0xff, 0xff, 0x00, 0xff, 0xe0, 0x88, 0x07, 0xff,
    0x3e, 0xf4, 0x40, 0x3f, 0xf9, 0x8c, 0xa5, 0xe6,
    0x01, 0xfc, 0x39, 0x9d, 0xa0, 0x14, 0xe6, 0x52,
    0x00, 0x1d, 0x10, 0x0f, 0xc3, 0x99, 0xef, 0xfb,
    0x73, 0x2f, 0xfd, 0xc2, 0x01, 0xff, 0xf1, 0x30,
    0x01, 0x80, 0x7e, 0x53, 0x00, 0xff, 0xe2, 0x88,
    0x07, 0xc9, 0x58, 0xe0, 0x1f, 0xfc, 0x11, 0x00,
    0x16, 0x67, 0xd4, 0x00, 0x8a, 0x00, 0xff, 0xe0,
    0x78, 0x01, 0xb3, 0x3e, 0x80, 0x0a, 0x40, 0x3f,
    0xf8, 0x04, 0x00, 0xd0, 0x0f, 0xf8, 0xc0, 0x3f,
    0xf8, 0x0e, 0x00, 0x40, 0x0f, 0xfe, 0x61, 0x00,
    0x88, 0x03, 0xff, 0x96, 0x60, 0x09, 0x00, 0xff,
    0xe6, 0x58, 0x01, 0x80, 0x3f, 0xf9, 0x8c, 0x0a,
    0x20, 0x1f, 0xfc, 0xb4, 0x11, 0x58, 0x07, 0xff,
    0x33, 0xc2, 0x84, 0x03, 0xff, 0x96, 0x88, 0x84,
    0x00, 0xff, 0xe5, 0x8c, 0xc9, 0xc0, 0x3f, 0xf9,
    0x91, 0xcc, 0x01, 0xff, 0xc1, 0x14, 0x90, 0x0f,
    0xe9, 0x30, 0x0f, 0xfe, 0x0b, 0x75, 0xb0, 0x07,
    0xe0,

    /* U+751F "生" */
    0x00, 0xff, 0xe0, 0x43, 0xb2, 0x10, 0x07, 0xff,
    0x10, 0xe5, 0x00, 0x33, 0x44, 0xc8, 0x40, 0x3f,
    0xf8, 0x96, 0xd7, 0xf6, 0x40, 0x19, 0xcc, 0x03,
    0xff, 0x88, 0x80, 0x17, 0x90, 0x07, 0xff, 0x28,
    0xc0, 0x06, 0x80, 0x1f, 0xfc, 0xa5, 0x00, 0xa4,
    0x03, 0xff, 0x81, 0x3a, 0x60, 0x1f, 0xbc, 0x00,
    0x4a, 0x01, 0xff, 0x33, 0x0b, 0x18, 0x03, 0xe5,
    0x00, 0xb3, 0x30, 0x80, 0x13, 0x33, 0x40, 0x8d,
    0x08, 0x01, 0xca, 0x00, 0x4d, 0xcc, 0xc2, 0x00,
    0x4c, 0xcd, 0xdd, 0xc8, 0x01, 0xd2, 0x03, 0x40,
    0x1f, 0xfc, 0xb4, 0x30, 0xd1, 0x00, 0xff, 0xe5,
    0xf8, 0x41, 0x80, 0x7f, 0xf2, 0xd1, 0x10, 0xe0,
    0x1f, 0xfc, 0x42, 0x00, 0xfa, 0x29, 0xc0, 0x3f,
    0xf8, 0x91, 0xaa, 0x01, 0xc7, 0x0a, 0x01, 0xff,
    0xc4, 0x57, 0x0a, 0x80, 0x0c, 0x68, 0x00, 0x8c,
    0xcf, 0x84, 0x00, 0x99, 0x94, 0x11, 0x4a, 0xc0,
    0x1f, 0x46, 0x67, 0xc2, 0x00, 0x4c, 0xcb, 0x77,
    0x98, 0x03, 0xff, 0xfe, 0x01, 0xff, 0xf3, 0x10,
    0x0f, 0xfe, 0x71, 0xf4, 0x00, 0x7f, 0xf3, 0x07,
    0x41, 0xec, 0x40, 0x19, 0x9f, 0xf0, 0x80, 0x13,
    0x33, 0xbc, 0x40, 0x09, 0x80,

    /* U+7801 "码" */
    0x00, 0xff, 0xe4, 0x8a, 0x80, 0x7f, 0xf0, 0xa9,
    0x80, 0x47, 0xfa, 0xa9, 0x20, 0x1f, 0xfc, 0x07,
    0x59, 0x95, 0x57, 0xf2, 0x03, 0x60, 0x06, 0xcc,
    0xb7, 0xba, 0x91, 0x13, 0xed, 0xdf, 0xe1, 0x00,
    0x68, 0x06, 0xcc, 0x94, 0x44, 0xfd, 0xd9, 0x81,
    0xd4, 0x80, 0x30, 0x80, 0x88, 0x03, 0xe4, 0x00,
    0x60, 0x07, 0xa2, 0xb6, 0x00, 0x02, 0x00, 0x30,
    0x0f, 0xc6, 0x00, 0x70, 0x0f, 0xc3, 0x00, 0x03,
    0x00, 0x08, 0x07, 0xc4, 0x00, 0x12, 0x00, 0xe2,
    0x00, 0x18, 0x04, 0x20, 0x07, 0x00, 0xf9, 0xc0,
    0x0c, 0x01, 0xe1, 0x00, 0x30, 0x04, 0xc0, 0x02,
    0x00, 0xfb, 0x40, 0x16, 0x01, 0xe6, 0x00, 0x10,
    0x04, 0x60, 0x01, 0x00, 0xf8, 0xc0, 0x8c, 0x13,
    0x50, 0x00, 0x40, 0x01, 0x00, 0xb8, 0x01, 0xc0,
    0x1f, 0x28, 0x15, 0xd5, 0x95, 0xc0, 0x70, 0x03,
    0x80, 0x22, 0x00, 0x18, 0x07, 0x8c, 0x40, 0x13,
    0x06, 0x01, 0x88, 0x00, 0x40, 0x10, 0x80, 0x1a,
    0x0c, 0x03, 0x58, 0x04, 0x44, 0x70, 0x04, 0x82,
    0x80, 0x18, 0x02, 0x60, 0x02, 0x3e, 0x20, 0x04,
    0xa0, 0x1f, 0xce, 0x20, 0x0e, 0xcc, 0x84, 0xcd,
    0x20, 0x0b, 0x30, 0x32, 0x00, 0xfe, 0x7c, 0x47,
    0xcc, 0xf9, 0xc0, 0x10, 0x61, 0x2c, 0x60, 0x1f,
    0xc7, 0x70, 0x01, 0x1c, 0x80, 0x0c, 0x00, 0x60,
    0x22, 0x90, 0x0f, 0xfe, 0x27, 0x35, 0x00, 0x80,
    0x1c, 0x01, 0x40, 0x1f, 0xd3, 0x99, 0xed, 0x20,
    0x58, 0x70, 0x00, 0x80, 0x88, 0x03, 0xfa, 0x73,
    0x3d, 0xbf, 0xf4, 0x10, 0x00, 0xc0, 0x3f, 0xf9,
    0x82, 0x00, 0x10, 0x0f, 0xb3, 0x08, 0x01, 0xff,
    0xc1, 0x30, 0x01, 0x00, 0x7e, 0xcc, 0x18, 0x07,
    0xff, 0x05, 0x00, 0x0e, 0x01, 0xfe, 0x70, 0x21,
    0x00, 0xe3, 0x43, 0x24, 0x90, 0x07, 0x80, 0x7c,
    0x60, 0x08, 0xed, 0x00, 0xf1, 0x84, 0x6d, 0x88,
    0x01, 0x00, 0x3b, 0xfb, 0x00, 0x06, 0x20, 0x1f,
    0x92, 0xd0, 0x02, 0x81, 0x00, 0xe3, 0x10, 0x0f,
    0xfe, 0x1e, 0x89, 0xdb, 0x80, 0x40,

    /* U+786E "确" */
    0x00, 0xff, 0xef, 0x4d, 0xb0, 0x80, 0x7f, 0xf1,
    0xe7, 0x04, 0x00, 0x88, 0x9f, 0x50, 0x01, 0x00,
    0x7c, 0x23, 0xf3, 0xb1, 0xfa, 0x09, 0x00, 0x2d,
    0x41, 0xf5, 0xc0, 0x3d, 0x55, 0x67, 0x73, 0xf1,
    0x10, 0xbc, 0xc0, 0x14, 0xde, 0x40, 0x44, 0x80,
    0x75, 0xdc, 0xe0, 0x04, 0xbb, 0xd5, 0x60, 0x0a,
    0xcb, 0xf0, 0x0b, 0x84, 0x03, 0xe7, 0x00, 0x60,
    0x06, 0x23, 0x05, 0x50, 0x01, 0x00, 0x16, 0xe2,
    0x01, 0xf1, 0x00, 0x14, 0x03, 0x58, 0x0d, 0x80,
    0x54, 0x38, 0x80, 0xe0, 0x1e, 0x30, 0x08, 0xc0,
    0x21, 0x60, 0x35, 0x00, 0x18, 0xf9, 0x84, 0x42,
    0xc0, 0x39, 0x40, 0x08, 0x01, 0xac, 0x00, 0x57,
    0x99, 0x1f, 0x66, 0x1c, 0x13, 0x00, 0x37, 0x80,
    0x38, 0x02, 0x41, 0xc0, 0x01, 0xe6, 0x80, 0x13,
    0x30, 0x20, 0x09, 0x00, 0xc4, 0x00, 0x40, 0x5e,
    0x1b, 0x30, 0x0f, 0xfe, 0x0b, 0x00, 0x64, 0x00,
    0x5d, 0x50, 0x6a, 0x04, 0x03, 0xff, 0x8a, 0x60,
    0x14, 0x40, 0x80, 0x3c, 0x20, 0x60, 0x1f, 0xfc,
    0x0b, 0x00, 0x88, 0x80, 0x14, 0x88, 0x00, 0xaf,
    0x80, 0x0b, 0x76, 0x10, 0x0f, 0x28, 0x07, 0xff,
    0x00, 0xef, 0x40, 0x0b, 0x76, 0x10, 0x0e, 0x22,
    0x00, 0x7f, 0x08, 0x07, 0xff, 0x12, 0xcc, 0x40,
    0x3f, 0xf9, 0xa9, 0xa6, 0x01, 0xf8, 0xc0, 0x0e,
    0x01, 0xff, 0xc0, 0x2e, 0x10, 0x0f, 0xe1, 0x00,
    0x2e, 0x68, 0x01, 0x33, 0x02, 0x01, 0x88, 0xc0,
    0x3f, 0xcc, 0x00, 0x8c, 0xd0, 0x02, 0x66, 0x04,
    0x03, 0xff, 0x88, 0x40, 0x04, 0x00, 0xff, 0xe3,
    0x66, 0x08, 0x02, 0xc0, 0x32, 0x00, 0xff, 0xe3,
    0x66, 0x08, 0x00, 0x68, 0x10, 0x01, 0xff, 0xc9,
    0x47, 0xb4, 0x08, 0x40, 0x0f, 0x36, 0x88, 0x00,
    0x40, 0x3c, 0xa0, 0x09, 0x85, 0x97, 0x70, 0x07,
    0xcd, 0x40, 0x01, 0x20, 0x0d, 0xfe, 0xa0, 0x0d,
    0x17, 0x00, 0x18, 0x5e, 0xa8, 0x06, 0x29, 0xa0,
    0x1c, 0x40, 0x1e, 0x94, 0x00, 0xf4, 0x28, 0x82,
    0x75, 0x98, 0x00,

    /* U+7B49 "等" */
    0x00, 0xc6, 0x80, 0x1f, 0xce, 0x20, 0x1f, 0xfc,
    0x29, 0xbe, 0x82, 0x00, 0xe4, 0x8e, 0xb6, 0x00,
    0xff, 0xe0, 0x28, 0x09, 0x00, 0x0b, 0x48, 0x34,
    0x00, 0xa4, 0x01, 0xb2, 0x80, 0x39, 0x80, 0x03,
    0x20, 0x5e, 0x58, 0x6e, 0x00, 0x96, 0x22, 0xa4,
    0xd7, 0x04, 0x02, 0x80, 0x01, 0x64, 0xda, 0x33,
    0xc0, 0x82, 0x66, 0xea, 0x2c, 0x19, 0x8a, 0x80,
    0x07, 0x10, 0xbe, 0x04, 0xc9, 0x99, 0x82, 0x6e,
    0xc2, 0x0f, 0x13, 0x39, 0x40, 0x60, 0x71, 0x08,
    0xc2, 0x80, 0x0e, 0x76, 0xc0, 0x09, 0x02, 0x80,
    0x0f, 0x6b, 0x79, 0x80, 0x14, 0x04, 0x01, 0x23,
    0x52, 0x00, 0x40, 0x03, 0xa8, 0x06, 0x2e, 0x91,
    0x00, 0xa6, 0xfc, 0x03, 0x0e, 0x80, 0x0e, 0x94,
    0x69, 0xc0, 0x22, 0x20, 0x2d, 0x56, 0xeb, 0xaa,
    0x08, 0x02, 0x2a, 0xaf, 0x40, 0x04, 0x38, 0x07,
    0x2d, 0xdf, 0xe1, 0x00, 0x4d, 0xde, 0xfe, 0xe9,
    0xc0, 0x3c, 0x23, 0xf8, 0x02, 0x11, 0xfc, 0xe8,
    0x01, 0xff, 0xcc, 0x39, 0xb6, 0x01, 0xcc, 0xff,
    0x84, 0x01, 0x39, 0x9e, 0xd0, 0x04, 0xb0, 0xe6,
    0x7f, 0xdf, 0xf6, 0xe3, 0xb9, 0x53, 0x7b, 0xfe,
    0x60, 0x0f, 0xfe, 0x2a, 0xa3, 0x78, 0x8a, 0x84,
    0x03, 0xff, 0x94, 0x41, 0x4b, 0xe4, 0x00, 0x4c,
    0xcf, 0xfe, 0x18, 0x80, 0x23, 0x50, 0x07, 0x04,
    0x13, 0x33, 0x74, 0x6e, 0x67, 0xe1, 0x00, 0x46,
    0xff, 0xdc, 0x20, 0x1e, 0x28, 0xec, 0x30, 0x0f,
    0xfe, 0x5e, 0x89, 0xe3, 0x00, 0x7f, 0xf2, 0x86,
    0x00, 0x12, 0x01, 0xff, 0xcb, 0x60, 0x09, 0x50,
    0xc8, 0x82, 0x01, 0xff, 0xc6, 0x71, 0x64, 0x08,
    0xdd, 0x00, 0x42, 0x01, 0xff, 0xc3, 0x8e, 0x91,
    0x4b, 0x60, 0x08, 0x50, 0x03, 0xff, 0x93, 0x40,
    0x02, 0xd0, 0x0f, 0xfe, 0x51, 0xde, 0xe8, 0xc0,
    0x3e,

    /* U+7D20 "素" */
    0x00, 0xff, 0xe0, 0x4c, 0x9d, 0x84, 0x03, 0xff,
    0x96, 0xed, 0x1c, 0x20, 0x18, 0xb0, 0xc0, 0x3f,
    0xf8, 0xfa, 0x01, 0xde, 0x78, 0xc0, 0x1c, 0xd9,
    0x9f, 0xc2, 0x00, 0x8c, 0xce, 0x13, 0x35, 0x18,
    0x06, 0x6c, 0xcf, 0xe1, 0x00, 0x46, 0x67, 0x56,
    0xe6, 0x0c, 0x03, 0xff, 0x94, 0xd3, 0xe8, 0x01,
    0xf2, 0x66, 0x7e, 0x10, 0x04, 0x66, 0x69, 0x01,
    0xb4, 0x00, 0xf2, 0x66, 0x7e, 0x10, 0x04, 0x66,
    0x6f, 0xf9, 0x84, 0x03, 0xff, 0x9a, 0xcc, 0xa8,
    0x00, 0xae, 0xff, 0xe1, 0x00, 0x45, 0xdf, 0xa4,
    0x00, 0xf0, 0x00, 0xbb, 0xfe, 0xc4, 0x02, 0xcd,
    0xbb, 0x55, 0xdd, 0xff, 0xa0, 0x03, 0xf9, 0xba,
    0x00, 0x03, 0x40, 0x09, 0xe6, 0x00, 0xff, 0xe0,
    0x0a, 0xcf, 0xc8, 0x2c, 0xf6, 0x43, 0x73, 0x04,
    0xe1, 0x00, 0x7f, 0xaa, 0x8c, 0x00, 0x15, 0x9e,
    0xfe, 0x91, 0x00, 0x24, 0x88, 0x07, 0xfb, 0x80,
    0x02, 0x8c, 0xc2, 0x00, 0xc7, 0x17, 0xcc, 0x60,
    0x1f, 0xe5, 0xbf, 0xf6, 0xab, 0x10, 0xac, 0xf6,
    0x3a, 0x7e, 0x7d, 0x18, 0x07, 0xe3, 0xcc, 0x75,
    0xad, 0x77, 0x29, 0x84, 0x02, 0xa7, 0x05, 0xc7,
    0x00, 0xf7, 0x63, 0x99, 0x98, 0xbb, 0x73, 0x1b,
    0xae, 0xeb, 0x4d, 0x00, 0x10, 0x60, 0x1c, 0xe0,
    0x11, 0xa2, 0x44, 0x66, 0x24, 0xac, 0xed, 0xbb,
    0x20, 0x02, 0xc0, 0x3a, 0x89, 0xa1, 0xf3, 0x7f,
    0x84, 0x01, 0x88, 0x40, 0x1a, 0x40, 0x16, 0x01,
    0xc7, 0xb2, 0x6f, 0xe0, 0x1f, 0x2d, 0xd4, 0xa8,
    0x17, 0xf8, 0xc0, 0x3e, 0x3b, 0x03, 0xd6, 0x00,
    0xe5, 0x96, 0x65, 0x7d, 0x08, 0x07, 0xe4, 0xc0,
    0x01, 0x63, 0x00, 0x78, 0xb1, 0xc0, 0x0b, 0xc4,
    0x01, 0xe7, 0xb0, 0x29, 0xd4, 0xbb, 0x08, 0x00,
    0x40, 0x28, 0xa0, 0x0b, 0x80, 0x31, 0x64, 0xb5,
    0xeb, 0x03, 0xca, 0x00, 0x4a, 0x01, 0x97, 0x00,
    0x04, 0x01, 0x0a, 0xff, 0x4a, 0x00, 0x62, 0x40,
    0x04, 0x88, 0x07, 0x1d, 0xad, 0x00, 0x42, 0xe6,
    0x01, 0xfb, 0xeb, 0x98, 0x03, 0xe4, 0xa4, 0x00,
    0x80,

    /* U+7EF4 "维" */
    0x00, 0xca, 0x60, 0x1e, 0x56, 0x10, 0x79, 0x20,
    0x0f, 0xfe, 0x04, 0x66, 0xb8, 0x80, 0x53, 0x2e,
    0xcf, 0x6d, 0x80, 0x0f, 0xf1, 0x10, 0x0b, 0x40,
    0x31, 0x80, 0x1e, 0x14, 0x1d, 0xc0, 0x1f, 0xd4,
    0x00, 0x2a, 0x10, 0x02, 0x00, 0x50, 0x04, 0x00,
    0xa0, 0x0f, 0xe6, 0x01, 0xf0, 0x0d, 0xa0, 0x04,
    0x30, 0xd0, 0x03, 0x01, 0x69, 0x80, 0x66, 0x10,
    0xa2, 0x82, 0x00, 0x38, 0x02, 0x00, 0x0b, 0x51,
    0x61, 0xe5, 0x8a, 0x01, 0x58, 0x5a, 0x21, 0xf6,
    0x54, 0x40, 0x1d, 0x98, 0xfa, 0x8d, 0xd0, 0x11,
    0x20, 0x42, 0x0a, 0xd0, 0x3c, 0x00, 0xd6, 0x00,
    0x1d, 0xcc, 0x08, 0x03, 0x77, 0xc3, 0x0e, 0x5d,
    0x78, 0x80, 0x08, 0x10, 0x0f, 0xfe, 0x27, 0x81,
    0x2a, 0x18, 0x01, 0x80, 0x3f, 0xf8, 0xcc, 0x00,
    0x14, 0x00, 0x24, 0xd0, 0x80, 0x7f, 0xd7, 0x00,
    0x10, 0xb4, 0xfa, 0x81, 0xdb, 0x0e, 0x80, 0x7f,
    0x99, 0x1e, 0x40, 0x29, 0x6b, 0x13, 0xc1, 0xdd,
    0x10, 0x00, 0x73, 0x21, 0x00, 0x65, 0x19, 0x95,
    0x00, 0x27, 0x54, 0xc0, 0x3b, 0x10, 0x08, 0x73,
    0x21, 0x00, 0x66, 0x72, 0x00, 0x1a, 0x1a, 0xc0,
    0x41, 0x10, 0x01, 0xff, 0xc5, 0x89, 0x04, 0xef,
    0xec, 0xc2, 0x80, 0x7f, 0xf0, 0x18, 0xc0, 0x2c,
    0x00, 0x10, 0x94, 0xf4, 0x08, 0x07, 0xfc, 0x73,
    0x88, 0x00, 0x42, 0x05, 0xbd, 0x60, 0x0f, 0x0d,
    0x54, 0x20, 0x0b, 0xd0, 0x05, 0xa0, 0x02, 0x7a,
    0x90, 0x03, 0xf0, 0xdd, 0xc2, 0x00, 0x9f, 0xee,
    0x90, 0x00, 0x82, 0x01, 0x0a, 0xcd, 0x18, 0x04,
    0x23, 0x00, 0x44, 0x23, 0x80, 0x30, 0xa4, 0x67,
    0x50, 0x51, 0x80, 0x7f, 0xf1, 0x1b, 0x7a, 0xdc,
    0xc2, 0xa4, 0x03, 0xff, 0x85, 0x48, 0x00, 0x52,
    0x00, 0x8f, 0x54, 0x03, 0xff, 0x84, 0xeb, 0x6c,
    0x06, 0x40, 0x08, 0xc2, 0x00, 0xf0, 0xdd, 0xc2,
    0x00, 0xbb, 0x40, 0x02, 0x58, 0x28, 0xf5, 0xc0,
    0x3f, 0x0d, 0x55, 0xdd, 0x55, 0x3b, 0xb3, 0x03,
    0x69, 0x00, 0x7f, 0x84, 0x7f, 0xf8, 0x00, 0x01,
    0x10, 0x07, 0xf1, 0xd0, 0x07, 0xff, 0x04,

    /* U+7F13 "缓" */
    0x00, 0xff, 0xea, 0x26, 0x30, 0x80, 0x7f, 0xc2,
    0xb7, 0xee, 0x01, 0xfb, 0x0e, 0x7d, 0x00, 0x3c,
    0x29, 0x19, 0xd4, 0x81, 0x0c, 0x01, 0xf2, 0x80,
    0x29, 0x00, 0x96, 0x2f, 0xb9, 0x6e, 0x60, 0x18,
    0xa1, 0x40, 0x38, 0xc8, 0x15, 0x00, 0x94, 0xbf,
    0x25, 0x62, 0xaf, 0x35, 0x1b, 0xb8, 0xa0, 0x1d,
    0x40, 0x36, 0x00, 0x27, 0xf5, 0x77, 0x7c, 0x12,
    0x19, 0x23, 0x65, 0x80, 0x70, 0xb0, 0x68, 0xd4,
    0x88, 0x03, 0x68, 0x14, 0x62, 0x41, 0x00, 0x09,
    0x60, 0x1d, 0x21, 0x66, 0x2a, 0xdc, 0xf2, 0x0b,
    0x40, 0x80, 0xc5, 0x80, 0x56, 0x01, 0xc4, 0xf4,
    0x83, 0x20, 0x02, 0x51, 0x30, 0x50, 0x20, 0x09,
    0x06, 0x18, 0x03, 0xb0, 0x2b, 0xf9, 0xc0, 0x1c,
    0x41, 0x40, 0x41, 0x2f, 0x26, 0x6a, 0x89, 0xa0,
    0x0c, 0xe0, 0x01, 0x20, 0x04, 0x1d, 0x53, 0x09,
    0xaa, 0xcb, 0x34, 0x64, 0x81, 0x70, 0x02, 0xa0,
    0x7c, 0x20, 0x57, 0x0b, 0xb9, 0x51, 0x46, 0xed,
    0xbf, 0x9d, 0xcd, 0xd0, 0x04, 0x7b, 0x12, 0x07,
    0x40, 0x01, 0x1c, 0x00, 0x21, 0x1f, 0x17, 0x90,
    0x06, 0x24, 0x41, 0x68, 0x07, 0x8c, 0x01, 0xc0,
    0x1c, 0x3a, 0x58, 0xa0, 0x10, 0xd0, 0xf8, 0x80,
    0x33, 0x32, 0x80, 0x2b, 0x33, 0xc6, 0x44, 0x81,
    0x01, 0xd3, 0xf2, 0x13, 0x5f, 0xcc, 0x84, 0x01,
    0x99, 0xee, 0xe6, 0xec, 0x21, 0x86, 0x6f, 0xf7,
    0x69, 0x98, 0x00, 0x22, 0x02, 0x10, 0x0c, 0x99,
    0x84, 0x00, 0xd4, 0x02, 0x22, 0x9e, 0x60, 0x09,
    0x00, 0x07, 0x99, 0xd6, 0x00, 0xb5, 0x00, 0x98,
    0x0e, 0xb5, 0x80, 0x3b, 0x00, 0x07, 0xd9, 0x96,
    0x80, 0x4e, 0x80, 0x10, 0xd6, 0x28, 0x07, 0xce,
    0x07, 0x1c, 0x01, 0x40, 0x00, 0xa0, 0x40, 0x32,
    0x80, 0x63, 0x8b, 0x34, 0x10, 0x85, 0x1c, 0x14,
    0x60, 0x07, 0x00, 0x7c, 0x2b, 0x5d, 0x89, 0x27,
    0xc0, 0x88, 0x09, 0x3f, 0xa0, 0x04, 0x98, 0x07,
    0x3e, 0xf5, 0x28, 0xb6, 0x11, 0xa8, 0xd0, 0x01,
    0x18, 0x44, 0x0a, 0xc0, 0x1e, 0x12, 0x00, 0x0d,
    0xc8, 0x03, 0xc2, 0x84, 0x00, 0x8e, 0x01, 0x2f,
    0x4a, 0x88, 0x04, 0xc2, 0x0b, 0xe8, 0x00, 0x73,
    0xa4, 0x00, 0x45, 0x8b, 0x38, 0x00, 0x5a, 0xbb,
    0x86, 0x00, 0x99, 0x50, 0x80, 0x16, 0x6d, 0x41,
    0xb5, 0xdd, 0xd3, 0x1a, 0x60, 0x10, 0xe1, 0x80,
    0x1d, 0x80, 0x23, 0xff, 0x34, 0x67, 0xc7, 0x40,
    0x80, 0x0b, 0x2d, 0x02, 0x08, 0x03, 0xf1, 0x50,
    0x8a, 0x72, 0x54, 0x40, 0x3c, 0x97, 0xcc, 0x00,

    /* U+80F6 "胶" */
    0x00, 0xff, 0xe2, 0x64, 0x98, 0x07, 0xff, 0x06,
    0x5c, 0x40, 0x2a, 0xc1, 0x00, 0xe9, 0x6c, 0xa0,
    0x0f, 0xfe, 0x01, 0x47, 0x5d, 0x5a, 0x9f, 0xa0,
    0x06, 0x52, 0x05, 0x90, 0x0f, 0xfe, 0x17, 0xc4,
    0x00, 0x02, 0x01, 0xe4, 0x00, 0x20, 0x00, 0xac,
    0x40, 0x3f, 0x98, 0x88, 0x00, 0x24, 0x00, 0xec,
    0x00, 0x28, 0x03, 0x93, 0x08, 0x03, 0xff, 0x84,
    0xf5, 0x5d, 0xe4, 0x05, 0x58, 0x60, 0x58, 0x20,
    0x1f, 0xfc, 0x17, 0xbb, 0x74, 0x5d, 0xb3, 0xa2,
    0xf7, 0xba, 0xf1, 0x00, 0xff, 0xe1, 0x08, 0xa3,
    0x6d, 0x44, 0x41, 0x92, 0x62, 0x30, 0x07, 0xef,
    0xcd, 0x00, 0xe1, 0x30, 0x5f, 0x30, 0x2b, 0x7d,
    0x70, 0x0f, 0xf7, 0xe6, 0x80, 0x73, 0x80, 0x06,
    0x8c, 0x00, 0xca, 0x11, 0x60, 0x1f, 0xfc, 0x5d,
    0x00, 0x58, 0x80, 0x68, 0x00, 0x23, 0x80, 0x73,
    0x80, 0x7f, 0x0a, 0x02, 0xa8, 0x02, 0x31, 0x25,
    0x00, 0x48, 0x07, 0xff, 0x0e, 0x40, 0xa8, 0x03,
    0x77, 0x2c, 0xc0, 0x02, 0x01, 0xc2, 0x01, 0xfc,
    0xc6, 0x80, 0x1c, 0x40, 0x86, 0x60, 0x60, 0x0f,
    0xc6, 0x01, 0xd0, 0xf9, 0x85, 0x00, 0x8c, 0x02,
    0xbc, 0xe9, 0x00, 0xfd, 0xb9, 0xa0, 0x16, 0x48,
    0x24, 0x80, 0x48, 0x00, 0x41, 0x01, 0x00, 0xf1,
    0x80, 0x33, 0x1a, 0x01, 0x20, 0x00, 0x44, 0xa0,
    0x0a, 0x00, 0x68, 0x07, 0xfc, 0x40, 0x1f, 0xea,
    0xa1, 0x21, 0x00, 0xb0, 0x07, 0xf0, 0x83, 0x00,
    0x7f, 0x9c, 0x7e, 0x40, 0x10, 0x01, 0xff, 0xc0,
    0xc0, 0x0f, 0xfa, 0x48, 0x80, 0xac, 0x01, 0xfc,
    0x40, 0x04, 0x00, 0xff, 0x88, 0x02, 0xc0, 0x0f,
    0xf3, 0x00, 0x98, 0x07, 0xf8, 0xe8, 0x02, 0x9d,
    0x40, 0x0f, 0xc6, 0x12, 0x02, 0x06, 0x01, 0xe3,
    0xc0, 0x5a, 0x00, 0x15, 0xe3, 0x90, 0x07, 0x68,
    0x30, 0x37, 0x68, 0x07, 0x2e, 0x0c, 0xd2, 0xe0,
    0x80, 0x0e, 0x37, 0x0c, 0x02, 0x58, 0x10, 0x7c,
    0x00, 0x90, 0x26, 0x9b, 0xd8, 0x00, 0x7e, 0x60,
    0x10, 0xc1, 0x80, 0x11, 0x5c, 0x02, 0x22, 0x01,
    0xfe, 0x0f, 0x48, 0x80, 0x61, 0xcb, 0x20, 0xa4,
    0x00, 0x9e, 0x80, 0x3a, 0x77, 0x03, 0x20, 0x40,
    0x3f, 0x26, 0xda, 0x00, 0x60,

    /* U+82AC "芬" */
    0x00, 0xfc, 0xee, 0x54, 0x00, 0xc5, 0x0c, 0xa6,
    0x01, 0xff, 0xc3, 0x98, 0xac, 0x00, 0xcc, 0xf3,
    0x4e, 0x01, 0x08, 0x07, 0xff, 0x0a, 0xc0, 0x3f,
    0x20, 0x02, 0x70, 0x80, 0x21, 0x1f, 0x80, 0x26,
    0x11, 0xe0, 0x08, 0x44, 0xcc, 0x2c, 0x30, 0x04,
    0xd5, 0x78, 0x40, 0x13, 0x55, 0xa4, 0x02, 0xaa,
    0x6a, 0x21, 0x68, 0x01, 0x17, 0x7e, 0x10, 0x07,
    0xdd, 0xe8, 0x00, 0xae, 0xfd, 0x20, 0x1f, 0xfc,
    0x81, 0x00, 0xff, 0xe2, 0x3a, 0xd1, 0x80, 0x63,
    0x6a, 0xf0, 0x0f, 0xfe, 0x24, 0xbc, 0x28, 0x06,
    0xb6, 0x41, 0x00, 0xff, 0xe2, 0x39, 0x12, 0xb0,
    0x40, 0x12, 0x62, 0x01, 0xff, 0xc4, 0x28, 0x00,
    0x1e, 0x08, 0x01, 0x4a, 0xc0, 0x3f, 0xf8, 0x9e,
    0x00, 0x3c, 0x00, 0xeb, 0x4d, 0x40, 0x0f, 0xfe,
    0x0d, 0x10, 0x1e, 0x80, 0x79, 0x58, 0xaf, 0x14,
    0x03, 0xfd, 0x4a, 0x0f, 0x82, 0x01, 0xf4, 0x88,
    0x1d, 0x74, 0xa8, 0x80, 0x75, 0xa9, 0x64, 0x00,
    0x7f, 0x48, 0x80, 0x42, 0xd5, 0x82, 0x00, 0x2c,
    0x58, 0xaf, 0xcc, 0x7f, 0xdd, 0x99, 0x98, 0x03,
    0xc3, 0x82, 0x0f, 0xf7, 0xce, 0xec, 0xc6, 0x80,
    0x57, 0x99, 0x84, 0x00, 0xfc, 0xe1, 0x22, 0x02,
    0x9a, 0xe0, 0x1c, 0x80, 0x12, 0x80, 0x61, 0x00,
    0x68, 0xc7, 0x38, 0x00, 0x4c, 0x03, 0xec, 0x00,
    0x28, 0x07, 0xe6, 0x00, 0x08, 0x07, 0xff, 0x01,
    0xc0, 0x1e, 0x01, 0x88, 0x02, 0x10, 0x0f, 0xfe,
    0x13, 0x88, 0x1a, 0x80, 0x66, 0x00, 0x88, 0x03,
    0xff, 0x82, 0x30, 0x00, 0xe0, 0x0e, 0x30, 0x01,
    0x00, 0x7f, 0xf0, 0xa8, 0x01, 0x64, 0x01, 0xd8,
    0x00, 0x60, 0x0f, 0xfe, 0x0d, 0x20, 0xda, 0x02,
    0xa9, 0x0d, 0xd0, 0x01, 0xa0, 0x1f, 0xfc, 0x0a,
    0x54, 0xf4, 0x00, 0x28, 0x46, 0x40, 0x04, 0xe0,
    0x1f, 0xe3, 0xd6, 0xbb, 0x08, 0x06, 0x5c, 0x20,
    0x0a, 0x04, 0x03, 0xf9, 0xef, 0xf1, 0x00, 0x3f,
    0x38, 0xa5, 0x38, 0x07, 0xe0,

    /* U+836F "药" */
    0x00, 0xf9, 0xd9, 0x4c, 0x03, 0x0b, 0xb2, 0x18,
    0x07, 0xff, 0x0a, 0x26, 0xac, 0x03, 0x1c, 0x4d,
    0xa8, 0x04, 0x20, 0x1f, 0xfc, 0x1b, 0x00, 0xfc,
    0xc0, 0x06, 0xf3, 0x00, 0xff, 0xe5, 0x94, 0x8e,
    0x20, 0x4e, 0x67, 0x80, 0x2e, 0xcc, 0xde, 0x01,
    0x66, 0x38, 0xce, 0xe0, 0x9c, 0xcf, 0x00, 0x5d,
    0x99, 0xbc, 0x02, 0xcc, 0xf5, 0x00, 0x7f, 0xf5,
    0x76, 0x04, 0xd8, 0xc0, 0x03, 0x74, 0x4d, 0x40,
    0x1f, 0xfc, 0x08, 0x27, 0x1b, 0x90, 0x09, 0x10,
    0xe4, 0x45, 0x00, 0xff, 0x91, 0xc0, 0x12, 0xe0,
    0x1b, 0x00, 0x05, 0x60, 0x18, 0x9c, 0x03, 0x8a,
    0x80, 0xb5, 0x8b, 0x08, 0x00, 0x80, 0x0a, 0x11,
    0xc7, 0x91, 0x40, 0x11, 0xe0, 0x4e, 0x90, 0x71,
    0xe2, 0x09, 0x00, 0xe5, 0x56, 0xf1, 0x05, 0xb0,
    0x5c, 0x14, 0xf8, 0x85, 0x98, 0x03, 0x1c, 0x01,
    0xb7, 0x7d, 0x00, 0x01, 0xa0, 0x40, 0x02, 0xb3,
    0xb9, 0x00, 0xb2, 0x28, 0x20, 0xc0, 0x3f, 0x18,
    0x80, 0xa8, 0x25, 0x38, 0x01, 0x30, 0x88, 0x68,
    0x80, 0x0f, 0x08, 0x00, 0x40, 0x28, 0xeb, 0xd7,
    0x09, 0xb1, 0x08, 0x4b, 0xad, 0x60, 0x0c, 0x60,
    0x1e, 0x20, 0xa7, 0x5e, 0x60, 0x00, 0x9d, 0x85,
    0x94, 0xc8, 0x02, 0x10, 0x03, 0x80, 0x4b, 0xe9,
    0x32, 0x55, 0x33, 0xa4, 0x80, 0x09, 0x01, 0x94,
    0x01, 0xe0, 0x01, 0x00, 0x15, 0x08, 0xa7, 0x2e,
    0xa8, 0x4a, 0x01, 0x8c, 0x01, 0x80, 0x01, 0x00,
    0x10, 0x00, 0x8c, 0x02, 0x17, 0xdc, 0x50, 0x0e,
    0xb0, 0x06, 0x80, 0x08, 0x01, 0xe0, 0x14, 0x82,
    0xdf, 0x41, 0x00, 0x7c, 0x7d, 0xa8, 0x00, 0x60,
    0x01, 0x00, 0x4b, 0xb4, 0x80, 0x28, 0xf5, 0x88,
    0x01, 0x84, 0x80, 0x22, 0x00, 0x30, 0x04, 0xaa,
    0x9c, 0xee, 0x5c, 0x1e, 0xa0, 0x07, 0xe5, 0x00,
    0x8c, 0x02, 0x98, 0x63, 0x10, 0x5d, 0x91, 0x00,
    0xc7, 0x32, 0x89, 0xb0, 0x01, 0x80, 0x6b, 0x00,
    0x93, 0x28, 0x80, 0x3c, 0x73, 0x8c, 0xc1, 0x00,
    0x50, 0x06, 0x50, 0x4c, 0xb3, 0x00, 0xff, 0x2c,
    0x80, 0x48, 0xc0, 0x18, 0xa6, 0xcc, 0x03, 0xff,
    0x82, 0x82, 0x95, 0x60, 0x18,

    /* U+83AB "莫" */
    0x00, 0xfa, 0x7b, 0x2c, 0x80, 0x25, 0xed, 0xb7,
    0x00, 0xff, 0xe1, 0x89, 0xe1, 0x00, 0x61, 0x25,
    0x70, 0x00, 0xd0, 0x80, 0x7f, 0xf3, 0x29, 0x70,
    0x82, 0x2e, 0xfc, 0xe0, 0x0a, 0xbb, 0xd0, 0x00,
    0x1b, 0xb6, 0x20, 0x16, 0x0c, 0x55, 0x79, 0x00,
    0x0b, 0x55, 0xac, 0x00, 0x35, 0x4d, 0xee, 0xbc,
    0x40, 0x47, 0xc6, 0x00, 0xf1, 0x1c, 0x60, 0x10,
    0x8f, 0xc0, 0x1c, 0x48, 0x01, 0x11, 0x80, 0x78,
    0xe6, 0x4a, 0x01, 0xfe, 0x6b, 0xde, 0xdc, 0x51,
    0x1c, 0x9d, 0xa0, 0xd5, 0x00, 0x1f, 0xf1, 0x44,
    0x2e, 0xff, 0xa8, 0x00, 0xf2, 0x01, 0xff, 0x0d,
    0x57, 0xfc, 0x00, 0x29, 0x00, 0xff, 0xe6, 0x88,
    0x07, 0xff, 0x00, 0x73, 0x3f, 0xd2, 0x01, 0xff,
    0xc3, 0x1c, 0xcf, 0xf4, 0x80, 0x7f, 0xfe, 0x47,
    0x31, 0xbf, 0xf7, 0x66, 0x52, 0x01, 0xff, 0xc2,
    0x16, 0xcc, 0x70, 0x04, 0xd9, 0x95, 0x45, 0xe0,
    0x08, 0x07, 0xc9, 0xdc, 0x90, 0x03, 0x00, 0x5a,
    0x01, 0x23, 0xa0, 0x2f, 0x28, 0x00, 0x47, 0x80,
    0x47, 0x68, 0x06, 0x11, 0xf2, 0x50, 0x54, 0x04,
    0xdd, 0xff, 0x30, 0x05, 0x57, 0x7e, 0xe5, 0x58,
    0x89, 0x15, 0x5f, 0xa0, 0x40, 0x10, 0xe3, 0x75,
    0x5f, 0xc4, 0x01, 0xfd, 0x20, 0x02, 0x78, 0x6f,
    0x71, 0x00, 0xff, 0xe2, 0x4a, 0x00, 0xf0, 0x03,
    0x82, 0x3a, 0xdd, 0x04, 0x03, 0xfc, 0x58, 0xc0,
    0x78, 0x60, 0x03, 0xc2, 0x04, 0x8b, 0xee, 0x6d,
    0x90, 0x06, 0x29, 0xd3, 0x35, 0x61, 0x00, 0x62,
    0xc6, 0x00, 0xc2, 0x72, 0x40, 0x2d, 0x9a, 0xb1,
    0xb8, 0xa0, 0x1f, 0x0c, 0xf3, 0x08, 0x02, 0x48,
    0x1e, 0x43, 0xfd, 0x8e, 0x40, 0x1f, 0xf0, 0xcf,
    0x5b, 0x30, 0x00,

    /* U+897F "西" */
    0x00, 0xff, 0xe5, 0x90, 0x07, 0xff, 0x38, 0x73,
    0x48, 0x03, 0xff, 0x99, 0xa2, 0x5a, 0x80, 0x0c,
    0xcf, 0xdf, 0xf6, 0xe6, 0x3f, 0xed, 0xcc, 0x80,
    0xce, 0x81, 0x0c, 0xcf, 0xc8, 0x00, 0x8c, 0xc1,
    0x00, 0x3b, 0x33, 0xf0, 0x80, 0x7f, 0xf9, 0xc8,
    0x03, 0xc3, 0x4a, 0x01, 0xff, 0xc5, 0x5d, 0xa0,
    0x0e, 0x35, 0xaf, 0xba, 0xa2, 0x80, 0x26, 0xa8,
    0x40, 0x08, 0xaa, 0xc0, 0xba, 0x40, 0x1f, 0x4d,
    0xd8, 0x80, 0x15, 0x76, 0x20, 0x07, 0xdd, 0xc0,
    0x12, 0x10, 0x07, 0xc4, 0x22, 0x00, 0x88, 0x44,
    0x01, 0x38, 0x8c, 0x01, 0x60, 0x07, 0xfc, 0x20,
    0x07, 0x00, 0xff, 0xe6, 0x10, 0x00, 0xc0, 0x3f,
    0xf9, 0x62, 0x00, 0x40, 0x0f, 0xfe, 0x62, 0x80,
    0x30, 0x03, 0xff, 0x99, 0xa0, 0x06, 0x00, 0xf7,
    0x5e, 0x60, 0x03, 0xff, 0x84, 0xe1, 0x22, 0x01,
    0x08, 0x00, 0x90, 0xcc, 0x01, 0xff, 0xc1, 0x61,
    0x56, 0x00, 0xd2, 0x01, 0xff, 0xc6, 0x29, 0x7a,
    0x00, 0xe5, 0xfd, 0xdd, 0xe0, 0x1f, 0xfc, 0x0b,
    0xb4, 0x00, 0x7e, 0x22, 0xc0, 0x1f, 0xfc, 0x19,
    0x40, 0x0f, 0xff, 0xf8, 0x07, 0xd9, 0x9f, 0xfc,
    0x40, 0x0f, 0xfe, 0x06, 0x67, 0xff, 0x10, 0x03,
    0xfc, 0x2c, 0x01, 0xff, 0xc4, 0x23, 0x74, 0x00,
    0x00,

    /* U+8BA4 "认" */
    0x00, 0x31, 0x00, 0x7f, 0x8d, 0xd9, 0x0c, 0x03,
    0xfc, 0x3b, 0xce, 0x01, 0xf9, 0x62, 0x6d, 0x40,
    0x3f, 0xce, 0xa3, 0x1a, 0x20, 0x1f, 0xe6, 0x00,
    0xff, 0xa8, 0x40, 0xac, 0x03, 0xff, 0x97, 0x00,
    0x07, 0x00, 0xfe, 0x10, 0x0f, 0xfe, 0x0b, 0x10,
    0x50, 0x07, 0xff, 0x32, 0x7d, 0xc0, 0x3f, 0x84,
    0x03, 0xff, 0x83, 0x76, 0x70, 0x0f, 0x84, 0x02,
    0x20, 0x0f, 0xd5, 0x98, 0xd4, 0x08, 0xa0, 0x0f,
    0xf3, 0x00, 0x7e, 0xac, 0xc4, 0x80, 0x50, 0x01,
    0xee, 0x00, 0x88, 0x03, 0xff, 0x84, 0x24, 0x01,
    0xe3, 0x00, 0x0f, 0x80, 0x7f, 0xf2, 0x84, 0x00,
    0xea, 0x01, 0xff, 0xca, 0x50, 0x06, 0x98, 0x80,
    0x7f, 0xf2, 0x44, 0x00, 0x80, 0xe0, 0x1f, 0xfc,
    0x83, 0x00, 0x10, 0x15, 0x00, 0x7f, 0xf2, 0x2c,
    0x00, 0xa0, 0xe6, 0x20, 0x1f, 0xfc, 0x74, 0x00,
    0x58, 0x78, 0x48, 0x07, 0xff, 0x0d, 0x18, 0x04,
    0xc0, 0xcc, 0x08, 0x0e, 0x40, 0x1f, 0xfc, 0x19,
    0x93, 0x04, 0x80, 0x24, 0x00, 0x24, 0x12, 0x01,
    0xff, 0x0e, 0xb7, 0x00, 0xb8, 0x1a, 0x80, 0x48,
    0x09, 0x00, 0x1f, 0x10, 0x04, 0x50, 0x60, 0xc0,
    0x0e, 0x00, 0xd6, 0x00, 0x76, 0x00, 0xe3, 0x80,
    0x09, 0x5c, 0x0a, 0x02, 0x48, 0x03, 0x12, 0x80,
    0x25, 0xc0, 0x33, 0x08, 0x00, 0xa8, 0x01, 0xe1,
    0x0c, 0x01, 0xe9, 0x00, 0xa2, 0xc4, 0x00, 0xaa,
    0x00, 0x78, 0x02, 0x4a, 0x1c, 0x03, 0xe3, 0x50,
    0x09, 0x90, 0x02, 0xb1, 0x92, 0x08, 0x6b, 0x70,
    0x0f, 0xea, 0x30, 0x3d, 0x50, 0x08, 0x71, 0x82,
    0x0f, 0x50, 0x03, 0xfe, 0xd1, 0xf0, 0x0f, 0x10,
    0x0e, 0xd9, 0x00, 0x7f, 0xf0, 0x07, 0x0c, 0x00,

    /* U+91CA "释" */
    0x00, 0xfc, 0xd0, 0x01, 0xff, 0xc0, 0x30, 0x0f,
    0xf9, 0x76, 0x5e, 0x40, 0x3f, 0xcf, 0x94, 0x01,
    0xf1, 0x47, 0x51, 0x00, 0x1b, 0x73, 0x3f, 0x6c,
    0x02, 0xd8, 0x80, 0x4d, 0x9a, 0xa0, 0x15, 0x77,
    0xee, 0x36, 0xe6, 0x75, 0x00, 0x46, 0x60, 0x09,
    0xf3, 0xf5, 0xc0, 0x0a, 0xa3, 0x00, 0x75, 0x00,
    0x74, 0x80, 0x16, 0x08, 0x02, 0x39, 0x00, 0xf7,
    0xe6, 0xaa, 0x34, 0x00, 0x50, 0x20, 0x36, 0x01,
    0xc4, 0xd8, 0x01, 0xcc, 0x0a, 0xa0, 0x97, 0xb1,
    0x47, 0x00, 0x50, 0x80, 0x78, 0xcd, 0x00, 0x10,
    0x91, 0x20, 0x00, 0x8e, 0x9f, 0x40, 0x0b, 0x40,
    0x0f, 0x98, 0x14, 0x02, 0x40, 0xf0, 0x0d, 0x08,
    0x22, 0x04, 0x70, 0x0f, 0xc6, 0x0c, 0x01, 0x6c,
    0x88, 0x06, 0x54, 0x00, 0x93, 0x3a, 0x9d, 0x08,
    0x02, 0x88, 0x50, 0x05, 0x63, 0x8a, 0x00, 0x8a,
    0x2a, 0xb2, 0x00, 0x0a, 0xc5, 0xc8, 0x85, 0xed,
    0xeb, 0x80, 0x3a, 0x02, 0xa3, 0x96, 0x68, 0xc7,
    0xa4, 0x80, 0x26, 0xb1, 0x0b, 0xcc, 0x50, 0x80,
    0x37, 0xed, 0x7f, 0x35, 0xa6, 0x55, 0x46, 0xdc,
    0x72, 0x80, 0x0f, 0x60, 0x05, 0x66, 0x94, 0xe4,
    0x01, 0xd4, 0x0f, 0x31, 0xa2, 0x01, 0xe4, 0x00,
    0x9f, 0x20, 0x03, 0xf8, 0xe1, 0x70, 0x40, 0x3c,
    0x62, 0x01, 0x40, 0x3e, 0xe6, 0x61, 0x00, 0x77,
    0x99, 0x82, 0x00, 0x3c, 0x80, 0x19, 0x44, 0x0f,
    0x33, 0x08, 0x03, 0xb3, 0x34, 0x80, 0x7a, 0xc0,
    0x30, 0xa0, 0x18, 0x07, 0xfd, 0x70, 0x01, 0xc6,
    0x72, 0x80, 0x55, 0x4c, 0x00, 0xff, 0x42, 0x3d,
    0x80, 0x6a, 0x0e, 0x30, 0x0d, 0x9b, 0x99, 0x84,
    0x01, 0xd9, 0x87, 0x00, 0x25, 0x80, 0x09, 0xa8,
    0x80, 0x3a, 0x73, 0x38, 0x40, 0x1d, 0x98, 0xff,
    0xd6, 0x00, 0x9a, 0x50, 0x0f, 0xfe, 0x60, 0xf2,
    0x80, 0x7f, 0xf3, 0x45, 0x40, 0x3f, 0xff, 0xe0,
    0x1f, 0xfc, 0x11, 0x60, 0x0f, 0xe2, 0x63, 0x00,
    0xff, 0xe0, 0xcf, 0x48, 0x07, 0xee, 0xd9, 0x00,
    0xfe,

    /* U+91CD "重" */
    0x00, 0xff, 0xe3, 0x24, 0x50, 0x07, 0xff, 0x1c,
    0x96, 0x73, 0xed, 0xd7, 0x00, 0x3f, 0xf8, 0x02,
    0x6d, 0x37, 0xdb, 0x4c, 0x60, 0x18, 0xec, 0x03,
    0xcb, 0x15, 0x9d, 0xcc, 0x87, 0x41, 0x00, 0x33,
    0xcd, 0x67, 0x7c, 0x80, 0x79, 0x26, 0xb3, 0xbf,
    0xdd, 0xc9, 0x00, 0x0c, 0xc3, 0x29, 0x88, 0x4b,
    0x80, 0x70, 0x88, 0x03, 0xff, 0x8b, 0x29, 0x16,
    0x00, 0x3c, 0xcf, 0xf4, 0x00, 0x07, 0x33, 0xce,
    0x22, 0x5b, 0x03, 0xcc, 0xff, 0x40, 0x00, 0x73,
    0x3b, 0x7b, 0xb5, 0x80, 0x65, 0xa5, 0x00, 0xff,
    0xe0, 0x8e, 0x60, 0x80, 0x3e, 0x35, 0xaf, 0xcb,
    0xbc, 0x00, 0x1b, 0xbd, 0xe4, 0x7a, 0xc0, 0x1f,
    0xc3, 0x97, 0x75, 0x00, 0x06, 0xef, 0x48, 0x07,
    0xff, 0x18, 0x40, 0x3e, 0x10, 0x00, 0xb0, 0x07,
    0xff, 0x60, 0x73, 0x34, 0x00, 0x07, 0x33, 0x40,
    0x07, 0xff, 0x04, 0x73, 0x34, 0x00, 0x07, 0x33,
    0x40, 0x07, 0xff, 0xdc, 0x73, 0x34, 0x00, 0x07,
    0x33, 0x40, 0x07, 0xff, 0x05, 0x73, 0x34, 0x00,
    0x07, 0x33, 0x5a, 0x1e, 0x80, 0x7c, 0x99, 0xf4,
    0x01, 0xff, 0xc0, 0x5f, 0x38, 0x00, 0xf0, 0x80,
    0x91, 0x7b, 0x80, 0x22, 0x2c, 0x74, 0x09, 0xa2,
    0x01, 0x92, 0x23, 0xf2, 0x00, 0x06, 0x23, 0x4a,
    0x2a, 0x9d, 0x40, 0x32, 0xd5, 0x7f, 0x00, 0x06,
    0xab, 0xe9, 0xe4, 0x00, 0xff, 0xe5, 0x8e, 0xdb,
    0x80, 0x08, 0xbf, 0xee, 0x00, 0x88, 0xbd, 0xa2,
    0x11, 0x41, 0x51, 0x1f, 0xe2, 0x55, 0x24, 0x47,
    0x99, 0x56, 0x03,

    /* U+963F "阿" */
    0x00, 0xff, 0xe5, 0x08, 0x04, 0xe4, 0x01, 0xa1,
    0x80, 0x3f, 0xf8, 0x31, 0xe8, 0x00, 0x9d, 0xc6,
    0x64, 0xbc, 0xb8, 0x07, 0xfc, 0xae, 0x36, 0xe0,
    0x11, 0x80, 0x08, 0x01, 0x1f, 0x99, 0xfd, 0xb4,
    0x00, 0x3b, 0x30, 0x09, 0x98, 0x01, 0x37, 0x66,
    0x7f, 0x78, 0x05, 0x98, 0x30, 0x0e, 0x50, 0x19,
    0x10, 0x0f, 0xfe, 0x40, 0x88, 0x2c, 0x03, 0xe1,
    0x10, 0x07, 0xff, 0x05, 0x01, 0x14, 0x22, 0xd4,
    0x00, 0x39, 0xe6, 0x01, 0xff, 0xc0, 0xc0, 0xa0,
    0x09, 0x2b, 0x73, 0x48, 0x71, 0x00, 0x3f, 0xe4,
    0xa1, 0x00, 0xee, 0xcd, 0x00, 0x22, 0x00, 0x3f,
    0xc2, 0x25, 0x00, 0xff, 0x84, 0x03, 0xfe, 0x14,
    0xb0, 0x0f, 0xfe, 0x64, 0x25, 0x80, 0x7f, 0xf3,
    0x15, 0x1c, 0x03, 0xff, 0x97, 0xa1, 0x00, 0x1f,
    0xfc, 0xb2, 0x00, 0x28, 0x04, 0xe0, 0x60, 0x1f,
    0xfc, 0x41, 0x00, 0x68, 0x05, 0x17, 0xc0, 0x1f,
    0xfc, 0x4d, 0x00, 0x08, 0x05, 0xf7, 0xa0, 0x1f,
    0xfc, 0x2a, 0xf6, 0x00, 0x70, 0x07, 0xc9, 0x20,
    0x1f, 0xf5, 0x30, 0x04, 0xbe, 0x90, 0x60, 0x3f,
    0x66, 0x01, 0xff, 0xc0, 0xf0, 0x04, 0x93, 0xdb,
    0x80, 0x7f, 0xf1, 0x93, 0x3d, 0x80, 0x3f, 0xf9,
    0x44, 0x60, 0x1f, 0xc4, 0x20, 0x06, 0x00, 0xff,
    0xe4, 0xbd, 0xff, 0xac, 0x00, 0x20, 0x1f, 0xfc,
    0x65, 0xab, 0x00, 0xc4, 0x01, 0xff, 0xc8, 0x44,
    0x00, 0x50, 0x01, 0x86, 0x00, 0x3f, 0xf8, 0x78,
    0x4b, 0xa8, 0x01, 0x00,

    /* U+FF08 "（" */
    0x00, 0xfd, 0x24, 0x01, 0xe2, 0xd1, 0x20, 0x0e,
    0x4d, 0x58, 0x00, 0xe3, 0xb4, 0x80, 0x0e, 0x2d,
    0x09, 0x00, 0xf7, 0x0c, 0x10, 0x07, 0x21, 0x83,
    0x00, 0x7b, 0xc1, 0x04, 0x03, 0x8d, 0x03, 0x80,
    0x3d, 0x60, 0x04, 0x00, 0xf2, 0x00, 0x04, 0x03,
    0xc4, 0x04, 0x01, 0xf0, 0x80, 0x80, 0x7f, 0x38,
    0x07, 0xf3, 0x80, 0x7c, 0x20, 0x40, 0x1f, 0x28,
    0x08, 0x07, 0xd8, 0x00, 0x20, 0x0f, 0x30, 0x01,
    0x40, 0x3c, 0x2c, 0x16, 0x01, 0xf5, 0x81, 0x90,
    0x07, 0x89, 0x82, 0x00, 0x3e, 0x93, 0x54, 0x00,
    0xfb, 0x4a, 0x80, 0x3e, 0x1c, 0x3c, 0x00, 0xf8,
    0x75, 0x6c, 0x03, 0xf4, 0xf8, 0x80,

    /* U+FF09 "）" */
    0x29, 0x00, 0xfc, 0x43, 0xa4, 0x01, 0xf4, 0x2e,
    0xa0, 0x07, 0xd0, 0x96, 0x60, 0x1f, 0x48, 0x69,
    0x00, 0x78, 0xa0, 0x78, 0x03, 0xe6, 0x03, 0x30,
    0x07, 0x85, 0x02, 0x00, 0x3e, 0xe0, 0x43, 0x00,
    0xf2, 0x00, 0x2c, 0x03, 0xc2, 0x00, 0x40, 0x0f,
    0x88, 0x08, 0x03, 0xe6, 0x01, 0x00, 0xf8, 0x40,
    0x3f, 0x98, 0x03, 0xf8, 0x80, 0x80, 0x3e, 0x10,
    0x70, 0x0f, 0x08, 0x03, 0x40, 0x3c, 0xc0, 0x06,
    0x00, 0xf5, 0x83, 0x08, 0x07, 0x11, 0x85, 0x80,
    0x7a, 0x01, 0x88, 0x03, 0x91, 0x4e, 0x40, 0x3d,
    0x45, 0xa0, 0x1e, 0xc3, 0xc1, 0x00, 0xeb, 0x5d,
    0x10, 0x0e, 0x1f, 0x90, 0x0f, 0x80,

    /* U+FF0C "，" */
    0x00, 0xf9, 0x7b, 0xe4, 0x06, 0x84, 0x19, 0x4c,
    0x03, 0x79, 0x18, 0x07, 0x6b, 0x00, 0x08, 0x06,
    0x6c, 0x2c, 0x02, 0xc2, 0x30, 0x01, 0x3c, 0x80,
    0x0f, 0x21, 0x00, 0xb6, 0x9c, 0x00, 0x5c, 0x80,
    0x10,

    /* U+FF1A "：" */
    0x00, 0x10, 0x00, 0xfb, 0x78, 0xf8, 0x40, 0x78,
    0xc0, 0x23, 0x70, 0x09, 0xe6, 0x4b, 0x32, 0x06,
    0xa6, 0x00, 0xff, 0xe5, 0x3d, 0xb8, 0x4c, 0x24,
    0x4b, 0x80, 0x4e, 0x40, 0x11, 0xf8, 0x80, 0xf1,
    0xf7, 0x46,

    /* U+FF1B "；" */
    0x00, 0x88, 0x03, 0x1f, 0x6f, 0x18, 0x03, 0x84,
    0x07, 0x80, 0x06, 0x01, 0x18, 0x01, 0xc0, 0x27,
    0x00, 0x4c, 0x96, 0x64, 0x01, 0x35, 0x30, 0x07,
    0xff, 0x50, 0x99, 0x00, 0x25, 0xd9, 0xb9, 0x00,
    0x40, 0x04, 0xe0, 0x1e, 0x10, 0x04, 0x80, 0x42,
    0x00, 0x4c, 0x40, 0x50, 0x08, 0xfc, 0x38, 0x03,
    0x49, 0xa8, 0x00, 0xf4, 0x74, 0x00, 0x5b, 0x58,
    0x20, 0x02, 0xe7, 0x00, 0xc0,

    /* U+FF1F "？" */
    0x00, 0xcb, 0x15, 0x70, 0xc2, 0x01, 0xcb, 0xd7,
    0x9c, 0x6f, 0x3c, 0xe0, 0x12, 0x50, 0xaa, 0x22,
    0x28, 0x01, 0x0a, 0x00, 0xa0, 0x06, 0x00, 0x4a,
    0x20, 0x08, 0x02, 0x10, 0x02, 0x80, 0x65, 0x00,
    0x10, 0x19, 0x03, 0x10, 0x07, 0xf0, 0xef, 0xc8,
    0x07, 0x20, 0x00, 0x80, 0x3f, 0xa0, 0x02, 0x80,
    0x0f, 0xce, 0xe0, 0x03, 0xa8, 0x07, 0xcf, 0x00,
    0x08, 0x80, 0x07, 0xcb, 0x00, 0x58, 0xe0, 0x1f,
    0xa0, 0x1b, 0x4c, 0x03, 0xf8, 0x92, 0x40, 0x3f,
    0xf8, 0x1a, 0x01, 0xff, 0xc0, 0x12, 0x00, 0xff,
    0xe0, 0x33, 0x00, 0x3f, 0xf8, 0x10, 0x40, 0x1f,
    0xfc, 0xd6, 0xca, 0x10, 0x0f, 0xe3, 0x93, 0x58,
    0x00, 0xfe, 0x70, 0x08, 0x80, 0x3f, 0x90, 0xc0,
    0x60, 0x03, 0xfd, 0x9d, 0xc3, 0x00, 0xf0
};

/*---------------------
 *  GLYPH DESCRIPTION
 *--------------------*/

static const lv_font_fmt_txt_glyph_dsc_t glyph_dsc[] = {
    {.bitmap_index = 0, .adv_w = 0, .box_w = 0, .box_h = 0, .ofs_x = 0, .ofs_y = 0} /* id = 0 reserved */,
    {.bitmap_index = 0, .adv_w = 112, .box_w = 0, .box_h = 0, .ofs_x = 0, .ofs_y = 0},
    {.bitmap_index = 0, .adv_w = 159, .box_w = 6, .box_h = 22, .ofs_x = 2, .ofs_y = 0},
    {.bitmap_index = 60, .adv_w = 433, .box_w = 25, .box_h = 24, .ofs_x = 1, .ofs_y = -2},
    {.bitmap_index = 285, .adv_w = 270, .box_w = 15, .box_h = 17, .ofs_x = 1, .ofs_y = 2},
    {.bitmap_index = 324, .adv_w = 166, .box_w = 9, .box_h = 2, .ofs_x = 1, .ofs_y = 7},
    {.bitmap_index = 330, .adv_w = 150, .box_w = 5, .box_h = 5, .ofs_x = 2, .ofs_y = 0},
    {.bitmap_index = 343, .adv_w = 179, .box_w = 11, .box_h = 28, .ofs_x = 0, .ofs_y = -5},
    {.bitmap_index = 438, .adv_w = 266, .box_w = 15, .box_h = 22, .ofs_x = 1, .ofs_y = 0},
    {.bitmap_index = 571, .adv_w = 209, .box_w = 12, .box_h = 22, .ofs_x = 1, .ofs_y = 0},
    {.bitmap_index = 615, .adv_w = 266, .box_w = 15, .box_h = 22, .ofs_x = 1, .ofs_y = 0},
    {.bitmap_index = 727, .adv_w = 266, .box_w = 15, .box_h = 22, .ofs_x = 1, .ofs_y = 0},
    {.bitmap_index = 860, .adv_w = 266, .box_w = 16, .box_h = 21, .ofs_x = 0, .ofs_y = 0},
    {.bitmap_index = 947, .adv_w = 266, .box_w = 15, .box_h = 21, .ofs_x = 1, .ofs_y = 0},
    {.bitmap_index = 1060, .adv_w = 266, .box_w = 15, .box_h = 23, .ofs_x = 1, .ofs_y = 0},
    {.bitmap_index = 1194, .adv_w = 263, .box_w = 14, .box_h = 21, .ofs_x = 1, .ofs_y = 0},
    {.bitmap_index = 1276, .adv_w = 266, .box_w = 15, .box_h = 22, .ofs_x = 1, .ofs_y = 0},
    {.bitmap_index = 1423, .adv_w = 267, .box_w = 15, .box_h = 24, .ofs_x = 1, .ofs_y = -2},
    {.bitmap_index = 1562, .adv_w = 150, .box_w = 5, .box_h = 16, .ofs_x = 2, .ofs_y = 0},
    {.bitmap_index = 1591, .adv_w = 270, .box_w = 15, .box_h = 17, .ofs_x = 1, .ofs_y = 2},
    {.bitmap_index = 1675, .adv_w = 270, .box_w = 15, .box_h = 17, .ofs_x = 1, .ofs_y = 2},
    {.bitmap_index = 1759, .adv_w = 334, .box_w = 21, .box_h = 21, .ofs_x = 0, .ofs_y = 0},
    {.bitmap_index = 1906, .adv_w = 317, .box_w = 18, .box_h = 21, .ofs_x = 1, .ofs_y = 0},
    {.bitmap_index = 2037, .adv_w = 314, .box_w = 18, .box_h = 23, .ofs_x = 1, .ofs_y = -1},
    {.bitmap_index = 2185, .adv_w = 353, .box_w = 20, .box_h = 21, .ofs_x = 1, .ofs_y = 0},
    {.bitmap_index = 2319, .adv_w = 298, .box_w = 17, .box_h = 21, .ofs_x = 1, .ofs_y = 0},
    {.bitmap_index = 2415, .adv_w = 290, .box_w = 17, .box_h = 21, .ofs_x = 1, .ofs_y = 0},
    {.bitmap_index = 2500, .adv_w = 339, .box_w = 20, .box_h = 23, .ofs_x = 1, .ofs_y = -1},
    {.bitmap_index = 2659, .adv_w = 387, .box_w = 22, .box_h = 21, .ofs_x = 1, .ofs_y = 0},
    {.bitmap_index = 2752, .adv_w = 191, .box_w = 10, .box_h = 21, .ofs_x = 1, .ofs_y = 0},
    {.bitmap_index = 2785, .adv_w = 192, .box_w = 14, .box_h = 26, .ofs_x = -2, .ofs_y = -5},
    {.bitmap_index = 2855, .adv_w = 344, .box_w = 21, .box_h = 21, .ofs_x = 1, .ofs_y = 0},
    {.bitmap_index = 2998, .adv_w = 288, .box_w = 16, .box_h = 21, .ofs_x = 1, .ofs_y = 0},
    {.bitmap_index = 3051, .adv_w = 448, .box_w = 27, .box_h = 21, .ofs_x = 0, .ofs_y = 0},
    {.bitmap_index = 3230, .adv_w = 365, .box_w = 21, .box_h = 21, .ofs_x = 1, .ofs_y = 0},
    {.bitmap_index = 3366, .adv_w = 352, .box_w = 20, .box_h = 23, .ofs_x = 1, .ofs_y = -1},
    {.bitmap_index = 3539, .adv_w = 302, .box_w = 18, .box_h = 21, .ofs_x = 1, .ofs_y = 0},
    {.bitmap_index = 3639, .adv_w = 352, .box_w = 20, .box_h = 30, .ofs_x = 1, .ofs_y = -8},
    {.bitmap_index = 3857, .adv_w = 336, .box_w = 20, .box_h = 21, .ofs_x = 1, .ofs_y = 0},
    {.bitmap_index = 3998, .adv_w = 267, .box_w = 15, .box_h = 23, .ofs_x = 1, .ofs_y = -1},
    {.bitmap_index = 4137, .adv_w = 311, .box_w = 19, .box_h = 21, .ofs_x = 0, .ofs_y = 0},
    {.bitmap_index = 4208, .adv_w = 366, .box_w = 22, .box_h = 22, .ofs_x = 1, .ofs_y = -1},
    {.bitmap_index = 4318, .adv_w = 329, .box_w = 21, .box_h = 21, .ofs_x = 0, .ofs_y = 0},
    {.bitmap_index = 4468, .adv_w = 489, .box_w = 31, .box_h = 21, .ofs_x = 0, .ofs_y = 0},
    {.bitmap_index = 4711, .adv_w = 325, .box_w = 20, .box_h = 21, .ofs_x = 0, .ofs_y = 0},
    {.bitmap_index = 4866, .adv_w = 314, .box_w = 20, .box_h = 21, .ofs_x = 0, .ofs_y = 0},
    {.bitmap_index = 4988, .adv_w = 281, .box_w = 17, .box_h = 21, .ofs_x = 0, .ofs_y = 0},
    {.bitmap_index = 5112, .adv_w = 262, .box_w = 16, .box_h = 16, .ofs_x = 1, .ofs_y = 0},
    {.bitmap_index = 5217, .adv_w = 301, .box_w = 18, .box_h = 24, .ofs_x = 0, .ofs_y = 0},
    {.bitmap_index = 5343, .adv_w = 253, .box_w = 14, .box_h = 16, .ofs_x = 1, .ofs_y = 0},
    {.bitmap_index = 5435, .adv_w = 295, .box_w = 17, .box_h = 24, .ofs_x = 1, .ofs_y = 0},
    {.bitmap_index = 5547, .adv_w = 256, .box_w = 14, .box_h = 16, .ofs_x = 1, .ofs_y = 0},
    {.bitmap_index = 5643, .adv_w = 180, .box_w = 14, .box_h = 24, .ofs_x = 0, .ofs_y = 0},
    {.bitmap_index = 5721, .adv_w = 267, .box_w = 17, .box_h = 24, .ofs_x = 0, .ofs_y = -8},
    {.bitmap_index = 5891, .adv_w = 308, .box_w = 19, .box_h = 24, .ofs_x = 0, .ofs_y = 0},
    {.bitmap_index = 5978, .adv_w = 156, .box_w = 9, .box_h = 23, .ofs_x = 0, .ofs_y = 0},
    {.bitmap_index = 6031, .adv_w = 150, .box_w = 10, .box_h = 31, .ofs_x = -3, .ofs_y = -8},
    {.bitmap_index = 6108, .adv_w = 292, .box_w = 19, .box_h = 24, .ofs_x = 0, .ofs_y = 0},
    {.bitmap_index = 6228, .adv_w = 159, .box_w = 10, .box_h = 24, .ofs_x = 0, .ofs_y = 0},
    {.bitmap_index = 6259, .adv_w = 452, .box_w = 28, .box_h = 16, .ofs_x = 0, .ofs_y = 0},
    {.bitmap_index = 6376, .adv_w = 307, .box_w = 19, .box_h = 16, .ofs_x = 0, .ofs_y = 0},
    {.bitmap_index = 6454, .adv_w = 279, .box_w = 16, .box_h = 16, .ofs_x = 1, .ofs_y = 0},
    {.bitmap_index = 6562, .adv_w = 301, .box_w = 18, .box_h = 24, .ofs_x = 0, .ofs_y = -8},
    {.bitmap_index = 6687, .adv_w = 287, .box_w = 17, .box_h = 24, .ofs_x = 1, .ofs_y = -8},
    {.bitmap_index = 6802, .adv_w = 224, .box_w = 14, .box_h = 16, .ofs_x = 0, .ofs_y = 0},
    {.bitmap_index = 6862, .adv_w = 224, .box_w = 12, .box_h = 16, .ofs_x = 1, .ofs_y = 0},
    {.bitmap_index = 6952, .adv_w = 176, .box_w = 11, .box_h = 21, .ofs_x = 0, .ofs_y = 0},
    {.bitmap_index = 7011, .adv_w = 304, .box_w = 19, .box_h = 17, .ofs_x = 0, .ofs_y = 0},
    {.bitmap_index = 7092, .adv_w = 259, .box_w = 18, .box_h = 16, .ofs_x = -1, .ofs_y = 0},
    {.bitmap_index = 7195, .adv_w = 392, .box_w = 26, .box_h = 16, .ofs_x = -1, .ofs_y = 0},
    {.bitmap_index = 7362, .adv_w = 268, .box_w = 17, .box_h = 16, .ofs_x = 0, .ofs_y = 0},
    {.bitmap_index = 7467, .adv_w = 261, .box_w = 18, .box_h = 24, .ofs_x = -1, .ofs_y = -8},
    {.bitmap_index = 7614, .adv_w = 232, .box_w = 14, .box_h = 16, .ofs_x = 0, .ofs_y = 0},
    {.bitmap_index = 7706, .adv_w = 151, .box_w = 3, .box_h = 33, .ofs_x = 3, .ofs_y = -8},
    {.bitmap_index = 7716, .adv_w = 150, .box_w = 5, .box_h = 5, .ofs_x = 2, .ofs_y = 8},
    {.bitmap_index = 7729, .adv_w = 266, .box_w = 15, .box_h = 2, .ofs_x = 1, .ofs_y = 7},
    {.bitmap_index = 7738, .adv_w = 416, .box_w = 24, .box_h = 2, .ofs_x = 1, .ofs_y = 7},
    {.bitmap_index = 7747, .adv_w = 448, .box_w = 22, .box_h = 4, .ofs_x = 3, .ofs_y = 9},
    {.bitmap_index = 7782, .adv_w = 448, .box_w = 9, .box_h = 8, .ofs_x = 0, .ofs_y = -2},
    {.bitmap_index = 7811, .adv_w = 448, .box_w = 14, .box_h = 27, .ofs_x = 14, .ofs_y = -3},
    {.bitmap_index = 7951, .adv_w = 448, .box_w = 14, .box_h = 27, .ofs_x = 0, .ofs_y = -3},
    {.bitmap_index = 8091, .adv_w = 448, .box_w = 11, .box_h = 27, .ofs_x = 17, .ofs_y = -3},
    {.bitmap_index = 8166, .adv_w = 448, .box_w = 11, .box_h = 27, .ofs_x = 0, .ofs_y = -3},
    {.bitmap_index = 8241, .adv_w = 448, .box_w = 28, .box_h = 27, .ofs_x = 0, .ofs_y = -3},
    {.bitmap_index = 8565, .adv_w = 448, .box_w = 26, .box_h = 27, .ofs_x = 1, .ofs_y = -3},
    {.bitmap_index = 8754, .adv_w = 448, .box_w = 28, .box_h = 27, .ofs_x = 0, .ofs_y = -3},
    {.bitmap_index = 8946, .adv_w = 448, .box_w = 28, .box_h = 28, .ofs_x = 0, .ofs_y = -4},
    {.bitmap_index = 9190, .adv_w = 448, .box_w = 27, .box_h = 27, .ofs_x = 0, .ofs_y = -3},
    {.bitmap_index = 9348, .adv_w = 448, .box_w = 28, .box_h = 28, .ofs_x = 0, .ofs_y = -3},
    {.bitmap_index = 9582, .adv_w = 448, .box_w = 28, .box_h = 28, .ofs_x = 0, .ofs_y = -3},
    {.bitmap_index = 9870, .adv_w = 448, .box_w = 27, .box_h = 28, .ofs_x = 1, .ofs_y = -3},
    {.bitmap_index = 10148, .adv_w = 448, .box_w = 28, .box_h = 27, .ofs_x = 0, .ofs_y = -3},
    {.bitmap_index = 10373, .adv_w = 448, .box_w = 28, .box_h = 28, .ofs_x = 0, .ofs_y = -3},
    {.bitmap_index = 10659, .adv_w = 448, .box_w = 28, .box_h = 28, .ofs_x = 0, .ofs_y = -4},
    {.bitmap_index = 10828, .adv_w = 448, .box_w = 28, .box_h = 25, .ofs_x = 0, .ofs_y = -1},
    {.bitmap_index = 10993, .adv_w = 448, .box_w = 28, .box_h = 27, .ofs_x = 0, .ofs_y = -3},
    {.bitmap_index = 11271, .adv_w = 448, .box_w = 28, .box_h = 28, .ofs_x = 0, .ofs_y = -3},
    {.bitmap_index = 11546, .adv_w = 448, .box_w = 27, .box_h = 27, .ofs_x = 0, .ofs_y = -3},
    {.bitmap_index = 11795, .adv_w = 448, .box_w = 28, .box_h = 27, .ofs_x = 0, .ofs_y = -3},
    {.bitmap_index = 12076, .adv_w = 448, .box_w = 27, .box_h = 27, .ofs_x = 1, .ofs_y = -3},
    {.bitmap_index = 12363, .adv_w = 448, .box_w = 28, .box_h = 28, .ofs_x = 0, .ofs_y = -3},
    {.bitmap_index = 12707, .adv_w = 448, .box_w = 30, .box_h = 27, .ofs_x = 0, .ofs_y = -3},
    {.bitmap_index = 13008, .adv_w = 448, .box_w = 28, .box_h = 27, .ofs_x = 0, .ofs_y = -3},
    {.bitmap_index = 13277, .adv_w = 448, .box_w = 27, .box_h = 27, .ofs_x = 1, .ofs_y = -3},
    {.bitmap_index = 13570, .adv_w = 448, .box_w = 27, .box_h = 27, .ofs_x = 1, .ofs_y = -3},
    {.bitmap_index = 13805, .adv_w = 448, .box_w = 28, .box_h = 26, .ofs_x = 0, .ofs_y = -2},
    {.bitmap_index = 13982, .adv_w = 448, .box_w = 27, .box_h = 27, .ofs_x = 1, .ofs_y = -3},
    {.bitmap_index = 14214, .adv_w = 448, .box_w = 28, .box_h = 28, .ofs_x = 0, .ofs_y = -4},
    {.bitmap_index = 14487, .adv_w = 448, .box_w = 27, .box_h = 26, .ofs_x = 1, .ofs_y = -2},
    {.bitmap_index = 14698, .adv_w = 448, .box_w = 26, .box_h = 27, .ofs_x = 2, .ofs_y = -3},
    {.bitmap_index = 14902, .adv_w = 448, .box_w = 10, .box_h = 27, .ofs_x = 17, .ofs_y = -3},
    {.bitmap_index = 14996, .adv_w = 448, .box_w = 10, .box_h = 27, .ofs_x = 1, .ofs_y = -3},
    {.bitmap_index = 15090, .adv_w = 448, .box_w = 6, .box_h = 12, .ofs_x = 1, .ofs_y = -7},
    {.bitmap_index = 15123, .adv_w = 448, .box_w = 5, .box_h = 17, .ofs_x = 5, .ofs_y = 0},
    {.bitmap_index = 15157, .adv_w = 448, .box_w = 7, .box_h = 22, .ofs_x = 4, .ofs_y = -5},
    {.bitmap_index = 15218, .adv_w = 448, .box_w = 14, .box_h = 23, .ofs_x = 0, .ofs_y = -1}
};

/*---------------------
 *  CHARACTER MAPPING
 *--------------------*/

static const uint8_t glyph_id_ofs_list_0[] = {
    0, 1, 0, 0, 0, 2, 0, 0,
    0, 0, 0, 3, 0, 4, 5, 6,
    7, 8, 9, 10, 11, 12, 13, 14,
    15, 16, 17, 0, 18, 0, 19
};

static const uint16_t unicode_list_3[] = {
    0x00, 0x3b, 0x1f97, 0x1f98, 0x1faa, 0x2f85, 0x2f8e, 0x2f8f,
    0x2f94, 0x2f95, 0x564e, 0x5adc, 0x5d87, 0x5f09, 0x61ef, 0x6353,
    0x6534, 0x66e5, 0x671b, 0x6c9f, 0x71cb, 0x74a3, 0x7785, 0x77f2,
    0x7acd, 0x7ca4, 0x7e78, 0x7e97, 0x807a, 0x8230, 0x82f3, 0x832f,
    0x8903, 0x8b28, 0x914e, 0x9151, 0x95c3, 0xfe8c, 0xfe8d, 0xfe90,
    0xfe9e, 0xfe9f, 0xfea3
};

/*Collect the unicode lists and glyph_id offsets*/
static const lv_font_fmt_txt_cmap_t cmaps[] =
{
    {
        .range_start = 32, .range_length = 31, .glyph_id_start = 1,
        .unicode_list = NULL, .glyph_id_ofs_list = glyph_id_ofs_list_0, .list_length = 31, .type = LV_FONT_FMT_TXT_CMAP_FORMAT0_FULL
    },
    {
        .range_start = 65, .range_length = 26, .glyph_id_start = 21,
        .unicode_list = NULL, .glyph_id_ofs_list = NULL, .list_length = 0, .type = LV_FONT_FMT_TXT_CMAP_FORMAT0_TINY
    },
    {
        .range_start = 97, .range_length = 26, .glyph_id_start = 47,
        .unicode_list = NULL, .glyph_id_ofs_list = NULL, .list_length = 0, .type = LV_FONT_FMT_TXT_CMAP_FORMAT0_TINY
    },
    {
        .range_start = 124, .range_length = 65188, .glyph_id_start = 73,
        .unicode_list = unicode_list_3, .glyph_id_ofs_list = NULL, .list_length = 43, .type = LV_FONT_FMT_TXT_CMAP_SPARSE_TINY
    }
};



/*--------------------
 *  ALL CUSTOM DATA
 *--------------------*/

#if LVGL_VERSION_MAJOR == 8
/*Store all the custom data of the font*/
static  lv_font_fmt_txt_glyph_cache_t cache;
#endif

#if LVGL_VERSION_MAJOR >= 8
static const lv_font_fmt_txt_dsc_t font_dsc = {
#else
static lv_font_fmt_txt_dsc_t font_dsc = {
#endif
    .glyph_bitmap = glyph_bitmap,
    .glyph_dsc = glyph_dsc,
    .cmaps = cmaps,
    .kern_dsc = NULL,
    .kern_scale = 0,
    .cmap_num = 4,
    .bpp = 4,
    .kern_classes = 0,
    .bitmap_format = 1,
#if LVGL_VERSION_MAJOR == 8
    .cache = &cache
#endif

};



/*-----------------
 *  PUBLIC FONT
 *----------------*/

/*Initialize a public general font descriptor*/
#if LVGL_VERSION_MAJOR >= 8
const lv_font_t lv_font_SourceHanSerifSC_28 = {
#else
lv_font_t lv_font_SourceHanSerifSC_28 = {
#endif
    .get_glyph_dsc = lv_font_get_glyph_dsc_fmt_txt,    /*Function pointer to get glyph's data*/
    .get_glyph_bitmap = lv_font_get_bitmap_fmt_txt,    /*Function pointer to get glyph's bitmap*/
    .line_height = 33,          /*The maximum line height required by the font*/
    .base_line = 8,             /*Baseline measured from the bottom of the line*/
#if !(LVGL_VERSION_MAJOR == 6 && LVGL_VERSION_MINOR == 0)
    .subpx = LV_FONT_SUBPX_NONE,
#endif
#if LV_VERSION_CHECK(7, 4, 0) || LVGL_VERSION_MAJOR >= 8
    .underline_position = -2,
    .underline_thickness = 1,
#endif

#if LV_VERSION_CHECK(9, 3, 0)
    .static_bitmap = 0,    /*Bitmaps are stored as const so they are always static if not compressed */
#endif

    .dsc = &font_dsc,          /*The custom font data. Will be accessed by `get_glyph_bitmap/dsc` */
#if LV_VERSION_CHECK(8, 2, 0) || LVGL_VERSION_MAJOR >= 9
    .fallback = NULL,
#endif
    .user_data = NULL,
};



#endif /*#if LV_FONT_SOURCEHANSERIFSC_28*/
