/*******************************************************************************
 * Size: 16 px
 * Bpp: 4
 * Opts: --size 16 --bpp 4 --format lvgl --font D:\Renesas_project\26renesascup_smartmedicine_Ra8p1\gui\RA8P1\resources\font\SourceHanSerifSC-Bold.otf --symbols 0123456789ABCDEFGHIJKLMNOPQRSTUVWXYZabcdefghijklmnopqrstuvwxyz +-.:|/%<>系统离线安全·高效可追溯需要认证内容药品合计重新扫描按坐标依次取摄像头上结果剂量批有期后进行存、查阅日志和设备管理师工号登录密码退出核对数入看整单明细记电机与网络已验目仓库操作当前位状态械臂确将执总成功异常…：（）；，—–【】《》？!条在运未请先账余盒种待或错误 --no-kerning --lv-include lvgl.h --lv-font-name lv_font_SourceHanSerifSC_16 -o D:\Renesas_project\26renesascup_smartmedicine_Ra8p1\gui\RA8P1\generated\assets\fonts\lv_font_SourceHanSerifSC_16.c
 ******************************************************************************/

#ifdef __has_include
    #if __has_include("lvgl.h")
        #ifndef LV_LVGL_H_INCLUDE_SIMPLE
            #define LV_LVGL_H_INCLUDE_SIMPLE
        #endif
    #endif
#endif

#ifdef LV_LVGL_H_INCLUDE_SIMPLE
    #include "lvgl.h"
#else
    #include "lvgl.h"
#endif



#ifndef LV_FONT_SOURCEHANSERIFSC_16
#define LV_FONT_SOURCEHANSERIFSC_16 1
#endif

#if LV_FONT_SOURCEHANSERIFSC_16

/*-----------------
 *    BITMAPS
 *----------------*/

/*Store the image of the glyphs*/
static LV_ATTRIBUTE_LARGE_CONST const uint8_t glyph_bitmap[] = {
    /* U+0020 " " */

    /* U+0021 "!" */
    0x2e, 0xb0, 0x41, 0x41, 0x30, 0x00, 0xb8, 0x10,
    0x10, 0xa0, 0x01, 0x7c, 0x00, 0x44, 0x00, 0x7a,
    0x80, 0x18, 0x40, 0x10, 0xa0, 0xcf, 0x42, 0x84,
    0xa2,

    /* U+0025 "%" */
    0x03, 0xa8, 0x90, 0x0f, 0x38, 0x06, 0xde, 0x85,
    0x60, 0x0c, 0xa2, 0x01, 0x18, 0xb0, 0x36, 0x80,
    0x43, 0xec, 0x01, 0x38, 0x18, 0x1b, 0x80, 0x51,
    0x60, 0x19, 0x80, 0xc0, 0xd8, 0x00, 0xbe, 0x2e,
    0xe3, 0x02, 0x34, 0x04, 0xe0, 0x1f, 0x6b, 0x17,
    0xd2, 0x0d, 0x17, 0xa4, 0x08, 0xb2, 0x44, 0x02,
    0xd0, 0x0b, 0xb9, 0x01, 0x7c, 0x58, 0x0c, 0x04,
    0xc0, 0x38, 0x7d, 0x80, 0x40, 0x33, 0x80, 0x75,
    0xd8, 0x00, 0xc0, 0x60, 0x2c, 0x01, 0x97, 0x04,
    0x00, 0x64, 0xe0, 0xbc, 0x01, 0x0f, 0xb0, 0x06,
    0xef, 0x86, 0x40, 0x09, 0x2c, 0x03, 0x8e, 0xa2,
    0x00,

    /* U+002B "+" */
    0x00, 0xff, 0xe1, 0x4a, 0x00, 0x7f, 0xf5, 0x97,
    0x32, 0x79, 0xcc, 0x85, 0x73, 0x27, 0x9c, 0xc8,
    0x40, 0x3f, 0xf9, 0x82, 0xe0, 0x18,

    /* U+002D "-" */
    0x4f, 0xfc, 0x69, 0xdd, 0x8c,

    /* U+002E "." */
    0x18, 0x49, 0x79, 0xb1, 0x50,

    /* U+002F "/" */
    0x00, 0xee, 0x00, 0xe5, 0x40, 0x0e, 0xff, 0x00,
    0x72, 0x28, 0x06, 0x35, 0x00, 0xeb, 0xd0, 0x0e,
    0x54, 0x00, 0xc4, 0x04, 0x01, 0x91, 0x40, 0x3b,
    0x6c, 0x03, 0x94, 0xc0, 0x32, 0xa0, 0x07, 0x7f,
    0x80, 0x39, 0x10, 0x01, 0x8c, 0x84, 0x03, 0x5d,
    0x80, 0x38,

    /* U+0030 "0" */
    0x00, 0x15, 0x4d, 0x30, 0x04, 0x38, 0x53, 0x73,
    0x00, 0x08, 0x1a, 0x01, 0x57, 0x10, 0x61, 0x20,
    0x06, 0x83, 0x08, 0x18, 0x04, 0x41, 0xc4, 0x02,
    0x01, 0x08, 0x10, 0x07, 0xf1, 0x00, 0x80, 0x42,
    0x04, 0x20, 0x60, 0x11, 0x07, 0x03, 0x09, 0x00,
    0x34, 0x18, 0x20, 0x68, 0x05, 0x5c, 0x40, 0x70,
    0xe6, 0xe2, 0x00,

    /* U+0031 "1" */
    0x00, 0xc4, 0x01, 0x3d, 0xfe, 0x88, 0x01, 0x64,
    0x03, 0x88, 0xc0, 0x3f, 0x84, 0x03, 0xff, 0xac,
    0x20, 0x1f, 0xe3, 0x00, 0xe9, 0xe0, 0x05, 0x38,

    /* U+0032 "2" */
    0x00, 0x33, 0xce, 0xd1, 0x00, 0x22, 0x5a, 0x79,
    0x7c, 0x00, 0xc6, 0x20, 0x62, 0x46, 0x1b, 0xa0,
    0x0e, 0x70, 0x31, 0x00, 0x10, 0x89, 0x00, 0x3a,
    0x02, 0x80, 0x39, 0x55, 0x48, 0x01, 0x8e, 0xec,
    0xa0, 0x18, 0xbf, 0x10, 0x03, 0x0c, 0xe9, 0x00,
    0x76, 0xbd, 0x5d, 0xe8, 0x03, 0x32, 0x27, 0x18,

    /* U+0033 "3" */
    0x00, 0x3c, 0x4e, 0xd1, 0x00, 0x22, 0x13, 0x2e,
    0x5f, 0x00, 0x7b, 0x88, 0x18, 0x11, 0x01, 0xe0,
    0x03, 0x88, 0x03, 0xa4, 0x28, 0x03, 0x4f, 0x25,
    0xa8, 0x06, 0x9e, 0xab, 0xa0, 0x0f, 0x39, 0x2a,
    0x80, 0xc0, 0x33, 0x86, 0x9e, 0x38, 0x04, 0xc1,
    0xc6, 0x58, 0x00, 0x33, 0x13, 0x86, 0x13, 0xd7,
    0x36, 0x08,

    /* U+0034 "4" */
    0x00, 0xe8, 0xf4, 0x00, 0xf1, 0xb0, 0x07, 0xea,
    0x40, 0x0f, 0x9e, 0xc0, 0x3e, 0x20, 0x20, 0x0f,
    0xad, 0xc0, 0x3e, 0x6a, 0x00, 0xf8, 0x7c, 0x84,
    0x40, 0x01, 0x10, 0x33, 0x3b, 0xa5, 0x0a, 0xe1,
    0x5b, 0xbc, 0x60, 0xf6, 0x24, 0x89, 0x98, 0x31,
    0x00, 0x3f, 0xe0,

    /* U+0035 "5" */
    0x00, 0x7f, 0xf9, 0x00, 0x44, 0x89, 0xce, 0x06,
    0xf7, 0x7c, 0x60, 0x3c, 0x01, 0xf3, 0xdd, 0xb6,
    0xdc, 0x02, 0x4e, 0xbd, 0x28, 0xd0, 0x08, 0x80,
    0x12, 0x44, 0x60, 0x0f, 0x38, 0x78, 0x38, 0x80,
    0x79, 0x21, 0x80, 0x27, 0x0c, 0x42, 0xc0, 0x02,
    0x92, 0x28, 0x61, 0x45, 0x4c, 0x58, 0x00,

    /* U+0036 "6" */
    0x00, 0xe2, 0x88, 0x08, 0x06, 0x8f, 0xb8, 0x10,
    0x00, 0xe1, 0xe9, 0x80, 0x6a, 0x2a, 0x00, 0xe5,
    0x49, 0x10, 0x0e, 0x80, 0x1a, 0xdb, 0x30, 0x12,
    0x03, 0xaf, 0x5c, 0x22, 0x00, 0xa8, 0x13, 0x05,
    0x80, 0x04, 0x02, 0xd0, 0x52, 0x00, 0x08, 0x06,
    0x71, 0x30, 0x50, 0x01, 0x06, 0x07, 0x87, 0x00,
    0x2c, 0x5c, 0x0f, 0x46, 0xa8, 0xde, 0x00,

    /* U+0037 "7" */
    0x1f, 0xff, 0x94, 0x51, 0x3c, 0x2c, 0x17, 0x7e,
    0x53, 0x00, 0xf3, 0xe8, 0x07, 0xd2, 0xe0, 0x1e,
    0x84, 0x10, 0x0e, 0x17, 0xe0, 0x0f, 0x48, 0xa0,
    0x07, 0x0b, 0xb0, 0x07, 0xa4, 0x28, 0x03, 0x85,
    0xd0, 0x80, 0x3a, 0x03, 0x80, 0x30,

    /* U+0038 "8" */
    0x00, 0x2d, 0xc5, 0x50, 0x80, 0x0b, 0x51, 0x0a,
    0x7f, 0x00, 0x70, 0x18, 0x01, 0x08, 0x80, 0xe0,
    0x60, 0x18, 0x82, 0xc3, 0x88, 0x12, 0xc0, 0x0e,
    0xa5, 0xb9, 0x08, 0x01, 0x43, 0xb1, 0xd4, 0x00,
    0x17, 0x22, 0x70, 0x1d, 0x42, 0x94, 0x00, 0x70,
    0x18, 0x20, 0x1c, 0x40, 0x22, 0x34, 0x10, 0x06,
    0x0d, 0x06, 0xb6, 0xcc, 0x8f, 0x08,

    /* U+0039 "9" */
    0x00, 0x2e, 0x4d, 0x40, 0x04, 0xd5, 0x32, 0xb6,
    0xb0, 0x04, 0x82, 0x80, 0xa2, 0x0c, 0x80, 0x80,
    0x2d, 0x0a, 0x10, 0x30, 0x08, 0x40, 0x88, 0x02,
    0x20, 0x0e, 0x17, 0x0b, 0x00, 0x78, 0x10, 0x44,
    0x8e, 0x42, 0x87, 0x80, 0x1a, 0xf2, 0x0c, 0x58,
    0x03, 0x9c, 0x2c, 0x03, 0x92, 0x20, 0xa0, 0x19,
    0xe7, 0x1c, 0x02, 0x28, 0x3d, 0x30, 0x08,

    /* U+003A ":" */
    0x3e, 0x8b, 0x16, 0x97, 0xa1, 0x84, 0x00, 0xf0,
    0xc2, 0x4b, 0xcd, 0x8a, 0x80,

    /* U+003C "<" */
    0x00, 0xfc, 0x20, 0x1e, 0x6d, 0x50, 0x0c, 0x99,
    0xda, 0x80, 0x03, 0xbd, 0xd4, 0x00, 0x55, 0x33,
    0x08, 0x04, 0x22, 0x33, 0x00, 0x70, 0xde, 0xea,
    0x00, 0x3c, 0x99, 0xd8, 0xc0, 0x1e, 0x6c, 0x1d,
    0x40, 0x0f, 0x3e, 0x30,

    /* U+003E ">" */
    0x20, 0x0f, 0xae, 0xc6, 0x01, 0xd3, 0x28, 0xa1,
    0x00, 0xc5, 0x73, 0x50, 0x01, 0xc7, 0x79, 0x86,
    0x00, 0xe7, 0x70, 0x80, 0x45, 0x53, 0x4e, 0x03,
    0x33, 0x50, 0x84, 0x6e, 0xac, 0xc0, 0x2b, 0xc4,
    0x00, 0xe0,

    /* U+0041 "A" */
    0x00, 0xed, 0xd0, 0x07, 0xf1, 0x91, 0x0c, 0x03,
    0xf2, 0x40, 0x58, 0x07, 0xef, 0x50, 0x60, 0x0f,
    0x8f, 0x48, 0x82, 0x60, 0x1e, 0xb5, 0x05, 0x0a,
    0x00, 0xf0, 0x80, 0x2c, 0x1c, 0x03, 0x8c, 0xa2,
    0x16, 0x02, 0x60, 0x1a, 0xea, 0x22, 0x60, 0xa0,
    0x0c, 0x62, 0x01, 0x68, 0x38, 0x04, 0x66, 0x00,
    0xc8, 0x02, 0x81, 0x1c, 0xb0, 0x00, 0x3a, 0x00,
    0x4b, 0x80,

    /* U+0042 "B" */
    0x29, 0xef, 0xda, 0xbd, 0x81, 0x02, 0x92, 0x05,
    0xab, 0xa7, 0xa0, 0x0f, 0xca, 0x08, 0x01, 0xf8,
    0x40, 0x40, 0x3e, 0x18, 0x2d, 0x00, 0xe4, 0x9f,
    0x09, 0x30, 0x0e, 0x49, 0xed, 0xbb, 0x00, 0x7e,
    0x64, 0x44, 0x00, 0x7e, 0x20, 0x30, 0x0f, 0xc4,
    0x04, 0x01, 0xf1, 0xa0, 0xc1, 0x49, 0x02, 0xcd,
    0x7b, 0xf8, 0x80,

    /* U+0043 "C" */
    0x00, 0x86, 0x2e, 0xa6, 0x9c, 0x40, 0x0b, 0xe9,
    0x54, 0x9b, 0x87, 0x02, 0xa1, 0xd1, 0x00, 0x09,
    0x80, 0x24, 0x1c, 0x40, 0x34, 0xa8, 0x20, 0x68,
    0x07, 0x29, 0x90, 0x01, 0x80, 0x3f, 0xf8, 0xc4,
    0x00, 0x60, 0x0f, 0xc6, 0x1a, 0x01, 0xc8, 0x80,
    0xf0, 0x71, 0x00, 0xdd, 0x80, 0x72, 0x1a, 0x40,
    0x12, 0x00, 0x4d, 0xcb, 0x37, 0x35, 0x32,

    /* U+0044 "D" */
    0x29, 0xef, 0xda, 0xbb, 0x38, 0x04, 0x52, 0x40,
    0xb5, 0x71, 0x3a, 0x40, 0x1f, 0x8e, 0x8b, 0x80,
    0x3f, 0x90, 0x8d, 0x80, 0x3f, 0x9c, 0x3c, 0x03,
    0xf8, 0x81, 0x40, 0x3f, 0xf9, 0x24, 0x0a, 0x01,
    0xfc, 0xe1, 0x80, 0x1f, 0x94, 0x8d, 0x40, 0x3e,
    0x3b, 0x3e, 0x02, 0x92, 0x05, 0x9a, 0x98, 0xc2,
    0x00,

    /* U+0045 "E" */
    0x29, 0xef, 0xd9, 0x9b, 0xa8, 0xa4, 0x81, 0x66,
    0x67, 0x00, 0xfe, 0xc0, 0x0f, 0xe5, 0x80, 0x0f,
    0xb4, 0x08, 0x03, 0x24, 0x49, 0x80, 0x79, 0x22,
    0x4c, 0x03, 0xf9, 0x80, 0x3f, 0xac, 0x04, 0x03,
    0xfb, 0x80, 0x3f, 0x20, 0x14, 0x90, 0x2c, 0xcd,
    0x00,

    /* U+0046 "F" */
    0x29, 0xef, 0xd9, 0x9b, 0xac, 0xa4, 0x81, 0x66,
    0x73, 0x80, 0x7e, 0x40, 0x0f, 0xe3, 0xe0, 0x0f,
    0xb4, 0x08, 0x03, 0x24, 0x49, 0x80, 0x79, 0x22,
    0x4c, 0x03, 0xf8, 0x40, 0x3f, 0xb0, 0x03, 0xff,
    0x94, 0x52, 0x40, 0xb2, 0x40, 0x10,

    /* U+0047 "G" */
    0x00, 0x86, 0x2e, 0xa6, 0xa0, 0x40, 0x25, 0xf4,
    0x9a, 0x9a, 0x79, 0x00, 0x15, 0x0e, 0x90, 0x04,
    0x9e, 0x00, 0x90, 0x61, 0x00, 0xde, 0x60, 0x04,
    0x0c, 0x00, 0xe4, 0x40, 0x10, 0x01, 0x80, 0x3f,
    0xf8, 0x43, 0x37, 0xba, 0x72, 0x00, 0x30, 0x00,
    0x67, 0x48, 0x1c, 0x10, 0x30, 0x03, 0xc2, 0x00,
    0x90, 0x61, 0x00, 0x8c, 0x03, 0x15, 0x0e, 0x10,
    0x07, 0xe5, 0xf5, 0x9b, 0x9f, 0x7d, 0x00,

    /* U+0048 "H" */
    0x29, 0xef, 0xd8, 0x01, 0x8e, 0xfd, 0x80, 0x29,
    0x20, 0x58, 0x01, 0x85, 0x04, 0x80, 0x0f, 0xfe,
    0xd0, 0x80, 0x7e, 0x48, 0x8c, 0xe0, 0x1f, 0x92,
    0x23, 0x38, 0x07, 0xff, 0x74, 0x40, 0x3f, 0xf8,
    0xc5, 0x46, 0x0b, 0x20, 0x32, 0xa0, 0xf2, 0x00,

    /* U+0049 "I" */
    0x29, 0xef, 0xd9, 0x02, 0x92, 0x04, 0x90, 0x0f,
    0xf3, 0x80, 0x80, 0x7f, 0xf6, 0xdc, 0x04, 0x03,
    0xf8, 0xa4, 0x81, 0x24, 0x00,

    /* U+004A "J" */
    0x02, 0x9d, 0xfe, 0x92, 0x02, 0x9a, 0x02, 0x92,
    0x00, 0xff, 0x84, 0x03, 0xff, 0xca, 0xe0, 0x1f,
    0xfc, 0x11, 0x02, 0x00, 0xef, 0x0a, 0x00, 0x37,
    0xc1, 0xa9, 0x80, 0x15, 0x11, 0x94, 0x01, 0x00,

    /* U+004B "K" */
    0x29, 0xef, 0xd9, 0x03, 0xaf, 0xa6, 0x02, 0x92,
    0x0a, 0x90, 0x3f, 0x9a, 0x60, 0x0f, 0xc7, 0x8c,
    0x01, 0xfc, 0x33, 0x20, 0x0f, 0xf5, 0x60, 0x07,
    0xfa, 0x12, 0x00, 0x3f, 0xaf, 0x48, 0x5c, 0x03,
    0xf2, 0xaa, 0x02, 0x04, 0x03, 0xee, 0x05, 0x20,
    0x80, 0x0f, 0xf4, 0x83, 0x10, 0x07, 0xf2, 0x18,
    0x40, 0x00, 0xa4, 0x82, 0x9c, 0x14, 0x00, 0xb2,
    0x40,

    /* U+004C "L" */
    0x29, 0xef, 0xd9, 0x10, 0x08, 0xa4, 0x81, 0x64,
    0x40, 0x3f, 0xff, 0x62, 0xa0, 0x1f, 0x93, 0x80,
    0x3f, 0x60, 0x14, 0x90, 0x2c, 0xcc, 0xe0,

    /* U+004D "M" */
    0x39, 0xef, 0xc0, 0x0f, 0x67, 0xf4, 0x91, 0xca,
    0x81, 0x90, 0x06, 0x23, 0x02, 0x92, 0x00, 0x11,
    0x85, 0x00, 0x6a, 0x50, 0x0f, 0x1d, 0x03, 0x00,
    0x62, 0xd0, 0x0f, 0x9c, 0x05, 0x00, 0x09, 0x80,
    0x1f, 0x85, 0x43, 0x80, 0x1a, 0xde, 0x01, 0xe1,
    0x0e, 0x05, 0x10, 0x0e, 0x70, 0x0f, 0x21, 0x03,
    0xb6, 0x80, 0x4e, 0x01, 0xf5, 0x05, 0x62, 0x00,
    0x7f, 0xcc, 0x06, 0x40, 0x1f, 0xfc, 0x01, 0x40,
    0xa0, 0x0f, 0x92, 0x96, 0x98, 0x38, 0xc8, 0x25,
    0x40, 0xa4, 0x80,

    /* U+004E "N" */
    0x29, 0xff, 0x40, 0x04, 0xf5, 0xd4, 0x85, 0x24,
    0x0e, 0x60, 0x07, 0xa4, 0xa4, 0x00, 0x3a, 0x07,
    0x00, 0x7f, 0xa8, 0x0a, 0x40, 0x3f, 0x08, 0xa4,
    0x19, 0x00, 0x3f, 0x99, 0x02, 0x84, 0x03, 0xfa,
    0x84, 0x56, 0x01, 0xe7, 0x00, 0x0d, 0x82, 0xa8,
    0x03, 0xf9, 0x54, 0x16, 0x20, 0x1f, 0xd6, 0x22,
    0x50, 0x0f, 0xe1, 0xa0, 0x0c, 0x76, 0x77, 0x20,
    0x12, 0x30, 0x04,

    /* U+004F "O" */
    0x00, 0x8a, 0xaa, 0xb8, 0x00, 0xe7, 0xdd, 0x55,
    0x4b, 0xa4, 0x00, 0x38, 0x37, 0x00, 0x0f, 0x17,
    0x00, 0x3c, 0x2c, 0x03, 0x18, 0x9a, 0x81, 0x81,
    0x80, 0x72, 0x86, 0x90, 0x01, 0xc0, 0x38, 0x40,
    0xc0, 0x3f, 0xf8, 0x04, 0x00, 0x70, 0x0e, 0x10,
    0x30, 0x30, 0x30, 0x0e, 0x50, 0xd0, 0xf0, 0xb0,
    0x0c, 0x82, 0x6a, 0x07, 0x06, 0xe0, 0x01, 0x92,
    0xe0, 0x09, 0xf3, 0x6e, 0xa8, 0xba, 0x40,

    /* U+0050 "P" */
    0x29, 0xef, 0xd9, 0xbc, 0x60, 0x01, 0x49, 0x02,
    0xcd, 0xda, 0x68, 0x03, 0xf3, 0x82, 0x88, 0x07,
    0xe1, 0x02, 0x00, 0xf8, 0x44, 0x04, 0x01, 0xe1,
    0xa0, 0x91, 0x00, 0xcb, 0x36, 0x7c, 0xc0, 0x1c,
    0xb3, 0x50, 0x20, 0x1f, 0xfd, 0x72, 0xa2, 0x06,
    0xa2, 0x00, 0xc0,

    /* U+0051 "Q" */
    0x00, 0x8a, 0xaa, 0xb7, 0x00, 0xe6, 0xd2, 0xaa,
    0xa7, 0x44, 0x00, 0x52, 0x50, 0x00, 0x1a, 0x2a,
    0x00, 0x48, 0x28, 0x06, 0x41, 0x44, 0x02, 0x06,
    0x00, 0x72, 0x86, 0x08, 0x01, 0xc0, 0x38, 0x40,
    0x88, 0x00, 0x10, 0x0e, 0x30, 0x63, 0x00, 0x30,
    0x07, 0x10, 0x30, 0x08, 0x08, 0x07, 0x30, 0x68,
    0x48, 0x78, 0x06, 0x12, 0x06, 0x07, 0x25, 0x20,
    0x0a, 0x42, 0x44, 0x01, 0xa9, 0xea, 0x50, 0xf2,
    0xc0, 0x1a, 0xfe, 0xf4, 0x3d, 0x80, 0x3c, 0x48,
    0x1e, 0x01, 0xfd, 0x01, 0x24, 0x01, 0xf8, 0xb5,
    0x3e, 0xe0, 0x00,

    /* U+0052 "R" */
    0x29, 0xef, 0xd9, 0xbd, 0x92, 0x00, 0x14, 0x90,
    0x2c, 0xdf, 0x36, 0x08, 0x07, 0xe3, 0x30, 0xa0,
    0x07, 0xf0, 0x83, 0x00, 0x7e, 0x72, 0x73, 0x00,
    0xe4, 0x9e, 0xbc, 0x80, 0x0f, 0x24, 0xe1, 0xe9,
    0x00, 0x7e, 0x24, 0x1b, 0x00, 0xfe, 0xc0, 0x40,
    0x0f, 0xe4, 0x02, 0x00, 0xfe, 0x30, 0x02, 0x01,
    0xe9, 0x83, 0xe0, 0x02, 0x0a, 0xac,

    /* U+0053 "S" */
    0x00, 0x2e, 0x62, 0xad, 0xc0, 0x0d, 0x54, 0xca,
    0x98, 0x40, 0xb0, 0x60, 0x01, 0x0b, 0x81, 0x82,
    0x80, 0x5a, 0x60, 0x81, 0x4e, 0x00, 0x30, 0x05,
    0x98, 0x47, 0x40, 0x04, 0x39, 0x02, 0x27, 0xd1,
    0x00, 0x9f, 0xa4, 0x0a, 0xc1, 0x80, 0x26, 0x80,
    0x71, 0x91, 0x00, 0x8c, 0x1c, 0xc1, 0x00, 0x2e,
    0x09, 0x2a, 0xfa, 0xa6, 0x06, 0x98,

    /* U+0054 "T" */
    0x8f, 0x99, 0x6f, 0xf4, 0xcb, 0xa8, 0x56, 0x64,
    0x80, 0xb3, 0x26, 0x10, 0xc0, 0x0f, 0xb0, 0x29,
    0xc0, 0x3e, 0x4f, 0x31, 0x00, 0xfc, 0x80, 0x1f,
    0xff, 0x82, 0x94, 0x05, 0x93, 0x00, 0x00,

    /* U+0055 "U" */
    0x39, 0xff, 0x64, 0x00, 0x16, 0xba, 0x94, 0xe4,
    0x01, 0x50, 0x00, 0x5a, 0x5a, 0x50, 0x00, 0x80,
    0x7f, 0xf7, 0x0c, 0x03, 0x84, 0x03, 0xc6, 0x01,
    0xfe, 0x30, 0x0f, 0xfe, 0x03, 0x07, 0x00, 0x7f,
    0xb0, 0x18, 0x03, 0x2e, 0x00, 0x67, 0x21, 0xc5,
    0x37, 0x86, 0x00, 0xec, 0x61, 0xae, 0xe6, 0x00,
    0x40,

    /* U+0056 "V" */
    0x8e, 0xfe, 0x93, 0x02, 0x9d, 0xb5, 0x89, 0x00,
    0x49, 0x81, 0x48, 0xda, 0x83, 0x00, 0xa0, 0x04,
    0x2c, 0x01, 0x09, 0x86, 0x80, 0x4f, 0xe0, 0x1a,
    0x81, 0xc0, 0x2d, 0x50, 0x0c, 0xe0, 0x26, 0x02,
    0x20, 0x0e, 0x14, 0x0b, 0x07, 0xe0, 0x0f, 0x70,
    0x30, 0x62, 0x00, 0x79, 0x40, 0x50, 0xc0, 0x3f,
    0x28, 0x4e, 0x80, 0x7e, 0xf0, 0x34, 0x00, 0xfc,
    0xa0, 0xe0, 0x1c,

    /* U+0057 "W" */
    0x7d, 0xfe, 0x92, 0x09, 0xdf, 0xc8, 0x04, 0xaf,
    0xa3, 0x7b, 0x00, 0x49, 0x04, 0xb0, 0x5c, 0x02,
    0x42, 0xd1, 0x83, 0x80, 0x98, 0x04, 0x81, 0x80,
    0x12, 0x78, 0x04, 0x24, 0x08, 0x00, 0x47, 0x04,
    0x00, 0xb1, 0x00, 0x32, 0x86, 0x00, 0x36, 0x48,
    0x10, 0x00, 0x22, 0x00, 0xd8, 0x08, 0x00, 0x31,
    0x50, 0xd0, 0x3c, 0x00, 0xe4, 0x00, 0x19, 0x68,
    0x60, 0x20, 0x22, 0x00, 0x3c, 0xa0, 0x8a, 0xa0,
    0x40, 0x22, 0x69, 0x80, 0x7b, 0x02, 0xf4, 0x80,
    0x0a, 0x0a, 0x60, 0x1f, 0x38, 0x19, 0x80, 0x2f,
    0x08, 0xc0, 0x0f, 0x84, 0x83, 0x40, 0x24, 0x00,
    0x20, 0x07, 0xe5, 0x04, 0x00, 0x84, 0xcc, 0x20,
    0x18,

    /* U+0058 "X" */
    0x5c, 0xff, 0x52, 0x84, 0x66, 0x20, 0x17, 0x40,
    0x1a, 0xa1, 0x0d, 0x90, 0x00, 0x18, 0x08, 0x10,
    0x6f, 0x00, 0xe7, 0x20, 0x81, 0xf5, 0x00, 0xf4,
    0x83, 0x5c, 0x00, 0x7c, 0x88, 0x06, 0x10, 0x0f,
    0xdc, 0x06, 0xa0, 0x1f, 0xbd, 0xc2, 0xc0, 0x3e,
    0x89, 0x81, 0x14, 0x00, 0x71, 0x81, 0x84, 0x03,
    0x90, 0x06, 0x88, 0x00, 0x18, 0x82, 0x00, 0x0f,
    0x8b, 0x20, 0x08, 0x10, 0x5a, 0x30,

    /* U+0059 "Y" */
    0x6d, 0xff, 0x52, 0x02, 0xdf, 0x48, 0xb4, 0x80,
    0x25, 0x01, 0x76, 0x24, 0x41, 0x08, 0x20, 0x02,
    0xd6, 0x00, 0xd0, 0x08, 0x40, 0x9a, 0x01, 0xca,
    0x41, 0x61, 0xcc, 0x01, 0xe8, 0x06, 0x5d, 0x00,
    0xf9, 0x48, 0x2d, 0xc0, 0x3f, 0x28, 0x10, 0x07,
    0xf7, 0x80, 0x7f, 0xf2, 0xfc, 0x03, 0xf8, 0x65,
    0x40, 0xa5, 0x00, 0x20,

    /* U+005A "Z" */
    0x3f, 0xb9, 0x9a, 0xff, 0xca, 0xe1, 0x73, 0x31,
    0x01, 0x28, 0x18, 0x04, 0x6c, 0x12, 0x0d, 0xe0,
    0x17, 0x02, 0xa0, 0x11, 0x80, 0x1c, 0x82, 0xc0,
    0x38, 0x60, 0x20, 0x40, 0x3a, 0xc0, 0x9c, 0x03,
    0x91, 0x43, 0x80, 0x3d, 0x20, 0xa6, 0x00, 0x23,
    0x07, 0x21, 0xb0, 0x0a, 0xac, 0xa0, 0x20, 0x40,
    0x24, 0xfa, 0x00, 0x7c, 0xce, 0x30,

    /* U+0061 "a" */
    0x00, 0x44, 0x27, 0x64, 0x03, 0x5b, 0xc4, 0xd3,
    0x38, 0x04, 0xca, 0x00, 0x20, 0xc0, 0x0b, 0x68,
    0x0b, 0x41, 0xc0, 0x33, 0xda, 0x68, 0x07, 0x64,
    0x53, 0x08, 0x06, 0x33, 0x84, 0x03, 0xc2, 0x06,
    0x44, 0xd0, 0x10, 0x12, 0x81, 0xfa, 0x96, 0x39,
    0x10,

    /* U+0062 "b" */
    0x00, 0x0a, 0x00, 0x7c, 0x77, 0xd4, 0x01, 0xf1,
    0xc0, 0x07, 0xff, 0x5c, 0xf3, 0xf1, 0x40, 0x38,
    0x5f, 0x2c, 0xa9, 0x00, 0x39, 0x01, 0x18, 0x20,
    0x03, 0xf6, 0x01, 0x80, 0x7e, 0x70, 0x00, 0x80,
    0x7c, 0xe0, 0x01, 0x00, 0xfb, 0x01, 0x00, 0x39,
    0x45, 0x1c, 0x20, 0x13, 0x81, 0x1b, 0x6c, 0xf0,
    0xc0,

    /* U+0063 "c" */
    0x00, 0x15, 0x5c, 0x51, 0x80, 0x0f, 0x46, 0xe0,
    0x30, 0x43, 0x82, 0x00, 0x1e, 0x0a, 0x44, 0x03,
    0x00, 0x2f, 0xa3, 0x00, 0x7e, 0x70, 0x00, 0x80,
    0x71, 0x88, 0x30, 0x07, 0xac, 0x21, 0x84, 0xe4,
    0x81, 0x6d, 0x23, 0x26, 0xc8,

    /* U+0064 "d" */
    0x00, 0xf1, 0x34, 0x00, 0x7c, 0x97, 0x2c, 0x01,
    0xf2, 0x58, 0x07, 0xff, 0x41, 0x33, 0xf1, 0xc0,
    0x39, 0x6c, 0x73, 0x04, 0x01, 0xd6, 0x12, 0x60,
    0x80, 0x18, 0x84, 0x10, 0x03, 0xe7, 0x00, 0xff,
    0x30, 0x07, 0xf8, 0xc0, 0x08, 0x01, 0xfa, 0x02,
    0x4c, 0x6c, 0x03, 0x9e, 0x43, 0x6b, 0x00, 0x64,
    0x00,

    /* U+0065 "e" */
    0x00, 0x1d, 0xcd, 0x50, 0x40, 0x09, 0x87, 0x34,
    0xd8, 0x00, 0xa0, 0xa0, 0x02, 0x12, 0x90, 0x81,
    0x00, 0x04, 0x35, 0xc0, 0x11, 0x09, 0x53, 0xe6,
    0x00, 0x44, 0x27, 0x30, 0xc6, 0x20, 0xa0, 0x1e,
    0xb0, 0xb5, 0x13, 0x72, 0x05, 0xc5, 0xbf, 0x95,
    0x20,

    /* U+0066 "f" */
    0x00, 0x8e, 0xb7, 0x94, 0x00, 0x79, 0xdc, 0x0f,
    0x00, 0x78, 0x21, 0xf5, 0x00, 0x0c, 0x03, 0x92,
    0xc0, 0x15, 0x41, 0x04, 0x80, 0x05, 0x50, 0x40,
    0x3f, 0xfc, 0xa7, 0x20, 0x09, 0x40, 0x00,

    /* U+0067 "g" */
    0x01, 0x9b, 0x8c, 0x77, 0x69, 0x85, 0x35, 0x44,
    0xc7, 0x49, 0x0a, 0x10, 0x82, 0x02, 0xa0, 0x88,
    0x0c, 0x00, 0x40, 0x1c, 0xe2, 0x61, 0x61, 0x00,
    0x14, 0xad, 0xc0, 0xe2, 0x00, 0x5b, 0xd1, 0x09,
    0x30, 0x0c, 0x77, 0xbb, 0x5c, 0x08, 0x02, 0x80,
    0x8a, 0x47, 0xd0, 0x19, 0xef, 0xfb, 0x44, 0xc1,
    0xc4, 0x40, 0x11, 0x29, 0x01, 0x91, 0x00, 0x24,
    0x5e, 0x05, 0x8e, 0xaa, 0xb7, 0xcc, 0x00,

    /* U+0068 "h" */
    0x00, 0xff, 0x8e, 0xb7, 0xc0, 0x3e, 0x39, 0x21,
    0x00, 0xff, 0xeb, 0x4f, 0x71, 0x80, 0x38, 0x63,
    0x6c, 0x64, 0x80, 0x3a, 0x11, 0x4c, 0x1c, 0x03,
    0xf3, 0x81, 0x00, 0x7f, 0xf8, 0x4e, 0x40, 0x10,
    0x0e, 0xa1, 0x68,

    /* U+0069 "i" */
    0x02, 0xd9, 0x00, 0x98, 0x90, 0x02, 0x4c, 0xc0,
    0x06, 0x31, 0x00, 0x0a, 0xce, 0x80, 0x0f, 0x58,
    0x80, 0x05, 0x60, 0x1f, 0xf0, 0x80, 0x70, 0x80,
    0x7f, 0xf1, 0x0e, 0x40, 0x10, 0x00,

    /* U+006A "j" */
    0x00, 0x8f, 0xa0, 0x02, 0x61, 0x40, 0x09, 0x6f,
    0x40, 0x32, 0x08, 0x00, 0x5a, 0xb4, 0x00, 0x7c,
    0xa6, 0x00, 0x2c, 0x00, 0xff, 0x9c, 0x03, 0xff,
    0x8a, 0xe0, 0x1f, 0x18, 0x07, 0x08, 0x07, 0x22,
    0x3e, 0x0c, 0x61, 0x89, 0xb7, 0x00,

    /* U+006B "k" */
    0x00, 0xff, 0x8e, 0xb7, 0xc0, 0x3e, 0x39, 0x20,
    0x0f, 0xfe, 0xb8, 0xcf, 0x5c, 0x00, 0x78, 0x7e,
    0x6e, 0x00, 0x3c, 0xbe, 0xe0, 0x1f, 0x2d, 0x28,
    0x07, 0xe2, 0x13, 0x40, 0x0f, 0x9e, 0x42, 0x00,
    0x3f, 0x38, 0x9a, 0x00, 0x7e, 0x90, 0x80, 0x01,
    0xc8, 0x02, 0x01, 0xc4, 0xe8, 0xc0,

    /* U+006C "l" */
    0x00, 0xf1, 0xd6, 0xf8, 0x00, 0xe4, 0x80, 0x3f,
    0xfe, 0x67, 0x20, 0x08, 0x10,

    /* U+006D "m" */
    0x15, 0xab, 0x19, 0xec, 0x40, 0x8d, 0xe9, 0x00,
    0x16, 0x2a, 0xa3, 0x60, 0xea, 0x76, 0x41, 0x90,
    0x0f, 0x40, 0x65, 0x18, 0x45, 0x4a, 0x8e, 0x18,
    0x00, 0x70, 0x10, 0x08, 0xc0, 0x30, 0x80, 0x80,
    0x7f, 0xf3, 0x9c, 0x03, 0xff, 0x96, 0xe0, 0x20,
    0x1f, 0xfc, 0x03, 0xe0, 0x04, 0x04, 0x10, 0x71,
    0x2a, 0x81, 0x14,

    /* U+006E "n" */
    0x15, 0xab, 0x19, 0xee, 0x30, 0x00, 0xb1, 0x55,
    0x1b, 0x63, 0x22, 0x07, 0xa0, 0x09, 0x45, 0x30,
    0x50, 0x03, 0x80, 0x73, 0x81, 0x00, 0x7f, 0xf1,
    0xdc, 0x03, 0xff, 0x86, 0xe0, 0x20, 0x1f, 0x1f,
    0x00, 0x20, 0x1c, 0x82, 0x90,

    /* U+006F "o" */
    0x00, 0x1d, 0xcc, 0xac, 0x80, 0x24, 0xc3, 0x99,
    0x16, 0xa0, 0x02, 0x82, 0x80, 0x14, 0x14, 0x04,
    0x20, 0x40, 0x03, 0x01, 0x27, 0x00, 0xfc, 0xce,
    0x01, 0xf9, 0x88, 0x40, 0x80, 0x06, 0x02, 0x41,
    0x61, 0x40, 0x0a, 0x0a, 0x00, 0x2e, 0x1c, 0xc8,
    0xb1, 0x00,

    /* U+0070 "p" */
    0x15, 0xab, 0x3b, 0xfc, 0x50, 0x01, 0xea, 0xa3,
    0x5e, 0x15, 0x20, 0x15, 0x80, 0x14, 0x0d, 0x82,
    0x00, 0x3f, 0x60, 0x18, 0x07, 0xe7, 0x00, 0x08,
    0x07, 0xce, 0x00, 0x10, 0x0f, 0xb0, 0x10, 0x03,
    0x90, 0x55, 0xc2, 0x40, 0x30, 0x86, 0x52, 0x61,
    0x00, 0x72, 0x6f, 0xd9, 0x80, 0x7f, 0xf1, 0x04,
    0x03, 0xe3, 0x90, 0x04, 0x10, 0x07, 0x00,

    /* U+0071 "q" */
    0x00, 0x26, 0x7e, 0x19, 0x58, 0x04, 0xb6, 0x3b,
    0x89, 0xaa, 0x01, 0x58, 0x49, 0x02, 0x00, 0x63,
    0x10, 0x40, 0x0f, 0x98, 0x03, 0xfc, 0xc0, 0x1f,
    0xe2, 0x00, 0x20, 0x07, 0xc2, 0xe1, 0x26, 0x28,
    0x01, 0xd1, 0x00, 0xdb, 0x30, 0x0f, 0x3e, 0xf5,
    0x38, 0x07, 0xff, 0x4d, 0x24, 0x06, 0x00,

    /* U+0072 "r" */
    0x15, 0xab, 0x0a, 0xf8, 0x3c, 0x56, 0x92, 0x05,
    0x2d, 0x02, 0xe8, 0xdc, 0x07, 0x00, 0x30, 0x10,
    0x80, 0x42, 0x20, 0x0f, 0xfe, 0x43, 0x80, 0x80,
    0x63, 0xe0, 0x04, 0x98, 0x00,

    /* U+0073 "s" */
    0x02, 0xab, 0x9b, 0x60, 0x07, 0xb5, 0xcf, 0xc0,
    0x11, 0x00, 0x24, 0x60, 0x30, 0x3d, 0x82, 0x80,
    0x1b, 0x22, 0x3e, 0xc8, 0x01, 0x36, 0x90, 0x19,
    0x0a, 0x81, 0x6d, 0x40, 0x59, 0x40, 0x23, 0x14,
    0x56, 0xa9, 0xb2, 0xc1,

    /* U+0074 "t" */
    0x00, 0x2b, 0x00, 0x74, 0x50, 0x06, 0x22, 0x00,
    0x67, 0xe0, 0x2a, 0x90, 0x7a, 0x02, 0xa9, 0x00,
    0xff, 0xec, 0x90, 0x18, 0x90, 0x01, 0x18, 0x31,
    0x40,

    /* U+0075 "u" */
    0x00, 0x84, 0x03, 0x08, 0x01, 0x33, 0xf0, 0x01,
    0x1d, 0xc4, 0x04, 0xa0, 0x10, 0x04, 0x18, 0x07,
    0xf8, 0xc0, 0x3f, 0xf8, 0x0e, 0x01, 0xff, 0xcc,
    0x30, 0x10, 0x0f, 0xce, 0x05, 0x0b, 0x20, 0x1c,
    0x52, 0x2d, 0x92, 0x61, 0xe6,

    /* U+0076 "v" */
    0x1a, 0xff, 0x51, 0x84, 0x74, 0x88, 0xa8, 0x83,
    0x0c, 0x21, 0x24, 0x40, 0x14, 0x14, 0x00, 0x4f,
    0x00, 0xcc, 0x06, 0x41, 0x8a, 0x01, 0x85, 0x02,
    0x80, 0x3f, 0x70, 0x2a, 0x60, 0x07, 0x94, 0x4b,
    0x90, 0x03, 0xe6, 0x02, 0x00, 0xfd, 0x41, 0x40,
    0x18,

    /* U+0077 "w" */
    0x1a, 0xff, 0x49, 0x1d, 0xfd, 0xa1, 0x4f, 0x40,
    0xd0, 0x85, 0x11, 0x98, 0x0d, 0x0a, 0xa6, 0x00,
    0x0e, 0x16, 0x00, 0x20, 0x50, 0x02, 0x28, 0x05,
    0xa0, 0xa0, 0x58, 0x84, 0x61, 0xc4, 0x01, 0x20,
    0x90, 0xab, 0xe8, 0x58, 0xf0, 0x07, 0x38, 0x3f,
    0x8b, 0x82, 0xa2, 0x80, 0x76, 0x85, 0x70, 0x0a,
    0x17, 0x90, 0x07, 0x20, 0x9b, 0x80, 0x34, 0x08,
    0x03, 0xe7, 0x41, 0x00, 0x38, 0x50, 0x04,

    /* U+0078 "x" */
    0x6d, 0xfe, 0x60, 0x8e, 0x91, 0x69, 0x01, 0x50,
    0xb6, 0x91, 0x04, 0x50, 0xf0, 0x98, 0x00, 0xd6,
    0x27, 0x90, 0x01, 0xc3, 0x00, 0x66, 0x00, 0xf7,
    0x18, 0x50, 0x07, 0x2e, 0xf8, 0x22, 0x80, 0x43,
    0xea, 0x6c, 0x16, 0x00, 0x7d, 0x13, 0x10, 0x00,
    0xd9, 0x80,

    /* U+0079 "y" */
    0x09, 0xff, 0x51, 0x84, 0x64, 0x90, 0x49, 0x06,
    0x98, 0x42, 0xc9, 0x00, 0x2c, 0x2c, 0x00, 0x3c,
    0x01, 0x98, 0x0c, 0x81, 0x14, 0x03, 0x98, 0x28,
    0x08, 0x80, 0x1d, 0x60, 0xc2, 0x20, 0x0f, 0x11,
    0x8d, 0xb0, 0x07, 0xd2, 0x01, 0xfe, 0x51, 0xe0,
    0x0f, 0xe7, 0x40, 0x0f, 0xc3, 0xe0, 0x1e, 0xcf,
    0x58, 0x60, 0x0f, 0x28, 0x4d, 0x80, 0x78,

    /* U+007A "z" */
    0x4f, 0x98, 0x87, 0x7c, 0x89, 0xcc, 0x50, 0x84,
    0x0c, 0x80, 0x38, 0x20, 0x51, 0x41, 0x8c, 0x9c,
    0x02, 0x18, 0x0e, 0x00, 0xd0, 0x2a, 0x60, 0x11,
    0xb0, 0x58, 0x0e, 0x87, 0x04, 0x88, 0x20, 0xb1,
    0x07, 0x44, 0x25, 0xc0,

    /* U+007C "|" */
    0xd3, 0x00, 0xff, 0xeb, 0x00,

    /* U+00B7 "·" */
    0x18, 0x49, 0x79, 0xb1, 0x50,

    /* U+2013 "–" */
    0x4f, 0xff, 0xad, 0x3b, 0xbe, 0xa0,

    /* U+2014 "—" */
    0x4f, 0xff, 0xfe, 0x09, 0x27, 0x77, 0xff, 0x04,
    0x80,

    /* U+2026 "…" */
    0x1c, 0x50, 0x0a, 0x64, 0x01, 0x2e, 0x08, 0x10,
    0x06, 0x33, 0x00, 0x62, 0x00,

    /* U+3001 "、" */
    0x00, 0xe2, 0xc9, 0x20, 0x2e, 0x6d, 0x40, 0x27,
    0x08, 0x00, 0x49, 0x28,

    /* U+300A "《" */
    0x00, 0xc8, 0x22, 0x30, 0x0d, 0xa3, 0x24, 0x01,
    0x3d, 0x9f, 0x08, 0x00, 0x7c, 0xa9, 0x80, 0x29,
    0x92, 0xe8, 0x04, 0x5e, 0x38, 0x80, 0x15, 0xbb,
    0xac, 0x02, 0x5c, 0x1f, 0x20, 0x09, 0x8c, 0x44,
    0x01, 0x8f, 0xc3, 0xcc, 0x03, 0x44, 0x1a, 0x80,
    0x30, 0xf9, 0x53, 0x00, 0x67, 0xb3, 0xf0, 0x0e,
    0xc4, 0x87, 0x00, 0xcb, 0xa2, 0x04, 0x01, 0xac,
    0x1c, 0x00,

    /* U+300B "》" */
    0x31, 0x12, 0x00, 0x62, 0x91, 0xd0, 0x0c, 0x3c,
    0x74, 0xe0, 0x19, 0xa8, 0xfc, 0x40, 0x36, 0xac,
    0xc8, 0x03, 0x26, 0x0f, 0x90, 0x06, 0xb7, 0x75,
    0x80, 0x62, 0xf1, 0xc5, 0x00, 0xc2, 0x23, 0x60,
    0x08, 0xfc, 0x7c, 0xc0, 0x2a, 0x69, 0x80, 0x09,
    0xa8, 0xbc, 0x40, 0x2f, 0x3b, 0x70, 0x0a, 0x20,
    0x98, 0x01, 0x17, 0x8e, 0xa8, 0x06, 0x70, 0xb0,
    0x0c,

    /* U+3010 "【" */
    0xff, 0xdc, 0x60, 0x12, 0x71, 0x80, 0x0a, 0xc0,
    0x34, 0x80, 0x62, 0x40, 0x0c, 0x80, 0x1d, 0xc0,
    0x1c, 0x40, 0x1c, 0x40, 0x1d, 0xc0, 0x1c, 0x80,
    0x1c, 0x48, 0x01, 0xd2, 0x01, 0xc5, 0x60, 0x1c,
    0x9c, 0x60,

    /* U+3011 "】" */
    0x3e, 0xff, 0xc7, 0xc8, 0x01, 0xd6, 0x40, 0x1d,
    0x20, 0x1c, 0x84, 0x01, 0xc8, 0x01, 0xdc, 0x01,
    0xc4, 0x01, 0xc4, 0x01, 0xdc, 0x01, 0xc8, 0x01,
    0x90, 0x80, 0x34, 0x80, 0x6b, 0x20, 0x01, 0xf2,
    0x00, 0x40,

    /* U+4E0A "上" */
    0x00, 0xf2, 0xb1, 0x80, 0x7f, 0xf0, 0x66, 0x4c,
    0x01, 0xff, 0xc3, 0x10, 0x0f, 0xff, 0x32, 0x48,
    0x07, 0xfd, 0xae, 0xea, 0x6b, 0x00, 0xff, 0x6b,
    0xbb, 0xbe, 0xc0, 0x3f, 0xff, 0xe0, 0x18, 0x80,
    0x3f, 0xf8, 0x4f, 0xaa, 0x08, 0xef, 0xc8, 0xd8,
    0xef, 0x73, 0x60, 0x80,

    /* U+4E0E "与" */
    0x00, 0xd0, 0x82, 0x01, 0xff, 0xc0, 0x27, 0x91,
    0x00, 0xff, 0xe0, 0x30, 0x38, 0x07, 0x8e, 0x40,
    0x38, 0x80, 0x5d, 0xfd, 0xef, 0x60, 0x1b, 0xc3,
    0x9d, 0xfd, 0x9d, 0x60, 0x18, 0x81, 0xc0, 0x3c,
    0x40, 0x1c, 0x48, 0x0a, 0xef, 0xec, 0xd2, 0x00,
    0x8a, 0x5d, 0xfe, 0x61, 0x33, 0x00, 0x66, 0x80,
    0x0c, 0x20, 0x40, 0xa2, 0x01, 0xfd, 0x1c, 0x8a,
    0x04, 0x00, 0x27, 0x7f, 0xbe, 0x0b, 0xc3, 0x80,
    0x04, 0xef, 0xfc, 0xc8, 0x08, 0x01, 0xfc, 0x64,
    0x2c, 0x42, 0x60, 0x1f, 0xc4, 0x9d, 0x20, 0xc0,
    0x1f, 0xe1, 0x64, 0x17, 0x80, 0x08,

    /* U+4ED3 "仓" */
    0x00, 0xf0, 0xb8, 0x80, 0x7f, 0xf0, 0x62, 0x1c,
    0x80, 0x1f, 0xf1, 0x30, 0x57, 0x00, 0x7f, 0xdc,
    0x10, 0xb9, 0x62, 0x01, 0xfa, 0x4d, 0xdc, 0x0c,
    0x1e, 0xe0, 0x1e, 0x76, 0x98, 0x00, 0xa0, 0xe3,
    0xa9, 0x00, 0x0f, 0x41, 0xae, 0xfb, 0x45, 0x05,
    0xd4, 0x20, 0xb0, 0x15, 0xdf, 0x09, 0x5e, 0x70,
    0x8a, 0x14, 0x03, 0xf1, 0x81, 0x98, 0x04, 0x03,
    0xf0, 0x80, 0x80, 0x7f, 0xc5, 0x18, 0x0a, 0x02,
    0x01, 0xfc, 0x50, 0x66, 0xb0, 0x60, 0x0f, 0xfb,
    0xb0, 0x8e, 0xc0, 0x38, 0x40, 0x7f, 0xbb, 0xb0,
    0xe0, 0x03, 0xa8, 0xc8, 0xcf, 0x91, 0xa8, 0x00,

    /* U+4F4D "位" */
    0x00, 0x94, 0xc0, 0x25, 0x10, 0x0f, 0xea, 0xc8,
    0x00, 0x17, 0x28, 0x07, 0xc8, 0x03, 0x00, 0x06,
    0x0a, 0x00, 0xfb, 0x42, 0x40, 0x21, 0x42, 0x04,
    0xc1, 0x00, 0x9c, 0x15, 0xdf, 0x65, 0x3f, 0x3c,
    0x00, 0x10, 0x40, 0x5d, 0x9d, 0xf1, 0x7d, 0x48,
    0x02, 0x00, 0x04, 0x16, 0x01, 0xba, 0xa0, 0x00,
    0x8c, 0x40, 0x11, 0x48, 0x04, 0xc1, 0x60, 0x02,
    0xa1, 0x00, 0xb1, 0x8c, 0x00, 0x46, 0x40, 0x06,
    0x00, 0xe5, 0x09, 0x02, 0x09, 0x00, 0xfe, 0x10,
    0x40, 0x71, 0x50, 0x0f, 0xf0, 0x88, 0x36, 0x40,
    0x3f, 0xe3, 0x50, 0x27, 0x03, 0x00, 0xfe, 0xda,
    0x0c, 0x04, 0xc9, 0x00, 0xc4, 0x8e, 0xfc, 0x2e,
    0x71, 0xc2,

    /* U+4F59 "余" */
    0x00, 0xf1, 0xb9, 0x80, 0x7f, 0xf0, 0xbe, 0x35,
    0x00, 0x3f, 0xf8, 0x0c, 0x65, 0xfe, 0x20, 0x0f,
    0xf1, 0xc9, 0x60, 0xfe, 0xc9, 0x00, 0x7c, 0x7a,
    0x9a, 0x20, 0x92, 0xdb, 0x8e, 0x20, 0x11, 0xec,
    0xd8, 0x04, 0xf7, 0x44, 0x70, 0x80, 0x06, 0xac,
    0x17, 0x77, 0x73, 0xd4, 0xf5, 0xa5, 0x40, 0x9e,
    0x49, 0x9d, 0xc2, 0x28, 0x83, 0x26, 0x30, 0x00,
    0x95, 0xdf, 0x80, 0x0e, 0xf5, 0x51, 0xc0, 0x24,
    0x77, 0x33, 0xb8, 0x00, 0xef, 0x77, 0xb8, 0x07,
    0x47, 0x40, 0x80, 0x4e, 0xa0, 0x1f, 0x13, 0x95,
    0x08, 0x04, 0xd1, 0xca, 0x01, 0x87, 0xcf, 0xc8,
    0x40, 0x21, 0xf1, 0xa3, 0x00, 0x0d, 0xc6, 0x1b,
    0x70, 0x08, 0x00, 0x98, 0x2c, 0x02, 0xa5, 0x01,
    0x63, 0x2a, 0x00, 0xa6, 0x60, 0x00, 0x80, 0x76,
    0x6a, 0x00, 0x66, 0x10, 0x00,

    /* U+4F5C "作" */
    0x00, 0xc8, 0x01, 0x18, 0x07, 0xf8, 0xaf, 0xcc,
    0x33, 0xd4, 0x03, 0xf2, 0x82, 0x1a, 0x81, 0xa8,
    0x00, 0x40, 0x3a, 0x82, 0x43, 0x82, 0x00, 0x2d,
    0xc1, 0x00, 0x11, 0x14, 0x85, 0x11, 0x5e, 0xed,
    0x54, 0x20, 0x05, 0x80, 0x52, 0x56, 0x60, 0xcd,
    0x8c, 0x05, 0x80, 0x02, 0xbe, 0x01, 0x8b, 0x08,
    0x01, 0x6e, 0x00, 0x6c, 0x20, 0x0a, 0x6d, 0xec,
    0x0f, 0xac, 0x00, 0xe2, 0x01, 0xa6, 0x57, 0x20,
    0x68, 0x01, 0xff, 0x48, 0x80, 0x7f, 0xf0, 0x1a,
    0x9b, 0xc8, 0x03, 0xfe, 0x6a, 0xfe, 0x20, 0x0f,
    0xfe, 0xc6, 0x80, 0x71, 0x88, 0x07, 0x8f, 0xdc,
    0x03, 0x6e, 0x00, 0x70,

    /* U+4F9D "依" */
    0x00, 0x94, 0xc0, 0x27, 0x40, 0x0f, 0xea, 0xc9,
    0x00, 0x1d, 0xc8, 0x07, 0xc8, 0x03, 0x20, 0x04,
    0x14, 0x00, 0x4a, 0x80, 0x5a, 0x0c, 0xef, 0x95,
    0xdd, 0x0f, 0x6a, 0x00, 0x70, 0x97, 0x7b, 0x10,
    0x5e, 0x3b, 0x8a, 0x08, 0x20, 0x60, 0x03, 0x43,
    0xd0, 0x03, 0x30, 0x01, 0xe0, 0x03, 0x00, 0x70,
    0xe8, 0x08, 0xa6, 0x48, 0x82, 0x30, 0x0a, 0x49,
    0x05, 0x5e, 0x8f, 0x50, 0x25, 0xc0, 0x10, 0x80,
    0x11, 0xc6, 0xe1, 0x02, 0x00, 0x4f, 0xbe, 0x01,
    0x88, 0x03, 0xf3, 0xa8, 0x07, 0x24, 0x90, 0x07,
    0xff, 0x00, 0xe4, 0x3c, 0x80, 0x3e, 0x10, 0x7c,
    0x71, 0x52, 0xd5, 0x00, 0xf4, 0x00, 0x39, 0x02,
    0xc4, 0x40, 0x18, 0xc4, 0x25, 0x30, 0x80, 0x03,
    0x96, 0xa0, 0x0b, 0xc0, 0x01, 0x58, 0x80, 0x62,
    0x50,

    /* U+50CF "像" */
    0x00, 0x99, 0x00, 0x08, 0xa0, 0x1f, 0xe9, 0xb6,
    0x0a, 0xa2, 0x05, 0x90, 0x07, 0x28, 0x1b, 0x30,
    0x58, 0xed, 0x24, 0x03, 0xb0, 0x24, 0x21, 0x65,
    0xc2, 0x6e, 0x48, 0x02, 0x70, 0x4a, 0x16, 0x7c,
    0x4c, 0x86, 0xe0, 0x01, 0x88, 0x8b, 0x81, 0x5c,
    0x89, 0x52, 0x0a, 0x00, 0x90, 0x01, 0xa8, 0x2c,
    0x8b, 0x3c, 0x80, 0x42, 0x30, 0x00, 0x5a, 0xdd,
    0xad, 0xe4, 0x68, 0x16, 0xcc, 0x02, 0xcb, 0x87,
    0x40, 0xa1, 0xa0, 0x40, 0x0c, 0xc3, 0xd0, 0x15,
    0x23, 0xd2, 0x01, 0xe6, 0x3e, 0x82, 0x1c, 0x10,
    0x0f, 0xca, 0xad, 0xb1, 0x0c, 0xc6, 0x98, 0x07,
    0x95, 0x32, 0xf0, 0x0d, 0x8b, 0x18, 0x03, 0x13,
    0x17, 0xf6, 0x81, 0x0e, 0x33, 0x00, 0x25, 0x26,
    0x42, 0x93, 0x34, 0x81, 0x48, 0x05, 0xb6, 0x01,
    0x87, 0xf0, 0x40, 0x30,

    /* U+5148 "先" */
    0x00, 0x88, 0x40, 0x13, 0x04, 0x01, 0xfd, 0x1d,
    0x00, 0xce, 0x40, 0x1f, 0xc8, 0x12, 0x00, 0x10,
    0x0a, 0x00, 0x38, 0x84, 0x99, 0xc0, 0x5d, 0xd6,
    0xfa, 0x01, 0x94, 0xb5, 0xdc, 0x02, 0xee, 0xbf,
    0xd0, 0x0d, 0x5c, 0x01, 0xff, 0xc1, 0x4e, 0x30,
    0x0f, 0xc5, 0xca, 0x04, 0x45, 0x68, 0xcc, 0x2a,
    0xb2, 0x9a, 0x93, 0xc4, 0x99, 0xad, 0x30, 0xaf,
    0x30, 0x68, 0xaa, 0x08, 0x06, 0x30, 0x60, 0x0f,
    0xfe, 0x0e, 0x06, 0x00, 0x7c, 0x20, 0x1c, 0xa2,
    0xc0, 0x1f, 0x30, 0x06, 0x80, 0xb0, 0x0f, 0xd6,
    0x01, 0x23, 0xd2, 0x80, 0x1c, 0x17, 0x75, 0xc6,
    0xc0, 0xff, 0x8a, 0x01, 0x19, 0x80, 0x88, 0x26,
    0xa4, 0xb6, 0x60, 0x1d, 0x9f, 0xfb, 0x0c,

    /* U+5165 "入" */
    0x00, 0xe5, 0x10, 0x0f, 0xfe, 0x08, 0xd7, 0x30,
    0x07, 0xff, 0x00, 0x6d, 0xe1, 0x40, 0x3f, 0xf8,
    0x09, 0x0d, 0xc0, 0x1f, 0xfc, 0x25, 0x41, 0x00,
    0xff, 0xe0, 0x09, 0x02, 0x00, 0x7f, 0xf0, 0x1c,
    0x01, 0x20, 0x1f, 0xfc, 0x0b, 0x02, 0x34, 0x00,
    0xff, 0x29, 0x0e, 0x04, 0x00, 0x7f, 0xa0, 0x20,
    0x54, 0xdc, 0x03, 0xf3, 0x13, 0x30, 0x24, 0x21,
    0x40, 0x3c, 0x52, 0x72, 0x00, 0x33, 0x05, 0x30,
    0x07, 0x7a, 0x60, 0x06, 0xf0, 0x04, 0xd8, 0x80,
    0x2d, 0x2c, 0x03, 0x8e, 0x00, 0x0a, 0xe3, 0x31,
    0x20, 0x1f, 0x3b, 0x87, 0x98, 0xe4, 0xc0, 0x3f,
    0xa3, 0x00, 0x00,

    /* U+5168 "全" */
    0x00, 0xf1, 0xb1, 0x00, 0x7f, 0xf0, 0x62, 0x75,
    0x00, 0x3f, 0xe4, 0x40, 0xef, 0x88, 0x07, 0xf0,
    0xd0, 0x51, 0x6f, 0xa0, 0x07, 0xea, 0x1b, 0x40,
    0x64, 0xbc, 0x60, 0x0e, 0xa6, 0xd4, 0x00, 0xa9,
    0x4e, 0x7d, 0xc0, 0x14, 0x7a, 0x40, 0x19, 0xdd,
    0x00, 0x8e, 0x51, 0x3a, 0xef, 0x7f, 0x9c, 0x28,
    0xf6, 0x40, 0xa0, 0xd1, 0xde, 0x01, 0x77, 0x90,
    0x88, 0x01, 0xff, 0xc0, 0x46, 0x00, 0xf3, 0x34,
    0xe0, 0x2c, 0xf3, 0x0c, 0x01, 0xcc, 0xd3, 0x80,
    0xb3, 0xef, 0x30, 0x07, 0xff, 0x48, 0x6c, 0x80,
    0x0c, 0xdc, 0xe4, 0x6c, 0xd5, 0xb7, 0x08,

    /* U+5185 "内" */
    0x00, 0xf4, 0x30, 0x07, 0xfc, 0x2f, 0x00, 0x1e,
    0x20, 0x0f, 0x18, 0x04, 0x44, 0x08, 0xe8, 0x77,
    0x48, 0x1b, 0xbd, 0xfa, 0xa0, 0x36, 0xee, 0xb0,
    0x47, 0x78, 0x41, 0x80, 0x39, 0x43, 0x40, 0x38,
    0x40, 0x3b, 0x02, 0xdc, 0x03, 0xf8, 0x55, 0x36,
    0x70, 0x40, 0x3e, 0xb2, 0xa1, 0x83, 0xb0, 0x0f,
    0x40, 0xe0, 0x83, 0x0a, 0x00, 0x72, 0x5d, 0x84,
    0x02, 0xaa, 0x00, 0x72, 0x18, 0x07, 0x22, 0x00,
    0x3f, 0xe1, 0x10, 0x08, 0x07, 0xf8, 0xdb, 0xc8,
    0x0c, 0x0c, 0x80, 0x38, 0x9d, 0x4a, 0x46, 0xb0,
    0x40, 0x3e, 0xad, 0x60,

    /* U+51FA "出" */
    0x00, 0xf3, 0xb8, 0xc0, 0x3f, 0xf8, 0x15, 0x04,
    0x00, 0x10, 0x0c, 0xbf, 0x20, 0x1f, 0x76, 0x88,
    0x06, 0xf0, 0x0f, 0xc2, 0x20, 0x0f, 0xfe, 0xa6,
    0x86, 0xbb, 0x8c, 0x25, 0xdc, 0x01, 0xd2, 0xb0,
    0xee, 0x30, 0x97, 0x70, 0xa0, 0x00, 0x67, 0x0c,
    0x03, 0xec, 0xf5, 0x03, 0x7c, 0x00, 0xfc, 0xd1,
    0x80, 0x1f, 0xfc, 0x21, 0x00, 0xff, 0xe9, 0xb8,
    0x3b, 0xe0, 0x16, 0x77, 0x68, 0x04, 0xb5, 0x2e,
    0xf6, 0xf3, 0xbd, 0xa3, 0xc0,

    /* U+5242 "剂" */
    0x00, 0xff, 0xe3, 0x8e, 0xd8, 0x80, 0x70, 0xed,
    0x88, 0x04, 0x34, 0x86, 0x5c, 0x8a, 0x80, 0x4e,
    0x22, 0x77, 0x81, 0xf7, 0x52, 0x55, 0xe0, 0x18,
    0x58, 0x00, 0x7e, 0x0e, 0xf0, 0x08, 0x07, 0x0b,
    0x9c, 0x40, 0x34, 0x03, 0xfe, 0x62, 0x42, 0xab,
    0x00, 0xfe, 0x5f, 0xbb, 0x69, 0xa2, 0x00, 0x3c,
    0x4c, 0x22, 0xc0, 0x86, 0x84, 0x00, 0xf1, 0x32,
    0x19, 0x01, 0xab, 0x80, 0x7f, 0x08, 0x08, 0x07,
    0xff, 0x04, 0xc0, 0x80, 0x30, 0xbc, 0x00, 0x79,
    0x42, 0x80, 0x3a, 0x08, 0x03, 0xd3, 0x22, 0x00,
    0xe2, 0x8e, 0x07, 0x01, 0x8a, 0x60, 0x08, 0x80,
    0x05, 0x02, 0x2f, 0x01, 0x84, 0x00, 0xaf, 0x40,
    0x37, 0x71, 0x00,

    /* U+524D "前" */
    0x00, 0xcc, 0x40, 0x19, 0xd0, 0x03, 0xf7, 0x6b,
    0x80, 0x0e, 0x24, 0x80, 0x3e, 0x90, 0x80, 0x05,
    0x9e, 0x14, 0x90, 0x0b, 0xbc, 0xc4, 0x6e, 0xe4,
    0xb6, 0xa6, 0xd2, 0x17, 0x7d, 0xba, 0x77, 0x63,
    0xba, 0x37, 0xc8, 0x07, 0xa1, 0xdd, 0xd4, 0x13,
    0x45, 0x1a, 0x60, 0x10, 0x93, 0xb0, 0x30, 0x2a,
    0x10, 0x00, 0x80, 0x3f, 0x38, 0x07, 0xfc, 0xee,
    0x90, 0x0f, 0xfe, 0x0b, 0xba, 0x40, 0x3f, 0xf8,
    0x2e, 0xe9, 0x00, 0xff, 0xe0, 0xbb, 0xa4, 0x03,
    0xff, 0x8f, 0x34, 0x01, 0xfc, 0x50, 0x02, 0x0a,
    0x12, 0x80, 0x20, 0x10, 0xe9, 0x71, 0x48, 0x01,
    0x3c, 0x20, 0x02, 0x1e, 0x70, 0x7d, 0x30, 0x09,
    0xb9, 0xc0, 0x00,

    /* U+529F "功" */
    0x00, 0xfc, 0x28, 0x40, 0x1f, 0xfc, 0x12, 0xbe,
    0x00, 0xff, 0x46, 0x90, 0x01, 0x80, 0x38, 0x5d,
    0xdf, 0xdf, 0x4c, 0x01, 0xc2, 0x00, 0x17, 0x70,
    0x1b, 0x91, 0xd0, 0x33, 0xbb, 0xf0, 0x40, 0x3c,
    0xaf, 0x80, 0x8e, 0xe1, 0x18, 0x03, 0xf1, 0x87,
    0x00, 0x80, 0x80, 0x7f, 0x70, 0x10, 0x18, 0x38,
    0x07, 0xc6, 0x64, 0x04, 0x01, 0x01, 0x00, 0x84,
    0x0b, 0x54, 0x8d, 0x80, 0x0e, 0x04, 0x07, 0x9c,
    0x0d, 0x8c, 0xc0, 0xa0, 0x01, 0x07, 0x81, 0x92,
    0x6c, 0x89, 0x43, 0x18, 0x03, 0xc0, 0x80, 0x19,
    0x64, 0x00, 0x94, 0x92, 0x12, 0x70, 0x40, 0x01,
    0x00, 0x54, 0x76, 0x00, 0x8d, 0x13, 0x10, 0x0c,
    0x2f, 0x30, 0x00, 0x28, 0x14, 0xe0, 0x0e, 0x17,
    0x30, 0x0c, 0x3d, 0x64, 0x00,

    /* U+5355 "单" */
    0x00, 0x84, 0x80, 0x39, 0x44, 0x03, 0xe1, 0xec,
    0x20, 0x00, 0xd7, 0x20, 0x07, 0xdc, 0x7e, 0x00,
    0x90, 0xa4, 0x00, 0xe5, 0x22, 0x2b, 0x00, 0xa6,
    0xa4, 0x00, 0x77, 0x6c, 0x6e, 0x6e, 0x5a, 0xd3,
    0xd0, 0x07, 0xa9, 0xd8, 0x81, 0xdd, 0xa1, 0xa0,
    0x1e, 0xa7, 0x90, 0x37, 0x76, 0x80, 0x7e, 0xa7,
    0x90, 0x37, 0x76, 0x80, 0x7f, 0xf3, 0x29, 0xe4,
    0x0d, 0xdd, 0xa0, 0x1e, 0xd9, 0x87, 0x90, 0x37,
    0x74, 0xdf, 0x10, 0x2b, 0x88, 0x9d, 0xcc, 0x06,
    0xee, 0x5e, 0x6c, 0x35, 0x77, 0xe6, 0x03, 0x77,
    0xab, 0xf8, 0xc0, 0x3f, 0xf9, 0x8e, 0x01, 0xf0,

    /* U+53D6 "取" */
    0x00, 0xfc, 0x20, 0x1f, 0xfc, 0x28, 0xf2, 0x00,
    0xf1, 0x3f, 0xeb, 0xbb, 0xd6, 0x5c, 0x02, 0x20,
    0x01, 0x38, 0x0b, 0xb0, 0x31, 0x02, 0xa9, 0xb6,
    0x80, 0x3f, 0x9c, 0x91, 0x00, 0x07, 0x10, 0x08,
    0x9e, 0x40, 0x04, 0x02, 0x30, 0x50, 0x80, 0x44,
    0xf2, 0x01, 0x78, 0x03, 0x41, 0x00, 0x3f, 0xdc,
    0xa0, 0x80, 0x60, 0x18, 0x9e, 0x40, 0x27, 0x94,
    0x17, 0x00, 0xe2, 0x79, 0x00, 0x85, 0xe4, 0x24,
    0x03, 0xc6, 0xc0, 0xae, 0x3a, 0x4c, 0x20, 0x04,
    0xc0, 0x3c, 0xb0, 0x57, 0x1d, 0x07, 0x30, 0x02,
    0x99, 0xa7, 0xb4, 0x02, 0x55, 0x48, 0xe3, 0x00,
    0xf6, 0x30, 0x80, 0x47, 0x38, 0xd2, 0x12, 0xc0,
    0x20, 0x18, 0x49, 0x70, 0x81, 0xaa, 0x58,

    /* U+53EF "可" */
    0x00, 0xff, 0xe0, 0x90, 0x07, 0xff, 0x09, 0x36,
    0x40, 0xdd, 0xff, 0xdd, 0x71, 0xc4, 0x6e, 0xff,
    0xe3, 0x06, 0x72, 0x00, 0x31, 0x80, 0x54, 0x60,
    0x1f, 0xdb, 0x90, 0xf0, 0xba, 0x20, 0x1f, 0xe9,
    0x79, 0x05, 0x10, 0x0f, 0xfe, 0xf3, 0x34, 0x01,
    0xff, 0xc1, 0x66, 0x80, 0x3f, 0xf8, 0x22, 0x02,
    0xde, 0x01, 0xfd, 0x1c, 0x01, 0x4a, 0x88, 0x07,
    0xe3, 0x10, 0x0c, 0x57, 0xe4, 0x02, 0x01, 0xfe,
    0x3a, 0x22, 0x50, 0x07, 0xff, 0x07, 0x74, 0xa0,
    0x10,

    /* U+53F7 "号" */
    0x00, 0x88, 0x03, 0xe4, 0x00, 0xfb, 0xb5, 0xdf,
    0xa2, 0xf4, 0x80, 0x3c, 0x4c, 0xef, 0xa4, 0x00,
    0x40, 0x1f, 0xfd, 0xb6, 0x77, 0xcc, 0x01, 0xf9,
    0x25, 0xdf, 0xd7, 0x92, 0xe0, 0x6e, 0xef, 0xcb,
    0x87, 0x7c, 0x6c, 0xb6, 0x66, 0x77, 0x32, 0xa4,
    0xbb, 0xfb, 0x30, 0x60, 0x14, 0x83, 0x08, 0x06,
    0x2a, 0x10, 0x0f, 0x0f, 0x3b, 0xf7, 0x2c, 0x00,
    0x74, 0x73, 0xbf, 0x84, 0x2c, 0x03, 0xff, 0x80,
    0x64, 0x50, 0x07, 0xf2, 0x4f, 0x60, 0x50, 0x07,
    0xf9, 0x24, 0x89, 0x0e, 0x01, 0x00,

    /* U+5408 "合" */
    0x00, 0xf2, 0x42, 0x00, 0x7f, 0xf0, 0x65, 0xe4,
    0xc0, 0x3f, 0xe6, 0x23, 0xcf, 0x20, 0x0f, 0xe3,
    0x92, 0xd1, 0x9d, 0x70, 0x0f, 0x8b, 0x4f, 0x04,
    0x15, 0xe3, 0xe9, 0x00, 0x22, 0xf6, 0xc1, 0x00,
    0x2e, 0xd0, 0xad, 0xa0, 0x24, 0x76, 0xbb, 0xea,
    0xa1, 0xfa, 0x52, 0x10, 0x51, 0xab, 0xbe, 0xff,
    0x30, 0xda, 0x81, 0x20, 0x18, 0x07, 0xca, 0x20,
    0x1e, 0xdd, 0x3b, 0xf4, 0x57, 0x98, 0x07, 0x89,
    0x9d, 0xf4, 0x80, 0x0c, 0x03, 0xff, 0xb7, 0x2e,
    0xfa, 0x40, 0x3f, 0x19, 0xa1, 0xdf, 0x48, 0x28,
    0x04,

    /* U+540E "后" */
    0x00, 0xff, 0x95, 0x40, 0x1f, 0xe1, 0x5a, 0xea,
    0xa3, 0x00, 0x6c, 0xb7, 0x9d, 0xf8, 0x17, 0x8a,
    0x20, 0x0e, 0x45, 0x9d, 0xed, 0xb9, 0x75, 0x40,
    0x0f, 0x18, 0x07, 0xe8, 0x20, 0x0e, 0x97, 0x7f,
    0xa5, 0xf4, 0xc0, 0x02, 0x12, 0xef, 0xf4, 0xff,
    0x8c, 0x00, 0x60, 0x20, 0x1f, 0x10, 0x07, 0x08,
    0x0f, 0x4b, 0xbf, 0x6e, 0x08, 0x06, 0x30, 0x12,
    0x77, 0xcc, 0x00, 0x10, 0x00, 0x82, 0x80, 0x7f,
    0xf0, 0x50, 0x28, 0x03, 0xff, 0x83, 0xea, 0x60,
    0x1f, 0xfc, 0x01, 0x7b, 0x00, 0x99, 0xdf, 0x48,
    0x06, 0x7f, 0x10, 0x09, 0x1d, 0xf4, 0x82, 0x80,
    0x00,

    /* U+548C "和" */
    0x00, 0xe4, 0x30, 0x0f, 0xf9, 0x2e, 0xd8, 0x80,
    0x1f, 0x14, 0x6d, 0xa3, 0x50, 0x39, 0x80, 0x1d,
    0xc0, 0x51, 0xaa, 0x16, 0xa9, 0x78, 0xee, 0x98,
    0x50, 0x0f, 0x38, 0x04, 0xce, 0x40, 0x86, 0xee,
    0x60, 0x88, 0x60, 0x07, 0xc6, 0xe6, 0x60, 0x8f,
    0xc0, 0x0f, 0xed, 0x00, 0x4a, 0x00, 0x7f, 0x90,
    0x01, 0x96, 0xc0, 0x1f, 0x8c, 0x84, 0x14, 0x70,
    0x03, 0xf4, 0x32, 0x00, 0x3e, 0x80, 0x3e, 0x30,
    0x90, 0x08, 0x40, 0x3f, 0x35, 0x80, 0x7e, 0x97,
    0x20, 0x02, 0x80, 0x7e, 0x18, 0x75, 0x41, 0x00,
    0xc4, 0x60, 0x0d, 0xe0, 0x05, 0xd8, 0x00,

    /* U+54C1 "品" */
    0x00, 0xff, 0x10, 0x07, 0x93, 0xa1, 0xdf, 0x56,
    0xa8, 0x07, 0x84, 0x1d, 0xf6, 0x80, 0x7f, 0xf1,
    0x18, 0x03, 0xff, 0x94, 0x6e, 0xfb, 0x00, 0x3f,
    0x8d, 0xdf, 0x60, 0x07, 0x08, 0x34, 0xd0, 0x80,
    0x4b, 0xa6, 0x60, 0x05, 0x5a, 0x87, 0xf9, 0x4b,
    0xad, 0x1f, 0x30, 0x20, 0x8c, 0xd0, 0xb8, 0x09,
    0xb3, 0x00, 0x44, 0x01, 0xe3, 0x00, 0xf0, 0x80,
    0x7f, 0xf5, 0x59, 0xa0, 0x0c, 0xec, 0xc0, 0x0c,
    0x6e, 0xcc, 0x31, 0x00, 0x53, 0x30, 0x14, 0x2f,
    0x00, 0x17, 0x80, 0x5e, 0xe0, 0x3f, 0x20,

    /* U+5728 "在" */
    0x00, 0xf5, 0x31, 0x00, 0x7f, 0xf0, 0x11, 0x65,
    0x80, 0x3f, 0xf8, 0x1a, 0x08, 0x80, 0x08, 0x68,
    0x40, 0x0e, 0xfc, 0x02, 0xef, 0xb5, 0x70, 0x41,
    0xde, 0x21, 0x4a, 0x74, 0x57, 0xcf, 0xd1, 0x00,
    0xd0, 0x14, 0x03, 0x98, 0x10, 0x0f, 0x94, 0xa4,
    0x40, 0x23, 0x10, 0x0f, 0xa0, 0x10, 0x03, 0xca,
    0x40, 0x1a, 0xc8, 0x0d, 0xdc, 0xc0, 0x71, 0x5a,
    0x60, 0x08, 0xc1, 0x01, 0x77, 0x30, 0x1c, 0x7f,
    0x8c, 0x0e, 0xdc, 0x03, 0xff, 0x82, 0x66, 0x00,
    0xff, 0xe7, 0x88, 0x07, 0xff, 0x08, 0xbe, 0x80,
    0x38, 0x95, 0xdc, 0xd1, 0x4e, 0xb3, 0xa4,

    /* U+5750 "坐" */
    0x00, 0xf9, 0xd8, 0x80, 0x3f, 0xf8, 0x51, 0x02,
    0x00, 0xff, 0x5e, 0xa8, 0x00, 0xc0, 0xfe, 0xc4,
    0x03, 0xc8, 0x48, 0x01, 0x94, 0x08, 0x40, 0x39,
    0x01, 0x84, 0x03, 0x78, 0x50, 0x07, 0xb0, 0x15,
    0x00, 0x32, 0x94, 0x28, 0x07, 0x34, 0xad, 0xa0,
    0x00, 0x8f, 0xb2, 0xa0, 0x02, 0x74, 0x6b, 0x01,
    0x00, 0x5c, 0x1b, 0x8b, 0x00, 0x08, 0x28, 0x0b,
    0xd4, 0x0f, 0xdc, 0x0b, 0x68, 0x00, 0x4e, 0x01,
    0xe3, 0x60, 0x4d, 0xb4, 0x00, 0x85, 0xdf, 0x80,
    0xdd, 0xc7, 0x1e, 0x20, 0x10, 0xbb, 0xf0, 0x1b,
    0xbf, 0x08, 0x07, 0xff, 0x0c, 0x40, 0x3f, 0xf8,
    0x67, 0xce, 0x00, 0x37, 0x7f, 0x32, 0x3b, 0xd4,
    0xdc, 0x40,

    /* U+5907 "备" */
    0x00, 0xe7, 0x40, 0x0f, 0xfe, 0x0a, 0x45, 0xa0,
    0x04, 0xa4, 0x01, 0xf4, 0x82, 0x1b, 0xba, 0x6b,
    0x0c, 0x03, 0x9c, 0x96, 0xdd, 0xc8, 0xe0, 0x82,
    0x01, 0x92, 0x72, 0x2d, 0x53, 0x05, 0xe8, 0x80,
    0x23, 0xdf, 0x32, 0x8a, 0xb0, 0x5a, 0x00, 0xe1,
    0x91, 0x06, 0xd1, 0x50, 0x5d, 0xfd, 0xa4, 0x02,
    0x24, 0x67, 0xd7, 0x57, 0xc9, 0x01, 0x1a, 0x0b,
    0x23, 0xb7, 0x1b, 0xbc, 0x26, 0x0f, 0x00, 0x2c,
    0xe0, 0xef, 0x64, 0xbb, 0x8c, 0x2c, 0x40, 0x3f,
    0xf8, 0x44, 0x01, 0xe3, 0x77, 0x30, 0xbb, 0x8c,
    0x03, 0xf1, 0xbb, 0x98, 0x5d, 0xc6, 0x01, 0xff,
    0xcc, 0x17, 0x76, 0x4b, 0xb8, 0xc8, 0x40, 0x00,

    /* U+5934 "头" */
    0x00, 0xfc, 0xec, 0x60, 0x1f, 0xc2, 0xc6, 0x01,
    0x44, 0x88, 0x07, 0xf0, 0x86, 0x6a, 0x00, 0x7f,
    0xf0, 0x9a, 0x8a, 0xc4, 0x00, 0x60, 0x1f, 0xf2,
    0xb8, 0x18, 0x07, 0xff, 0x02, 0xb6, 0x27, 0xc8,
    0x03, 0xff, 0x81, 0x4a, 0xfe, 0x24, 0x00, 0x10,
    0x0f, 0xf4, 0x28, 0xa3, 0x01, 0x00, 0x44, 0x01,
    0xfa, 0xad, 0x48, 0x1c, 0x00, 0x7b, 0x20, 0x10,
    0xbb, 0xe3, 0x7b, 0x00, 0x3b, 0x92, 0x38, 0x80,
    0x02, 0xef, 0xcc, 0x41, 0xee, 0xfc, 0x40, 0x1f,
    0xa8, 0x28, 0xfb, 0x18, 0x03, 0xfd, 0x49, 0x2a,
    0xd8, 0x13, 0xc6, 0x01, 0xe3, 0xd1, 0xd6, 0x00,
    0x16, 0x20, 0xe8, 0x80, 0x49, 0x17, 0xf6, 0x40,
    0x1d, 0x66, 0x26, 0x01, 0x2c, 0x40, 0x80, 0x3f,
    0x66, 0x90, 0x04, 0x20, 0x1f, 0xfc, 0x02, 0x00,
    0x80,

    /* U+5B58 "存" */
    0x00, 0xe3, 0x61, 0x00, 0xff, 0xe0, 0xcc, 0xa8,
    0x03, 0xff, 0x82, 0x81, 0x20, 0x1a, 0x34, 0xc0,
    0x0e, 0xf5, 0x09, 0xab, 0xbe, 0x14, 0xb0, 0x03,
    0xbc, 0x21, 0xce, 0xfd, 0xb3, 0x00, 0x18, 0xd1,
    0xd9, 0xdf, 0x55, 0xc8, 0x07, 0x40, 0x52, 0x3b,
    0xe4, 0x1f, 0x00, 0xca, 0x80, 0x60, 0x11, 0xcb,
    0xfb, 0x00, 0x47, 0x02, 0x01, 0xd8, 0xf2, 0x4c,
    0x00, 0x1a, 0xc2, 0x05, 0x77, 0x80, 0x5f, 0xa6,
    0x00, 0x12, 0x20, 0x05, 0x77, 0x80, 0x5f, 0x7e,
    0x00, 0x40, 0x3f, 0xfb, 0x24, 0xfc, 0x06, 0x01,
    0xfc, 0x82, 0x4e, 0x47, 0x20, 0x1c,

    /* U+5B89 "安" */
    0x00, 0xff, 0xe5, 0xa7, 0x48, 0x07, 0xff, 0x09,
    0x09, 0x98, 0x01, 0xfd, 0x00, 0x19, 0x01, 0x40,
    0x2a, 0x50, 0x08, 0xde, 0x19, 0x8f, 0xee, 0xac,
    0xc8, 0x5a, 0x20, 0x2c, 0x09, 0x66, 0x4d, 0x6b,
    0x35, 0xe3, 0x64, 0x02, 0x0a, 0x20, 0x82, 0x0a,
    0x01, 0x0e, 0x20, 0x00, 0xfe, 0x80, 0x1e, 0x10,
    0x01, 0x9f, 0x20, 0x00, 0x4c, 0xd4, 0xa1, 0x11,
    0x9f, 0xb8, 0xd3, 0xe4, 0x04, 0xcd, 0x00, 0x25,
    0xd8, 0x44, 0xae, 0xf1, 0x00, 0x61, 0x63, 0x40,
    0x05, 0x07, 0x00, 0x7e, 0x80, 0x80, 0x02, 0x99,
    0x94, 0x03, 0xf4, 0x4f, 0xf5, 0xd8, 0x20, 0x03,
    0xf8, 0x5a, 0xe9, 0x04, 0x2e, 0xc8, 0x01, 0xf8,
    0x62, 0xd7, 0xac, 0xd2, 0xec, 0x01, 0xcb, 0x54,
    0xfe, 0xa1, 0x4c, 0xa0, 0x46, 0x00, 0x0a, 0x3d,
    0x5b, 0x88, 0x06, 0x5e, 0xb6, 0x00, 0x0a, 0x10,
    0x07, 0xf0, 0xa0, 0x04,

    /* U+5BB9 "容" */
    0x00, 0xff, 0xe5, 0x1e, 0xc0, 0x07, 0xf1, 0x00,
    0x46, 0xce, 0x60, 0x12, 0x00, 0x68, 0x77, 0xc2,
    0x08, 0xef, 0x5d, 0x00, 0x19, 0x59, 0xcd, 0xeb,
    0xdd, 0xe4, 0x03, 0x11, 0x49, 0x0b, 0xdd, 0x00,
    0x17, 0x25, 0x26, 0x42, 0x2b, 0xf3, 0x83, 0xea,
    0x67, 0xf6, 0x85, 0x00, 0x90, 0x39, 0xf2, 0x17,
    0x50, 0xe8, 0x2c, 0x02, 0x15, 0xc8, 0x93, 0x7b,
    0xd9, 0x4c, 0x90, 0x08, 0x5c, 0x61, 0xa6, 0x02,
    0x93, 0xa1, 0xc8, 0x03, 0x53, 0x6b, 0x00, 0x06,
    0x41, 0x27, 0x50, 0x12, 0x70, 0x79, 0xdf, 0x48,
    0x39, 0xc2, 0x0a, 0xcb, 0x83, 0xbf, 0x82, 0xb1,
    0xc0, 0x44, 0x01, 0xff, 0xc7, 0x67, 0x7e, 0x00,
    0xff, 0x2b, 0xbf, 0x11, 0x80, 0x40,

    /* U+5BC6 "密" */
    0x00, 0xff, 0xe5, 0xbe, 0x28, 0x07, 0xf8, 0xc0,
    0x27, 0x3a, 0x00, 0xc6, 0x01, 0xdc, 0xef, 0x88,
    0x8e, 0xf4, 0x62, 0x00, 0x56, 0x6e, 0xf0, 0xde,
    0xb9, 0x3d, 0x81, 0x80, 0x1d, 0x1c, 0x1e, 0x4a,
    0x61, 0xeb, 0x56, 0x5c, 0x00, 0xf5, 0x2d, 0x8c,
    0x8e, 0x10, 0x30, 0x0c, 0x01, 0x96, 0x30, 0x02,
    0xf7, 0x2c, 0x2d, 0xe2, 0x00, 0xa1, 0xc8, 0x01,
    0x50, 0xf8, 0x33, 0xc3, 0x60, 0x16, 0xad, 0x38,
    0x28, 0x3f, 0x60, 0xeb, 0x50, 0x04, 0xe5, 0x15,
    0x30, 0xcf, 0x13, 0x71, 0x26, 0x00, 0x11, 0x6f,
    0xab, 0x37, 0x85, 0x8c, 0x02, 0x13, 0xea, 0x00,
    0xc4, 0x21, 0xd2, 0x20, 0x1f, 0x08, 0x07, 0xe3,
    0x00, 0xff, 0xe5, 0x19, 0x95, 0xda, 0x2d, 0xdc,
    0xc4, 0x01, 0x80,

    /* U+5BF9 "对" */
    0x00, 0xff, 0x95, 0x44, 0x01, 0xf8, 0xc0, 0x34,
    0xd1, 0x80, 0x09, 0xdf, 0x5e, 0x28, 0x07, 0xe2,
    0x77, 0xc0, 0x1f, 0x9d, 0x80, 0x06, 0x01, 0x20,
    0x1b, 0xbc, 0x41, 0x70, 0x60, 0x52, 0x04, 0x06,
    0xce, 0xf1, 0x06, 0x71, 0x80, 0xee, 0x28, 0x59,
    0xa0, 0x07, 0xf2, 0x34, 0x03, 0x1d, 0x50, 0x03,
    0xfa, 0x40, 0x84, 0x19, 0x54, 0x01, 0xf9, 0x00,
    0x94, 0x2c, 0x03, 0xfd, 0x26, 0x16, 0x07, 0xca,
    0x01, 0xf3, 0x9e, 0x08, 0x90, 0x04, 0x03, 0xe2,
    0x9f, 0x06, 0x07, 0x00, 0xfe, 0x8c, 0x20, 0x8c,
    0x33, 0x45, 0x98, 0x08, 0x01, 0x28, 0x80, 0x23,
    0x03, 0x87, 0x05, 0x00, 0x90, 0x03, 0xfb, 0xf2,
    0x80, 0x20,

    /* U+5C06 "将" */
    0x00, 0x99, 0x86, 0x00, 0x75, 0x20, 0x0f, 0xd5,
    0x24, 0x07, 0x16, 0x01, 0x28, 0x07, 0xf4, 0x83,
    0xa3, 0x65, 0x48, 0x2c, 0x00, 0x62, 0x5a, 0x96,
    0x53, 0x18, 0x05, 0x79, 0x00, 0xa1, 0xa9, 0x07,
    0x43, 0x44, 0x00, 0x6c, 0x00, 0x2b, 0x92, 0x1c,
    0x0b, 0x30, 0x0a, 0x98, 0x00, 0x42, 0x1d, 0x03,
    0x20, 0x20, 0x13, 0x48, 0x06, 0x8e, 0x8c, 0xab,
    0x30, 0x0c, 0x22, 0x05, 0x6a, 0xd5, 0x00, 0xa2,
    0x80, 0x0f, 0xc4, 0x00, 0x19, 0x87, 0x71, 0x86,
    0xe8, 0x66, 0x1c, 0xc1, 0x5f, 0x9c, 0x9c, 0xc1,
    0xdc, 0x30, 0x90, 0x01, 0x94, 0xa8, 0x03, 0xc3,
    0x60, 0x1e, 0x99, 0x00, 0x7f, 0xf0, 0x98, 0x30,
    0x84, 0x03, 0xe4, 0x10, 0x01, 0x33, 0x95, 0x80,
    0x7b, 0x2c, 0x03, 0xaf, 0x54, 0x02,

    /* U+5DE5 "工" */
    0x00, 0xff, 0xe0, 0x18, 0x07, 0xff, 0x09, 0x32,
    0x80, 0x22, 0x77, 0xd1, 0xfe, 0x77, 0x1c, 0x69,
    0x00, 0x09, 0xdf, 0x40, 0x01, 0xdf, 0x88, 0x03,
    0xff, 0xfe, 0x01, 0xff, 0xe7, 0xb2, 0x03, 0x77,
    0xe8, 0x00, 0x3b, 0xd6, 0x9a, 0x60,

    /* U+5DF2 "已" */
    0x00, 0xff, 0xe6, 0xcc, 0x80, 0x24, 0x66, 0xfe,
    0x76, 0x60, 0x01, 0x19, 0xbf, 0x8c, 0x1c, 0x02,
    0xab, 0x30, 0x0f, 0xfe, 0x03, 0xa1, 0x00, 0x7f,
    0xf0, 0x99, 0xdf, 0xc6, 0x01, 0xf3, 0x3b, 0xf8,
    0xc0, 0x3f, 0xf8, 0x53, 0xc2, 0x01, 0xff, 0xc0,
    0x41, 0x00, 0xff, 0xe1, 0x99, 0x00, 0x7f, 0xf0,
    0x64, 0x02, 0x10, 0x40, 0x0f, 0x91, 0x5c, 0x01,
    0x61, 0x5f, 0xff, 0x58, 0x51, 0x03, 0xca, 0x19,
    0x17, 0x8d, 0x68, 0x80,

    /* U+5E08 "师" */
    0x00, 0x94, 0xc0, 0x3e, 0x10, 0x0c, 0x35, 0x40,
    0x0f, 0xb6, 0xc1, 0x50, 0xc0, 0x0e, 0xf4, 0x7e,
    0xbd, 0xe1, 0xdf, 0x98, 0x01, 0xde, 0x90, 0x77,
    0xc6, 0x02, 0x01, 0x32, 0x80, 0x75, 0x10, 0x07,
    0xbe, 0x9e, 0x41, 0x9d, 0x7c, 0x03, 0xf3, 0x48,
    0x33, 0x01, 0xc0, 0x3f, 0xf8, 0xc6, 0x1c, 0x01,
    0xff, 0xc0, 0x10, 0x10, 0x0f, 0xfe, 0x02, 0x83,
    0x80, 0x7f, 0x97, 0x30, 0x62, 0x01, 0xe9, 0x03,
    0x0b, 0x75, 0xe0, 0x0f, 0xb4, 0x30, 0x01, 0x72,
    0x41, 0x58, 0x20, 0x12, 0x6a, 0x82, 0xcb, 0x00,
    0x0c, 0xc0, 0x16, 0x89, 0x00, 0x00,

    /* U+5E38 "常" */
    0x00, 0x8c, 0x02, 0x87, 0x12, 0x10, 0x0f, 0x93,
    0x94, 0x5e, 0xc6, 0xfa, 0x00, 0x38, 0xdc, 0x78,
    0x03, 0x3b, 0xa1, 0x00, 0x21, 0xe7, 0x42, 0x60,
    0x18, 0x5f, 0x9b, 0xa0, 0x1c, 0x16, 0xa9, 0x7f,
    0xd8, 0x96, 0xe0, 0xd0, 0x92, 0xb4, 0xe9, 0x77,
    0xdf, 0xf7, 0x38, 0x45, 0xb8, 0x03, 0xdd, 0xf0,
    0x8a, 0x04, 0x02, 0x40, 0x0f, 0xfe, 0x3f, 0xbf,
    0xeb, 0x3a, 0x80, 0x7a, 0x0f, 0xe5, 0x81, 0x99,
    0x7d, 0x62, 0x01, 0x8e, 0x61, 0xe4, 0x19, 0xdd,
    0x09, 0x00, 0x1e, 0x97, 0x90, 0x67, 0x72, 0x06,
    0x80, 0x7f, 0xf0, 0x08, 0x40, 0x3f, 0xf8, 0x4e,
    0xc0, 0xe0, 0x18, 0x98, 0x40, 0x02, 0x60, 0xaa,
    0x93, 0x00, 0x00,

    /* U+5E93 "库" */
    0x00, 0xff, 0xe5, 0xa6, 0xc0, 0x07, 0xe3, 0x00,
    0xc8, 0xee, 0x30, 0x01, 0x40, 0x05, 0x98, 0x77,
    0xc6, 0x28, 0xee, 0xe6, 0x70, 0x0c, 0xef, 0x51,
    0x6b, 0xbd, 0xbc, 0xe0, 0x1e, 0x42, 0x73, 0x00,
    0x3f, 0xa0, 0x07, 0x2b, 0x50, 0x2c, 0x3b, 0x04,
    0x98, 0x07, 0x2a, 0x09, 0x43, 0xcb, 0xbe, 0x00,
    0x08, 0x05, 0x01, 0x60, 0x02, 0x15, 0x30, 0x08,
    0xc1, 0xcd, 0x40, 0x58, 0x09, 0xef, 0x4c, 0x03,
    0x11, 0xdd, 0x3b, 0x01, 0x3f, 0x70, 0xc0, 0x02,
    0x1e, 0x08, 0xa0, 0x1e, 0xc8, 0x00, 0x28, 0x2b,
    0x37, 0x01, 0x33, 0xa8, 0xa0, 0x7a, 0x9b, 0x37,
    0x01, 0x33, 0xcc, 0x90, 0x16, 0xc0, 0x3f, 0xf8,
    0x29, 0xc2, 0x01, 0xf3, 0x00, 0x70,

    /* U+5F02 "异" */
    0x00, 0x10, 0x07, 0xc2, 0x80, 0x1e, 0x8e, 0x87,
    0x7e, 0xdb, 0x90, 0x0f, 0x0d, 0x3b, 0xf3, 0x07,
    0x00, 0x7f, 0xf0, 0xc4, 0x03, 0xea, 0x77, 0xe6,
    0x03, 0x50, 0x0f, 0x53, 0xbf, 0x6f, 0xac, 0x00,
    0x63, 0x0e, 0xa9, 0x9a, 0xae, 0xb8, 0x98, 0x02,
    0xa3, 0x32, 0xb3, 0x4a, 0xb0, 0x22, 0x80, 0x47,
    0x8e, 0xdb, 0xfe, 0x77, 0x5f, 0x59, 0x80, 0x72,
    0x31, 0x00, 0x11, 0xd4, 0x1c, 0x41, 0x1d, 0xe2,
    0x07, 0x78, 0x81, 0xa6, 0x30, 0x51, 0xde, 0x02,
    0x77, 0x88, 0x1a, 0x7f, 0x44, 0x02, 0x41, 0xb0,
    0x0f, 0xfe, 0x01, 0xcc, 0x30, 0x07, 0xf8, 0x5a,
    0xfd, 0xc0, 0x38, 0x84, 0x03, 0x0b, 0x41, 0x00,
    0x76, 0x68, 0x07, 0x00,

    /* U+5F53 "当" */
    0x00, 0xf3, 0xb8, 0x80, 0x3c, 0x60, 0x1a, 0x20,
    0x40, 0x6a, 0x01, 0x3f, 0x28, 0x04, 0x20, 0x0a,
    0xa5, 0x80, 0x11, 0x14, 0xa0, 0x1c, 0xe5, 0x40,
    0x17, 0x04, 0x80, 0x65, 0x0f, 0x10, 0x09, 0x12,
    0x00, 0xd9, 0xec, 0x00, 0x27, 0x76, 0x7b, 0x88,
    0x3f, 0x35, 0xe9, 0x11, 0xdf, 0xbb, 0x8e, 0xf0,
    0x19, 0x00, 0x7f, 0xf0, 0x0c, 0x03, 0xff, 0x88,
    0x6e, 0xff, 0xc0, 0x18, 0xdd, 0xff, 0x80, 0x3f,
    0xf8, 0xa8, 0xcd, 0xfc, 0xe0, 0x12, 0x33, 0x7f,
    0x38, 0x20, 0x00,

    /* U+5F55 "录" */
    0x00, 0xff, 0x11, 0x00, 0x3c, 0x6e, 0xff, 0x7e,
    0xa0, 0x07, 0x1b, 0xbf, 0xc2, 0x0c, 0x01, 0xff,
    0xc1, 0x10, 0x30, 0x0f, 0x3b, 0xfc, 0x40, 0x1f,
    0x9d, 0xfe, 0x00, 0x17, 0x20, 0x13, 0xbf, 0xb3,
    0x0e, 0xaa, 0xa4, 0xe1, 0x27, 0x4d, 0x37, 0x71,
    0x99, 0x2a, 0xca, 0x28, 0x40, 0x06, 0x6b, 0x60,
    0x00, 0xa8, 0x5a, 0x58, 0x07, 0x58, 0x78, 0x80,
    0x54, 0x1b, 0x20, 0x1c, 0x56, 0x74, 0x00, 0x67,
    0xd2, 0x00, 0xe5, 0xcb, 0x2b, 0x00, 0xa2, 0x16,
    0x60, 0x01, 0xea, 0x2b, 0x80, 0x0c, 0xae, 0x99,
    0x81, 0x14, 0x27, 0xab, 0xd8, 0x18, 0x02, 0x20,
    0x1e, 0x20, 0xd6, 0x22, 0x76, 0x05, 0x00, 0x9f,
    0x8c, 0x03, 0xee, 0xc8, 0x00, 0xc2, 0x00,

    /* U+5F85 "待" */
    0x00, 0x90, 0x40, 0x21, 0x87, 0x10, 0x0f, 0x15,
    0xfa, 0x00, 0x4f, 0x62, 0x01, 0xe9, 0x08, 0x40,
    0x0c, 0xe0, 0xd4, 0x01, 0x43, 0x53, 0x0b, 0xba,
    0x41, 0x9f, 0x45, 0x81, 0x7f, 0x67, 0x51, 0xdd,
    0x20, 0xcf, 0x76, 0x60, 0x57, 0x43, 0x33, 0x80,
    0x7d, 0x34, 0x01, 0x48, 0x52, 0xbb, 0x99, 0x85,
    0x0e, 0x06, 0xa1, 0x04, 0x00, 0x77, 0xd3, 0x6f,
    0x5f, 0x4a, 0x84, 0x80, 0xca, 0xef, 0xa8, 0x01,
    0x38, 0x8f, 0x42, 0x00, 0x54, 0x77, 0xa8, 0x1b,
    0xfc, 0x86, 0x01, 0xcf, 0xec, 0x01, 0xff, 0xc1,
    0x43, 0x92, 0x00, 0xff, 0xe0, 0xc2, 0x90, 0x07,
    0xff, 0x05, 0x3a, 0x7c, 0x04, 0x03, 0xc6, 0x60,
    0x09, 0x20, 0x8e, 0x40, 0x3a, 0xb0, 0x40, 0x30,
    0xfe, 0x18, 0x04,

    /* U+5FD7 "志" */
    0x00, 0xf9, 0xd8, 0x80, 0x3f, 0xf8, 0x43, 0x10,
    0x20, 0x0f, 0xfe, 0x4c, 0x80, 0x62, 0x77, 0xe9,
    0x01, 0x77, 0xad, 0xb0, 0x02, 0x27, 0x7e, 0x90,
    0x17, 0x7a, 0xff, 0x00, 0x3f, 0xf8, 0x62, 0x01,
    0xff, 0xc4, 0x4e, 0x50, 0x0e, 0x17, 0x7c, 0xd1,
    0x2e, 0xe3, 0x82, 0x00, 0xe1, 0x77, 0x19, 0x94,
    0x88, 0xef, 0xc0, 0x1e, 0x40, 0x8b, 0x04, 0xaa,
    0x00, 0x25, 0x40, 0x3d, 0xe2, 0x00, 0x31, 0x55,
    0x10, 0x55, 0x24, 0x03, 0x2a, 0x18, 0x06, 0xe5,
    0x25, 0x33, 0x32, 0x00, 0x0e, 0x84, 0x80, 0x32,
    0x50, 0x48, 0x50, 0x08, 0x00, 0x52, 0x80, 0x2d,
    0xbb, 0xb0, 0xd5, 0xb5, 0x40, 0x05, 0x68, 0x14,
    0x26, 0x88, 0x52, 0x46, 0x02, 0x00, 0x80,

    /* U+6001 "态" */
    0x00, 0xf1, 0xba, 0x88, 0x07, 0xff, 0x0a, 0xe3,
    0xc4, 0x03, 0xff, 0x84, 0x41, 0x80, 0x10, 0xea,
    0x00, 0x44, 0xcd, 0x9d, 0x43, 0xdd, 0x99, 0x29,
    0xa0, 0x11, 0x33, 0x62, 0x06, 0x8e, 0x66, 0x44,
    0xc8, 0x03, 0xf4, 0x04, 0x08, 0x48, 0x07, 0xfd,
    0x24, 0xb8, 0xf2, 0x9a, 0xc0, 0x1f, 0xa9, 0x32,
    0x9e, 0x13, 0xc2, 0x7a, 0x84, 0x02, 0x4a, 0xcd,
    0x30, 0xb5, 0x51, 0x62, 0x8f, 0x88, 0x00, 0xda,
    0x99, 0x10, 0x32, 0x60, 0x01, 0xac, 0x50, 0x08,
    0xca, 0x42, 0x2c, 0xe5, 0xb4, 0x01, 0x56, 0x01,
    0xc4, 0xc0, 0x11, 0x8a, 0x08, 0x1d, 0xbe, 0x80,
    0x45, 0x82, 0x01, 0xd7, 0x81, 0x22, 0x84, 0x80,
    0x04, 0x18, 0x00, 0xae, 0x65, 0x18, 0x87, 0xe6,
    0xa0, 0x06, 0xf6, 0x0a, 0x15, 0x66, 0x88, 0x82,
    0x98, 0x20, 0x00,

    /* U+603B "总" */
    0x00, 0xca, 0x40, 0x19, 0x00, 0x3f, 0xc3, 0xb2,
    0x00, 0x3b, 0xe3, 0x00, 0xfc, 0x86, 0xc4, 0x14,
    0x14, 0x60, 0x1e, 0x18, 0x2e, 0x82, 0x05, 0xc3,
    0x70, 0x0f, 0x9f, 0xd0, 0x59, 0x94, 0xb3, 0x08,
    0x01, 0xf0, 0xb3, 0x78, 0x81, 0x40, 0x3f, 0xfb,
    0xa4, 0xef, 0xe2, 0x00, 0xfc, 0xd0, 0xce, 0x20,
    0xee, 0xbc, 0x10, 0x0e, 0x49, 0xae, 0x26, 0x9c,
    0x04, 0x86, 0x00, 0xee, 0x20, 0x01, 0x83, 0x98,
    0x1f, 0xcc, 0x80, 0x29, 0x40, 0x0e, 0x9d, 0x08,
    0x42, 0x61, 0x03, 0x64, 0x20, 0x04, 0x45, 0x54,
    0x54, 0x85, 0x10, 0x3d, 0xb0, 0xa1, 0x67, 0x79,
    0x48, 0x16, 0x80, 0x00,

    /* U+6210 "成" */
    0x00, 0xfc, 0x66, 0x10, 0x0f, 0xfe, 0x0c, 0x61,
    0x46, 0x28, 0x07, 0xff, 0x00, 0x61, 0xa0, 0x40,
    0x2e, 0xa7, 0x66, 0xc1, 0x4c, 0x44, 0xf2, 0x00,
    0x0a, 0x3b, 0x34, 0xa1, 0x6d, 0x1f, 0xc4, 0x01,
    0xe1, 0x0e, 0x06, 0x07, 0x40, 0x0e, 0x17, 0x77,
    0x51, 0x01, 0x0c, 0x5a, 0x80, 0x62, 0x76, 0x01,
    0x60, 0xc7, 0x04, 0x50, 0x00, 0x80, 0x46, 0x04,
    0x52, 0x50, 0x78, 0x04, 0x60, 0xc0, 0x20, 0x21,
    0x40, 0x68, 0x80, 0x08, 0x40, 0xc1, 0x83, 0xc1,
    0x40, 0x12, 0x00, 0x20, 0x70, 0xd9, 0xb0, 0x30,
    0xa0, 0x04, 0x82, 0x88, 0x61, 0x2d, 0x8a, 0xa2,
    0xbc, 0x8a, 0x54, 0x10, 0x2c, 0x01, 0x75, 0x2c,
    0xeb, 0x68, 0x29, 0x02, 0x2a, 0x80, 0x02, 0xe7,
    0x84, 0x07, 0x84, 0x0e, 0xd0, 0x01, 0x0b, 0xb0,
    0x06, 0x3d, 0xd3, 0x00,

    /* U+6216 "或" */
    0x00, 0xfc, 0x26, 0x20, 0x1f, 0xfc, 0x15, 0xca,
    0x2c, 0xa1, 0x00, 0xff, 0x88, 0x90, 0xae, 0x04,
    0xef, 0xf6, 0x82, 0xb9, 0x84, 0xb1, 0x3b, 0xfd,
    0x40, 0xce, 0xef, 0xf3, 0x00, 0x20, 0x40, 0x16,
    0x64, 0x02, 0x06, 0xa0, 0x10, 0xbe, 0xb4, 0x27,
    0x88, 0x38, 0x4d, 0x50, 0x03, 0x2b, 0x48, 0x28,
    0x00, 0x81, 0x02, 0xc0, 0x3f, 0xc8, 0x30, 0x2c,
    0x20, 0x19, 0x5e, 0x40, 0x2c, 0x07, 0x18, 0x00,
    0xc5, 0x2f, 0x31, 0x60, 0x80, 0x0a, 0x10, 0x08,
    0x75, 0xd5, 0xb6, 0xd1, 0x40, 0x02, 0x00, 0x53,
    0xdf, 0xdb, 0xe8, 0x92, 0x96, 0x0a, 0x58, 0x13,
    0x04, 0xae, 0x92, 0x8a, 0xd9, 0x80, 0xa7, 0x00,
    0x6d, 0xa8, 0x24, 0xe6, 0x08, 0x1e, 0x44, 0x38,
    0x03, 0x0a, 0xca, 0x00, 0x66, 0xea, 0xb0,

    /* U+6267 "执" */
    0x00, 0x0c, 0x30, 0x04, 0x6c, 0x80, 0x1f, 0x9f,
    0xc0, 0x2b, 0x93, 0x00, 0xff, 0xe1, 0x90, 0x07,
    0xfa, 0x88, 0x03, 0x94, 0x02, 0x17, 0x90, 0x41,
    0xb6, 0x40, 0xc9, 0xab, 0x00, 0x0b, 0xc8, 0x25,
    0xcb, 0x30, 0x2a, 0x80, 0x40, 0x1f, 0x09, 0x80,
    0x81, 0x00, 0x04, 0x03, 0x10, 0x3c, 0x03, 0x30,
    0x04, 0x03, 0x87, 0x70, 0x12, 0x4c, 0x08, 0x40,
    0x40, 0x40, 0x02, 0x25, 0x03, 0x00, 0x20, 0x0e,
    0x18, 0x18, 0x05, 0xb6, 0x01, 0x94, 0x08, 0xd4,
    0x18, 0x02, 0x10, 0x0e, 0xb2, 0xf3, 0x62, 0x30,
    0x40, 0x0f, 0x11, 0xf1, 0x61, 0x20, 0x41, 0x82,
    0x40, 0x05, 0x30, 0x60, 0x15, 0x03, 0xf8, 0x21,
    0x06, 0x3e, 0xb8, 0x06, 0x38, 0x03, 0x00, 0x46,
    0x2b, 0x30, 0x03, 0xcf, 0x92,

    /* U+626B "扫" */
    0x00, 0xa1, 0xc4, 0x03, 0xff, 0x82, 0xf6, 0x20,
    0x1f, 0x10, 0x07, 0xf3, 0xbf, 0xb6, 0xc4, 0x03,
    0xa6, 0x4e, 0xfc, 0xc0, 0xa2, 0x4e, 0xe0, 0x23,
    0x31, 0x00, 0x78, 0xc0, 0x9d, 0xc0, 0x55, 0x42,
    0x00, 0xff, 0xe1, 0x11, 0x00, 0x3f, 0xf8, 0x05,
    0x88, 0x40, 0x1f, 0x8e, 0x78, 0x0f, 0x59, 0xdf,
    0xa4, 0x02, 0x66, 0x10, 0x08, 0x81, 0xdf, 0xa4,
    0x02, 0x59, 0xc0, 0x0f, 0xfe, 0x13, 0x00, 0x7f,
    0xf4, 0x85, 0xb4, 0x1c, 0x11, 0xdf, 0xa4, 0x02,
    0x16, 0x60, 0xc0, 0x23, 0xbf, 0x48, 0x38, 0x05,
    0x7c, 0x60, 0x1f, 0x0f, 0xd0, 0x00,

    /* U+6279 "批" */
    0x00, 0x33, 0x98, 0x23, 0x10, 0x22, 0x90, 0x07,
    0x6c, 0x10, 0x74, 0x98, 0x6d, 0x18, 0x07, 0xfc,
    0x20, 0x1f, 0xf4, 0xb8, 0x07, 0xf9, 0x1d, 0x80,
    0xb8, 0x40, 0x3d, 0x44, 0x08, 0xec, 0x15, 0x22,
    0x08, 0xc0, 0x07, 0x58, 0x00, 0xe1, 0x20, 0x07,
    0x69, 0x84, 0x4d, 0x00, 0x4e, 0x1a, 0xc0, 0x0a,
    0xb3, 0x0c, 0x60, 0x03, 0x79, 0x87, 0x20, 0x07,
    0x8c, 0x02, 0x51, 0x10, 0x10, 0x07, 0xfc, 0x7e,
    0xa0, 0x1f, 0xfc, 0x21, 0x00, 0xff, 0xe0, 0x18,
    0x07, 0xf2, 0xb9, 0x80, 0x54, 0x05, 0x28, 0x00,
    0x25, 0x0e, 0x73, 0x0b, 0xa7, 0x22, 0x60, 0x18,
    0x12, 0x2d, 0x86, 0x9b, 0xb9, 0x40, 0x09, 0x58,
    0x00, 0xaa, 0x00, 0x13, 0x37, 0x56, 0x40,

    /* U+6309 "按" */
    0x00, 0x2b, 0x98, 0x06, 0x61, 0x00, 0xfd, 0xf0,
    0x40, 0x1b, 0x3c, 0x80, 0x3f, 0xe3, 0x00, 0x60,
    0xb8, 0x19, 0x00, 0x7a, 0x56, 0x64, 0xe2, 0x84,
    0xfb, 0x86, 0x08, 0xec, 0x05, 0x2b, 0xed, 0xda,
    0xee, 0x17, 0x30, 0x47, 0x60, 0xaa, 0x13, 0xb9,
    0x84, 0x06, 0x64, 0x01, 0xe1, 0x2d, 0x1a, 0x06,
    0x01, 0xd3, 0x00, 0x84, 0x41, 0xa0, 0xf0, 0x64,
    0xd1, 0x8b, 0xe2, 0x13, 0xc8, 0x1a, 0x8e, 0x00,
    0x97, 0xe3, 0x6c, 0x10, 0xf4, 0x30, 0x10, 0x03,
    0x12, 0x06, 0x05, 0x80, 0x4d, 0x6c, 0x01, 0x30,
    0xd0, 0x0a, 0x91, 0x80, 0x7f, 0x34, 0xd5, 0xd0,
    0x40, 0x07, 0xfc, 0xda, 0x28, 0x1e, 0x40, 0x10,
    0xca, 0x80, 0x74, 0xab, 0xb9, 0x75, 0x80, 0x03,
    0x40, 0x80, 0x2f, 0x63, 0xd1, 0x0a, 0x08, 0x00,
    0x8e, 0xec, 0x0a, 0xd7, 0x02, 0x00, 0x5d, 0xc0,
    0x0c, 0x80, 0x04, 0x10, 0x0f, 0x11, 0x00, 0x00,

    /* U+63CF "描" */
    0x00, 0x33, 0x98, 0x00, 0x94, 0xc1, 0x50, 0x40,
    0x36, 0x41, 0x00, 0x1e, 0x94, 0x2e, 0xc2, 0x01,
    0xff, 0x18, 0x00, 0x57, 0x44, 0x03, 0x4f, 0x3f,
    0x87, 0xb0, 0x8b, 0x55, 0x48, 0xee, 0x00, 0x4a,
    0xf8, 0x7b, 0x08, 0xa2, 0x08, 0x87, 0x70, 0x4b,
    0x90, 0x1b, 0x01, 0x38, 0x80, 0x78, 0x93, 0xb2,
    0xd1, 0xef, 0xb9, 0x40, 0x03, 0x60, 0x95, 0x12,
    0x7d, 0x87, 0x60, 0x60, 0xbc, 0x30, 0xb1, 0x00,
    0xfc, 0xc1, 0xa6, 0x60, 0x0f, 0xfe, 0x0b, 0x63,
    0x00, 0x66, 0x77, 0x04, 0x48, 0x07, 0xf9, 0x9d,
    0xc1, 0x12, 0x01, 0xff, 0xc7, 0x28, 0x40, 0x10,
    0x03, 0x3b, 0x82, 0x24, 0x02, 0x2c, 0x16, 0x00,
    0x95, 0xf7, 0xe2, 0x43, 0x40, 0x09, 0xd2, 0x00,
    0xf8, 0x00, 0xc3, 0xee, 0x00,

    /* U+6444 "摄" */
    0x00, 0x2b, 0x98, 0x07, 0xe6, 0x00, 0xdf, 0x04,
    0x8f, 0x0e, 0xf4, 0x5c, 0x40, 0x03, 0xc8, 0xcf,
    0xee, 0xe6, 0x7e, 0x80, 0x0e, 0xba, 0x00, 0x1b,
    0x30, 0x40, 0x32, 0x33, 0x03, 0x70, 0xc1, 0xc4,
    0x40, 0x1c, 0x8c, 0xc0, 0x76, 0x30, 0x47, 0x70,
    0x85, 0x98, 0x07, 0x4c, 0x98, 0x12, 0x20, 0x24,
    0x14, 0x00, 0x47, 0x0d, 0x86, 0xfd, 0x88, 0x09,
    0x4c, 0x82, 0x6c, 0x81, 0x09, 0x9f, 0xe5, 0xd5,
    0xb5, 0x83, 0x51, 0x00, 0x02, 0x75, 0x1e, 0x1b,
    0x20, 0x50, 0x4b, 0x10, 0x0b, 0x24, 0x18, 0xd1,
    0x48, 0xc0, 0x3c, 0x3c, 0x82, 0x25, 0xa2, 0x80,
    0x0f, 0xc8, 0x02, 0xe0, 0x60, 0x18, 0xa9, 0x40,
    0x07, 0x7a, 0x81, 0x4e, 0x55, 0xa4, 0x4e, 0x04,
    0x5b, 0xc2, 0xaf, 0xf5, 0x79, 0x29, 0x02, 0x65,
    0xa4, 0x08, 0x02, 0x14, 0x0b, 0x60, 0x00,

    /* U+64CD "操" */
    0x00, 0x33, 0x98, 0x00, 0xc4, 0x00, 0x46, 0x01,
    0xd9, 0x04, 0x00, 0x8e, 0x87, 0xfc, 0x30, 0x0f,
    0xfa, 0x5d, 0xc0, 0x40, 0x1e, 0x9a, 0x00, 0xa5,
    0xdc, 0x01, 0x8d, 0xdc, 0x01, 0x1f, 0x3d, 0xac,
    0x72, 0x90, 0x1b, 0xb8, 0x27, 0x30, 0x49, 0x8b,
    0x4d, 0x58, 0x20, 0x1d, 0xc0, 0xcc, 0x11, 0x03,
    0x91, 0x04, 0x0d, 0x82, 0x80, 0x12, 0xc0, 0x13,
    0x08, 0x02, 0x30, 0xc2, 0xb5, 0x22, 0x53, 0x1d,
    0xaf, 0xc2, 0xcc, 0xc0, 0x05, 0xb0, 0x53, 0x58,
    0x18, 0xb0, 0x3c, 0x60, 0x02, 0xbb, 0xb9, 0x82,
    0xda, 0x7c, 0x40, 0x39, 0x5c, 0x04, 0x01, 0xb8,
    0xce, 0x20, 0x1e, 0x48, 0x82, 0x83, 0x33, 0xac,
    0x89, 0x2a, 0x02, 0xfd, 0x8e, 0x60, 0x0c, 0x32,
    0x2a, 0x86, 0x05, 0xa8, 0xc0, 0x06, 0x03, 0x92,
    0x00, 0x3e, 0x71, 0x10, 0x05, 0x38, 0x01, 0xc0,

    /* U+6548 "效" */
    0x00, 0xff, 0x08, 0x07, 0xc3, 0xd6, 0x40, 0x12,
    0xf5, 0x80, 0x78, 0x6d, 0x24, 0x1c, 0x48, 0x30,
    0x03, 0x13, 0x30, 0xc1, 0xa2, 0x73, 0x00, 0xa1,
    0x18, 0x24, 0xc6, 0x3d, 0x5b, 0xda, 0xe4, 0xb6,
    0xee, 0x50, 0x04, 0xc2, 0x22, 0xb4, 0x4e, 0xdc,
    0x43, 0xd0, 0x0c, 0xd4, 0xa7, 0x05, 0x02, 0x00,
    0x60, 0x50, 0x07, 0xc2, 0x86, 0x6b, 0x8d, 0x78,
    0x18, 0x88, 0x13, 0x84, 0xc4, 0xda, 0x3d, 0x01,
    0x81, 0x80, 0x08, 0x4f, 0xd8, 0x14, 0x0e, 0x1f,
    0x01, 0x20, 0x18, 0x70, 0x80, 0xc0, 0x25, 0x15,
    0x10, 0x0e, 0x40, 0x05, 0x10, 0x02, 0x01, 0x80,
    0x38, 0x6e, 0x54, 0x14, 0x19, 0x5c, 0xf0, 0x40,
    0x03, 0xb0, 0xd0, 0x24, 0xb7, 0x90, 0xa7, 0xea,
    0x37, 0xec, 0x05, 0xc5, 0xb8, 0x41, 0x66, 0xa8,
    0x14, 0x60, 0x11, 0x34, 0x08, 0x00, 0x72, 0x84,

    /* U+6570 "数" */
    0x00, 0xd0, 0xc0, 0x19, 0x8c, 0x03, 0x9e, 0x05,
    0xf1, 0xf4, 0xcd, 0x3a, 0x20, 0x19, 0x5d, 0x80,
    0xf6, 0x8d, 0x81, 0xc4, 0x03, 0x94, 0x80, 0xb2,
    0xeb, 0x43, 0x41, 0xb8, 0xc1, 0xba, 0x81, 0x7a,
    0x38, 0x84, 0xea, 0x49, 0x41, 0x0c, 0x00, 0xad,
    0x08, 0xec, 0xe4, 0x16, 0xc0, 0x73, 0x40, 0x56,
    0x6a, 0x56, 0x04, 0x06, 0x05, 0x7e, 0xc7, 0xab,
    0x85, 0x34, 0x0e, 0x0a, 0x05, 0x03, 0xe6, 0xe2,
    0xc6, 0xc4, 0x51, 0x88, 0x0b, 0xc9, 0xa2, 0x36,
    0x88, 0x0f, 0x82, 0x40, 0x02, 0xea, 0x36, 0xe6,
    0x4c, 0x16, 0x62, 0xa0, 0x12, 0x1a, 0xaa, 0x02,
    0x40, 0x08, 0x06, 0x20, 0x12, 0x76, 0x43, 0x83,
    0x82, 0x42, 0x16, 0x10, 0x04, 0x26, 0x66, 0x08,
    0x49, 0xbb, 0x21, 0x6b, 0x81, 0x46, 0xfc, 0xe9,
    0x66, 0x10, 0x28, 0xcc, 0xc0, 0x31, 0x22, 0x00,
    0x98, 0x10, 0x00, 0xe6, 0x88,

    /* U+6574 "整" */
    0x00, 0x92, 0x10, 0x02, 0x25, 0x10, 0x0e, 0x11,
    0x1b, 0x8a, 0xe9, 0x2d, 0x48, 0x08, 0x00, 0x59,
    0x38, 0x34, 0xec, 0x74, 0x28, 0xab, 0x04, 0x53,
    0xe6, 0x03, 0x50, 0x2a, 0xee, 0xf4, 0xb0, 0x08,
    0xb0, 0x35, 0x01, 0x64, 0x5c, 0x88, 0xe2, 0x00,
    0x3b, 0x0d, 0x42, 0x56, 0xef, 0x08, 0x00, 0xb3,
    0xc8, 0x01, 0x7a, 0x40, 0x84, 0x28, 0x01, 0x1d,
    0x08, 0x65, 0xf8, 0x17, 0x30, 0xf5, 0xa9, 0x6d,
    0xc0, 0x0f, 0x4b, 0x5f, 0xcd, 0x92, 0xa0, 0xe2,
    0xaa, 0x50, 0x99, 0x92, 0x43, 0x37, 0xa2, 0x66,
    0x65, 0x06, 0x67, 0xf9, 0x9a, 0xa0, 0x30, 0x01,
    0xb0, 0xe9, 0x31, 0x83, 0x33, 0xed, 0xc0, 0x3b,
    0x51, 0xc0, 0x27, 0x77, 0xda, 0x80, 0x7f, 0xce,
    0xf8, 0xc8, 0x0d, 0xdc, 0xc3, 0x6e, 0x02, 0xef,
    0x44, 0xe1, 0x00,

    /* U+65B0 "新" */
    0x00, 0x94, 0x03, 0xf8, 0xc0, 0x3b, 0xf8, 0x40,
    0x38, 0xf3, 0x10, 0x01, 0xbc, 0x4a, 0x9e, 0x72,
    0xbd, 0xa6, 0xc0, 0xe6, 0x8a, 0x3d, 0x80, 0x07,
    0x39, 0x4c, 0x60, 0x70, 0xa6, 0xe0, 0x2a, 0x01,
    0xc2, 0x01, 0x08, 0xb4, 0x06, 0x14, 0x03, 0xb6,
    0x81, 0x5d, 0xc5, 0x89, 0xf8, 0xa1, 0x4f, 0xc4,
    0x43, 0x57, 0x91, 0x3b, 0x9a, 0x50, 0xa6, 0x12,
    0x83, 0x33, 0xb9, 0x82, 0xb7, 0x46, 0x02, 0x01,
    0xc6, 0x42, 0xc1, 0xdc, 0xc1, 0x03, 0x00, 0xf7,
    0xcb, 0x80, 0x38, 0xd8, 0x84, 0x03, 0xc8, 0xce,
    0x08, 0x30, 0x4a, 0x01, 0xe4, 0x29, 0x00, 0xa8,
    0xc2, 0x40, 0x3c, 0x5a, 0xc8, 0x04, 0xa9, 0x42,
    0x01, 0xe6, 0x16, 0x37, 0x04, 0x95, 0x00, 0xca,
    0x00,

    /* U+65E5 "日" */
    0x08, 0x10, 0x0f, 0x43, 0x00, 0x1f, 0x9d, 0xfe,
    0x95, 0x00, 0x0b, 0xbf, 0x84, 0x10, 0x03, 0xff,
    0xb4, 0x2e, 0xfe, 0x10, 0x0c, 0x2e, 0xfe, 0x10,
    0x0f, 0xff, 0x40, 0xbb, 0xf8, 0x40, 0x32, 0xbb,
    0xf8, 0x4c, 0x40,

    /* U+660E "明" */
    0x00, 0xff, 0xe0, 0x08, 0x01, 0xcc, 0x01, 0x48,
    0x17, 0x08, 0x85, 0xf9, 0x0b, 0xc7, 0x85, 0xa1,
    0x67, 0x66, 0x85, 0x04, 0x05, 0xe0, 0x14, 0x40,
    0x04, 0x43, 0x06, 0x10, 0x0f, 0xfe, 0x63, 0xbc,
    0x01, 0x85, 0x9c, 0x03, 0x9d, 0xe0, 0x0c, 0x2c,
    0xe0, 0x18, 0x40, 0x3f, 0xf8, 0x26, 0x60, 0x0f,
    0xfe, 0x08, 0x83, 0xbc, 0x01, 0x85, 0xdc, 0x00,
    0x30, 0x57, 0x78, 0x03, 0x0b, 0xb8, 0xf9, 0x02,
    0x80, 0x3d, 0x76, 0x00, 0x62, 0xcb, 0x10, 0x07,
    0x9d, 0x40, 0x28, 0x59, 0x04, 0x78, 0x00, 0xf9,
    0x86, 0xc0, 0x08, 0xae, 0x06, 0x01, 0x85, 0x24,
    0x03, 0x14, 0xdc, 0x00,

    /* U+6709 "有" */
    0x00, 0xf3, 0x98, 0x07, 0xff, 0x04, 0xa3, 0x14,
    0x03, 0x08, 0x07, 0xd4, 0x08, 0xa0, 0x12, 0x73,
    0x80, 0xbb, 0xf0, 0x1b, 0xbe, 0xc7, 0xf1, 0x13,
    0xbc, 0x00, 0x68, 0x77, 0xd1, 0x10, 0x80, 0x43,
    0x01, 0x00, 0x1a, 0xa4, 0x03, 0xd0, 0x00, 0x76,
    0x6c, 0x8c, 0xa0, 0x19, 0x9c, 0x05, 0x9b, 0x8c,
    0x14, 0x02, 0x5a, 0xf0, 0x17, 0x7e, 0x30, 0x0c,
    0x66, 0xc1, 0x01, 0x77, 0xe3, 0x00, 0xc6, 0xc0,
    0x1f, 0xfc, 0x71, 0x77, 0xe3, 0x00, 0xfe, 0x17,
    0x7e, 0x30, 0x0f, 0xfe, 0x00, 0xae, 0x10, 0x07,
    0xe1, 0x50, 0x00, 0xaa, 0x8a, 0x80, 0x20,

    /* U+671F "期" */
    0x00, 0x29, 0x80, 0x10, 0xc0, 0x38, 0x40, 0x21,
    0xa8, 0x02, 0xb9, 0x0b, 0xa5, 0x56, 0x60, 0x40,
    0x21, 0x00, 0x86, 0x41, 0x51, 0x00, 0x60, 0x2c,
    0x0c, 0xf4, 0x0e, 0x2e, 0x02, 0x20, 0x11, 0x98,
    0x19, 0xe8, 0x16, 0x1c, 0x03, 0xf9, 0x9e, 0x80,
    0x39, 0xdc, 0x60, 0x1c, 0xcf, 0x40, 0x1c, 0xee,
    0x30, 0x0e, 0x67, 0xa0, 0x09, 0xc0, 0x3f, 0x99,
    0xe8, 0x03, 0x91, 0x06, 0x01, 0xfc, 0x54, 0x24,
    0xcc, 0x00, 0x8d, 0x94, 0xdd, 0x54, 0x20, 0x4e,
    0x44, 0x30, 0x01, 0xbe, 0xa0, 0xf9, 0xdc, 0x87,
    0x80, 0x7d, 0x26, 0x92, 0xd4, 0x82, 0xa0, 0x1e,
    0x61, 0xd2, 0x15, 0x1a, 0xa0, 0x2d, 0x10, 0x00,
    0x6b, 0x0c, 0x01, 0x5b, 0x08, 0x0a, 0x60, 0xe0,
    0x78, 0x60, 0x19, 0x94, 0x02, 0xbc, 0x90,

    /* U+672A "未" */
    0x00, 0xfa, 0x18, 0x80, 0x3f, 0xf8, 0x2f, 0x04,
    0x01, 0xff, 0xc5, 0x19, 0x00, 0xe7, 0x7e, 0x01,
    0x77, 0x53, 0xe0, 0x06, 0x77, 0xe0, 0x17, 0x75,
    0xf6, 0x00, 0x7f, 0xf0, 0xc8, 0x03, 0xff, 0x84,
    0xbb, 0x00, 0x4e, 0xfa, 0x7c, 0x06, 0x9d, 0xc5,
    0x1e, 0x24, 0xef, 0x88, 0x00, 0x26, 0xae, 0xf8,
    0x40, 0x32, 0x20, 0xc0, 0x15, 0x86, 0x01, 0xf0,
    0xd2, 0x68, 0x00, 0xdf, 0x1c, 0x03, 0x87, 0x12,
    0xc4, 0x02, 0x93, 0x8d, 0x71, 0x01, 0xb8, 0xa0,
    0x0f, 0x62, 0x15, 0x99, 0x25, 0x28, 0x07, 0xeb,
    0x9e, 0x22, 0x28, 0x07, 0x9c, 0x03, 0x31, 0x00,

    /* U+673A "机" */
    0x00, 0x95, 0x04, 0x03, 0xff, 0x80, 0x35, 0x02,
    0x00, 0x82, 0x07, 0xa0, 0x0f, 0x9c, 0x00, 0x2f,
    0xef, 0x4a, 0xc0, 0x1f, 0x2c, 0x00, 0x19, 0xdc,
    0x08, 0x00, 0x37, 0x80, 0x6e, 0x44, 0x00, 0x7e,
    0x37, 0xe0, 0x6b, 0xc4, 0x00, 0xff, 0x60, 0x35,
    0x10, 0x07, 0xfc, 0x80, 0xc1, 0x86, 0x01, 0xfc,
    0x60, 0x17, 0x00, 0x80, 0x80, 0x7d, 0x2e, 0x00,
    0x4e, 0x00, 0x18, 0x07, 0x84, 0xe4, 0x03, 0x30,
    0x60, 0x07, 0x8a, 0x40, 0x3b, 0x01, 0x00, 0x31,
    0x81, 0x80, 0x79, 0xa4, 0x40, 0x35, 0x80, 0x7d,
    0x0a, 0xc0, 0x1b, 0x9d, 0x00, 0x31, 0xaf, 0x50,
    0x05, 0x80, 0x62, 0x01, 0x0f, 0xc2, 0xb0, 0x06,
    0x6f, 0xf7, 0x20,

    /* U+6761 "条" */
    0x00, 0xe5, 0x62, 0x00, 0xff, 0xe0, 0xdc, 0xd0,
    0x00, 0xe0, 0x03, 0xf4, 0x89, 0xfb, 0xc6, 0x3d,
    0x00, 0x79, 0x58, 0xb5, 0xdc, 0x60, 0x50, 0x01,
    0xc9, 0x17, 0x98, 0x5a, 0x42, 0xc2, 0x00, 0xc8,
    0x5a, 0x83, 0x14, 0xa1, 0x02, 0x01, 0xc8, 0xc0,
    0x31, 0x44, 0x81, 0x5f, 0xb9, 0x44, 0x00, 0x49,
    0xc0, 0xca, 0xcb, 0x72, 0x21, 0xe1, 0x0a, 0xbc,
    0x6c, 0x1c, 0xc2, 0x46, 0xac, 0x30, 0x0b, 0x23,
    0x3b, 0xc2, 0x0e, 0xea, 0x5a, 0x10, 0x01, 0xbb,
    0xb9, 0x1c, 0x41, 0xd6, 0xbf, 0x44, 0x03, 0x33,
    0x34, 0x80, 0x24, 0xe7, 0x00, 0xe2, 0x92, 0xc2,
    0x00, 0x9a, 0x63, 0x00, 0x22, 0xc6, 0xe4, 0x61,
    0x00, 0x9c, 0xcc, 0x80, 0x35, 0xf2, 0x6d, 0x60,
    0x80, 0x17, 0x2a, 0x80, 0x60, 0x40, 0x2e, 0xbb,
    0x00, 0x45, 0x42, 0x00,

    /* U+679C "果" */
    0x00, 0xff, 0xe0, 0x10, 0x07, 0x17, 0xcb, 0xbf,
    0xdb, 0x62, 0x01, 0xc6, 0xee, 0xb8, 0x67, 0x60,
    0x61, 0x00, 0xff, 0xe1, 0x08, 0x07, 0x9d, 0xe2,
    0x09, 0x79, 0x00, 0xfc, 0xef, 0x10, 0x4b, 0xc8,
    0x07, 0xff, 0x31, 0x9d, 0xc4, 0x0c, 0xec, 0x0e,
    0x01, 0x8a, 0xf1, 0xdc, 0x40, 0xce, 0xef, 0x1b,
    0x10, 0x66, 0x13, 0x46, 0x98, 0x5b, 0xb3, 0x99,
    0x38, 0x33, 0x63, 0x20, 0x04, 0xf3, 0x3c, 0xc9,
    0x80, 0x34, 0xa4, 0x10, 0x17, 0xf3, 0x00, 0x7a,
    0x9f, 0x1c, 0x40, 0x0c, 0xf3, 0xf4, 0xa0, 0x77,
    0x9c, 0x60, 0x1d, 0x32, 0x05, 0x61, 0x0b, 0x60,
    0x0c, 0x62, 0x00, 0x6e, 0xb3,

    /* U+67E5 "查" */
    0x00, 0xf9, 0x50, 0x40, 0x3f, 0xf8, 0x03, 0x52,
    0x20, 0x10, 0x80, 0x7f, 0x84, 0x02, 0x3e, 0x60,
    0x37, 0x7d, 0x9c, 0x05, 0x8e, 0xe4, 0x81, 0x03,
    0x77, 0x90, 0xc0, 0x05, 0x5a, 0xce, 0xf0, 0x06,
    0x3c, 0x3c, 0x00, 0x31, 0xf4, 0x98, 0x06, 0x6d,
    0x8c, 0x20, 0x0a, 0x5d, 0xb3, 0x48, 0x92, 0x10,
    0xa0, 0x2b, 0x20, 0x21, 0x85, 0x04, 0x72, 0xdb,
    0xa8, 0x7d, 0x27, 0xa7, 0x9d, 0x50, 0x10, 0x0d,
    0x2e, 0xfb, 0x43, 0x40, 0x3f, 0x4b, 0xbe, 0xd0,
    0x0f, 0xf4, 0xbb, 0xed, 0x00, 0xff, 0x4b, 0xbe,
    0xd0, 0x0f, 0xc7, 0x10, 0x77, 0xdf, 0x09, 0xaa,
    0x08, 0xee, 0xf0, 0x77, 0xe3, 0x0b, 0x4c, 0x20,

    /* U+6807 "标" */
    0x00, 0x0c, 0x39, 0x00, 0x7f, 0xf0, 0xdf, 0x48,
    0x03, 0xc9, 0xc8, 0x01, 0xfe, 0x47, 0x7c, 0x72,
    0x40, 0x1f, 0xa5, 0x10, 0xef, 0xe6, 0x00, 0x85,
    0xe0, 0x1c, 0xbc, 0x40, 0x3c, 0x20, 0x10, 0xb8,
    0x01, 0xee, 0xc2, 0x01, 0xd3, 0xe6, 0x01, 0x94,
    0x11, 0xcd, 0x98, 0xff, 0xad, 0xf0, 0xc0, 0x18,
    0xc1, 0x2a, 0x5d, 0x98, 0x02, 0xcd, 0x28, 0x04,
    0x80, 0x12, 0x3d, 0xf3, 0x00, 0x28, 0x80, 0x3b,
    0xd4, 0x01, 0x3a, 0x86, 0xc0, 0x0c, 0xc1, 0x00,
    0x44, 0x30, 0x01, 0x10, 0xc8, 0x04, 0xc1, 0xe0,
    0x10, 0xd1, 0x80, 0x50, 0xc8, 0x01, 0x90, 0x90,
    0x00, 0x60, 0x18, 0x8e, 0x40, 0x3b, 0x00, 0xc0,
    0x3f, 0x48, 0xb6, 0x03, 0x83, 0xb9, 0x80, 0x3d,
    0xa4, 0x02, 0xcc, 0x38, 0x01, 0x81, 0x00, 0x00,

    /* U+6838 "核" */
    0x00, 0xa1, 0xc0, 0x33, 0xa0, 0x07, 0xf0, 0xbe,
    0x00, 0x61, 0xb8, 0x00, 0xff, 0x08, 0x06, 0x60,
    0x20, 0x6b, 0x00, 0xfc, 0xef, 0xac, 0xc9, 0xf0,
    0x14, 0x00, 0x2f, 0x00, 0xf9, 0xce, 0xc8, 0x56,
    0xd5, 0x6a, 0x00, 0x17, 0xe0, 0x7b, 0x90, 0xb2,
    0xc3, 0xfd, 0x20, 0x0e, 0xd0, 0x73, 0x08, 0x6e,
    0x09, 0x15, 0x20, 0x0e, 0x40, 0x6d, 0x57, 0x3e,
    0xf6, 0x5c, 0x10, 0x0c, 0x62, 0x02, 0xbd, 0x5b,
    0x04, 0xd3, 0x7e, 0x60, 0x14, 0x48, 0x02, 0x64,
    0xaf, 0x53, 0x2e, 0x08, 0x30, 0x01, 0xe3, 0x80,
    0x08, 0x93, 0xfc, 0xd6, 0x50, 0xc0, 0x10, 0xb8,
    0x04, 0x4f, 0x54, 0x1b, 0x42, 0x30, 0x0c, 0x40,
    0x18, 0x9c, 0xcb, 0x43, 0x66, 0xf0, 0x03, 0xfc,
    0xfd, 0x36, 0x48, 0xa7, 0x00, 0x1e, 0xd4, 0x65,
    0xc4, 0x00, 0xa4, 0x78, 0x03, 0x0f, 0xba, 0x31,
    0x00, 0x71, 0xf3, 0x00, 0x00,

    /* U+68B0 "械" */
    0x00, 0x2c, 0x18, 0x07, 0x23, 0xa0, 0x07, 0x6b,
    0x90, 0x07, 0x64, 0x0e, 0xa0, 0x07, 0xff, 0x05,
    0x93, 0x00, 0x39, 0x18, 0x47, 0x81, 0xc1, 0x44,
    0xdd, 0x43, 0xb5, 0xd1, 0x23, 0x0c, 0xc4, 0x19,
    0x9c, 0x83, 0x6f, 0x77, 0x60, 0x60, 0xb9, 0x01,
    0x00, 0x2a, 0x1b, 0xc8, 0x86, 0x03, 0x58, 0x20,
    0xe0, 0x09, 0x00, 0xc3, 0x81, 0xa2, 0xe2, 0x1a,
    0x00, 0x4e, 0x3c, 0x75, 0x50, 0x28, 0x68, 0x01,
    0x50, 0x00, 0xc1, 0xae, 0x98, 0x04, 0x44, 0x03,
    0xa3, 0x00, 0x84, 0x80, 0x23, 0x08, 0x00, 0x9c,
    0x02, 0x10, 0x40, 0x09, 0xc0, 0xc1, 0x4c, 0x03,
    0x23, 0x00, 0x4e, 0xc1, 0x10, 0x10, 0x0e, 0xc8,
    0x09, 0x2d, 0xd3, 0x8b, 0xb8, 0x02, 0x31, 0x81,
    0x07, 0xba, 0x08, 0x30, 0x40, 0x04, 0x60, 0x08,
    0x01, 0x0c, 0x02, 0xca, 0x60,

    /* U+6B21 "次" */
    0x00, 0xf9, 0x98, 0x40, 0x1f, 0x3b, 0x84, 0x02,
    0xb9, 0xa0, 0x0f, 0x9a, 0x3c, 0x40, 0x88, 0x12,
    0x01, 0x10, 0x80, 0x05, 0x45, 0x51, 0x00, 0x4c,
    0xef, 0x66, 0x04, 0x01, 0x74, 0x4d, 0xa3, 0x8e,
    0xf2, 0x89, 0x90, 0x00, 0x53, 0x01, 0x29, 0x32,
    0x01, 0xc3, 0x4c, 0x02, 0x8e, 0x88, 0x21, 0x19,
    0x07, 0xd1, 0x80, 0x46, 0x8f, 0xee, 0x1e, 0x0e,
    0x12, 0xa0, 0x1b, 0x94, 0xd4, 0x00, 0x60, 0xe2,
    0x60, 0x11, 0xe1, 0x60, 0x06, 0x40, 0xe8, 0x00,
    0xc7, 0x40, 0x1c, 0xa0, 0xc8, 0xc6, 0x01, 0x88,
    0x30, 0x02, 0x81, 0x80, 0x4c, 0x30, 0x08, 0x40,
    0xc0, 0x14, 0x54, 0x21, 0xe1, 0x92, 0x20, 0x60,
    0x21, 0x4f, 0xa8, 0x00, 0x45, 0x07, 0x40, 0x77,
    0x7d, 0x66, 0x90, 0x06, 0xa4, 0xb5, 0x01, 0x86,
    0xa6, 0x00, 0xfa, 0xd4, 0x00,

    /* U+6EAF "溯" */
    0x04, 0x10, 0x21, 0x00, 0x20, 0x80, 0x7c, 0x5c,
    0x85, 0xea, 0x17, 0xa8, 0xa0, 0x90, 0x00, 0x70,
    0xd0, 0x6a, 0x31, 0xd0, 0xa9, 0xf7, 0x50, 0x1d,
    0x84, 0xb6, 0x59, 0xb1, 0x0a, 0xc0, 0x44, 0x89,
    0x4d, 0x42, 0x3c, 0xbc, 0x03, 0x96, 0xe7, 0x4b,
    0x38, 0x30, 0xf0, 0x2b, 0x00, 0x02, 0xa6, 0x62,
    0x41, 0x02, 0x43, 0x0a, 0xc0, 0x0a, 0xb8, 0x80,
    0x3f, 0xf8, 0x5d, 0x80, 0x1e, 0x30, 0x10, 0x0e,
    0x55, 0x68, 0xe8, 0xe0, 0x08, 0x2e, 0x00, 0x0a,
    0x80, 0x6b, 0x0c, 0xde, 0xba, 0x4f, 0x80, 0x02,
    0xd0, 0x10, 0x34, 0x42, 0xd2, 0x50, 0x07, 0x10,
    0x28, 0x11, 0xc8, 0x20, 0x30, 0x07, 0x18, 0x18,
    0x4d, 0x88, 0x46, 0x84, 0x48, 0x08, 0x10, 0xa3,
    0xca, 0x03, 0x71, 0x8c, 0x83, 0x80, 0x13, 0x8d,
    0xc8, 0x00, 0xc4, 0x00, 0x1e, 0x80,

    /* U+72B6 "状" */
    0x00, 0x99, 0x86, 0x01, 0x32, 0x08, 0x07, 0xd5,
    0x24, 0x01, 0x4c, 0x8e, 0x50, 0x03, 0xfc, 0x20,
    0x24, 0x36, 0x80, 0x58, 0x40, 0x1f, 0x38, 0x51,
    0x38, 0x13, 0xe0, 0x80, 0x7e, 0x2b, 0x10, 0x01,
    0x09, 0x02, 0xbb, 0xa4, 0x19, 0xe2, 0x70, 0x82,
    0xe0, 0xc1, 0x5d, 0xd6, 0x06, 0xf1, 0xfc, 0x40,
    0x4e, 0x01, 0xce, 0x04, 0x40, 0x0f, 0x11, 0x00,
    0x31, 0x05, 0xd0, 0x06, 0x29, 0xd0, 0x0e, 0xc0,
    0x55, 0x00, 0x65, 0x68, 0x20, 0x0c, 0x88, 0x27,
    0xa0, 0x09, 0xd5, 0xc0, 0x32, 0x0f, 0x07, 0xac,
    0x80, 0x54, 0x01, 0xd0, 0xca, 0x0a, 0x4d, 0xa6,
    0x01, 0xe8, 0x69, 0x00, 0xa4, 0x1c, 0x80, 0x32,
    0x23, 0x68, 0x03, 0x24, 0xd8, 0x80, 0x59, 0x6a,
    0xa0, 0x0f, 0x30, 0x80,

    /* U+7406 "理" */
    0x00, 0xff, 0xe0, 0x88, 0x07, 0xae, 0xb2, 0x55,
    0x12, 0x5f, 0x90, 0x37, 0xde, 0x22, 0x99, 0xfe,
    0xdd, 0x85, 0x04, 0xdc, 0x45, 0x30, 0x40, 0x40,
    0x01, 0x20, 0x11, 0x00, 0x7f, 0xf2, 0x10, 0x80,
    0x0e, 0xc1, 0x4c, 0x01, 0x1b, 0x10, 0x4f, 0x88,
    0x3b, 0x05, 0x30, 0x04, 0x6c, 0x41, 0xba, 0x10,
    0x0f, 0xfe, 0x2b, 0xb0, 0x54, 0x83, 0x80, 0x7d,
    0x74, 0xec, 0x15, 0x17, 0x60, 0x0e, 0x46, 0x62,
    0x80, 0x62, 0xa5, 0x01, 0x62, 0x0f, 0x74, 0x66,
    0x82, 0x95, 0xb4, 0x26, 0x41, 0x56, 0x2a, 0xcd,
    0x05, 0x3c, 0x40, 0x25, 0x7d, 0x40, 0x3f, 0x96,
    0x40, 0x68, 0x40, 0x59, 0xb0, 0x12, 0xb4, 0xa3,
    0x80,

    /* U+7535 "电" */
    0x00, 0xf4, 0x30, 0x80, 0x7f, 0xc2, 0xf6, 0x20,
    0x1f, 0x28, 0x07, 0xf3, 0x90, 0x00, 0x6b, 0x5d,
    0xd2, 0x06, 0xee, 0x88, 0x61, 0x00, 0x67, 0x74,
    0x81, 0xbb, 0xa4, 0x00, 0x40, 0x1f, 0xfc, 0x13,
    0x00, 0xc6, 0xee, 0x90, 0x37, 0x74, 0x80, 0x78,
    0xdd, 0xd2, 0x06, 0xee, 0x90, 0x0f, 0xfe, 0xc1,
    0xbb, 0xa4, 0x0d, 0xdd, 0x20, 0x01, 0x10, 0x1c,
    0xbb, 0xa4, 0x0d, 0xdd, 0x10, 0xe7, 0x31, 0xc7,
    0x00, 0xc6, 0x01, 0x39, 0xd0, 0x80, 0x70, 0x80,
    0xf6, 0xed, 0xc7, 0xc0, 0x1e, 0x81, 0x11, 0x14,
    0x25, 0x40,

    /* U+767B "登" */
    0x00, 0xf1, 0x81, 0x80, 0x7f, 0x3b, 0xd5, 0x8c,
    0x80, 0x3c, 0xc0, 0x1c, 0xef, 0x30, 0x00, 0xde,
    0x8c, 0x84, 0x02, 0x3d, 0x94, 0x33, 0x32, 0x51,
    0xe9, 0x73, 0x00, 0x0d, 0x99, 0x61, 0xc0, 0x56,
    0xee, 0xb7, 0x40, 0x0a, 0x4c, 0x19, 0x89, 0xf6,
    0x70, 0xf4, 0x40, 0x12, 0x95, 0xd9, 0x99, 0xfe,
    0xe3, 0x5d, 0xa1, 0x08, 0xf2, 0xe4, 0x4e, 0xf1,
    0x20, 0xc1, 0x48, 0x80, 0x2a, 0x3b, 0xe0, 0x2e,
    0xb6, 0x04, 0x00, 0xc6, 0x23, 0x80, 0x04, 0x80,
    0x1f, 0x4b, 0xbe, 0x30, 0x0f, 0xc8, 0x74, 0xef,
    0x0b, 0xd8, 0x80, 0x7a, 0x2b, 0x58, 0x01, 0x2e,
    0xc0, 0x1f, 0x9c, 0x34, 0x10, 0xbc, 0x9a, 0x00,
    0x04, 0xcd, 0x90, 0xdb, 0x95, 0xdd, 0x0d, 0x00,
    0x4c, 0xd3, 0xdc, 0x35, 0x43, 0x3f, 0x72, 0x00,

    /* U+76D2 "盒" */
    0x00, 0xf9, 0xd0, 0x03, 0xff, 0x83, 0x31, 0x10,
    0x07, 0xfc, 0xec, 0xb8, 0x16, 0x80, 0x1f, 0xa2,
    0x13, 0x41, 0x67, 0x7f, 0x90, 0x80, 0x01, 0xb2,
    0x80, 0x67, 0xd5, 0xc6, 0x37, 0x70, 0x33, 0x3f,
    0x9d, 0x98, 0xfd, 0xab, 0xbd, 0x66, 0x0c, 0xe3,
    0x76, 0x77, 0xe9, 0xb2, 0x40, 0x0f, 0x63, 0xbf,
    0x10, 0x18, 0x07, 0xd8, 0xcd, 0xc6, 0x01, 0xf1,
    0xac, 0xb3, 0x74, 0xa0, 0x07, 0x0c, 0x8a, 0xcc,
    0x3c, 0xc7, 0xa6, 0x88, 0x07, 0x0b, 0x30, 0x99,
    0x83, 0x40, 0xc2, 0x01, 0xff, 0xd3, 0x50, 0x16,
    0x60, 0xb3, 0x05, 0x98, 0x25, 0x42, 0xd6, 0xe0,

    /* U+76EE "目" */
    0x01, 0x00, 0xf8, 0x88, 0x03, 0xd4, 0xef, 0xef,
    0xd5, 0x00, 0x23, 0xbf, 0x80, 0x3f, 0xf8, 0x4c,
    0x01, 0xff, 0xc2, 0x17, 0x7f, 0x18, 0x06, 0x17,
    0x7f, 0x18, 0x07, 0xff, 0x40, 0x5d, 0xfc, 0x60,
    0x18, 0x5d, 0xfc, 0x60, 0x1f, 0xfd, 0x01, 0x77,
    0xf1, 0x80, 0x65, 0x77, 0xf1, 0x19, 0x00,

    /* U+770B "看" */
    0x00, 0xff, 0x0b, 0x20, 0x07, 0xe1, 0x46, 0xad,
    0xe9, 0xb4, 0x00, 0x8d, 0xa2, 0xa9, 0x72, 0x57,
    0x59, 0xca, 0x01, 0x1b, 0x45, 0x40, 0x24, 0x32,
    0x86, 0x10, 0x04, 0x2e, 0xf7, 0x80, 0xbb, 0xd6,
    0xb6, 0x01, 0x0b, 0xbc, 0x43, 0x4e, 0xf4, 0x63,
    0x20, 0x1b, 0xbd, 0x62, 0xef, 0xec, 0x6c, 0x03,
    0x77, 0x2a, 0x07, 0x00, 0x6b, 0x4a, 0x80, 0x0d,
    0xc0, 0x06, 0x77, 0xc0, 0x60, 0x1d, 0x2a, 0x60,
    0xcd, 0xc4, 0x06, 0x01, 0x4e, 0x48, 0x01, 0x9b,
    0x88, 0x03, 0x1c, 0xa8, 0x04, 0xce, 0xf8, 0x80,
    0x31, 0x80, 0x73, 0x3b, 0xe2, 0x00, 0xff, 0xe6,
    0x8b, 0x3b, 0xe1, 0x21, 0x00, 0x00,

    /* U+7801 "码" */
    0x00, 0xff, 0xe0, 0x18, 0x07, 0xeb, 0x87, 0x7e,
    0xdd, 0x10, 0x13, 0xd7, 0xd9, 0x83, 0x31, 0xde,
    0x01, 0x20, 0x27, 0x20, 0xf8, 0x80, 0xfe, 0x88,
    0x0b, 0x80, 0x63, 0x04, 0x00, 0x85, 0x84, 0x00,
    0x40, 0x19, 0x54, 0x01, 0x08, 0x10, 0x10, 0x08,
    0x04, 0x22, 0x22, 0x59, 0x90, 0x70, 0x08, 0x70,
    0x04, 0xe0, 0x48, 0x8f, 0x60, 0x20, 0x60, 0x03,
    0x00, 0x34, 0x35, 0xc1, 0x34, 0x35, 0xf5, 0xaa,
    0x58, 0x40, 0x3d, 0x1b, 0x0f, 0xb2, 0xa0, 0xe5,
    0x40, 0x18, 0x9d, 0x5e, 0x2a, 0xcc, 0x04, 0xc0,
    0x38, 0x9d, 0xe8, 0xfb, 0x61, 0x00, 0xd8, 0xc0,
    0x1f, 0x8c, 0x80, 0x36, 0x3b, 0x58, 0x04, 0xd7,
    0xc1, 0x60, 0x01, 0x54, 0x09, 0x30, 0x09, 0xa0,
    0x15, 0xc0,

    /* U+786E "确" */
    0x00, 0xfc, 0xa6, 0x01, 0xff, 0x4d, 0x05, 0xe2,
    0x03, 0x00, 0x44, 0xf3, 0xd6, 0x24, 0xc2, 0x66,
    0xb9, 0x90, 0x00, 0x9f, 0x87, 0x62, 0x1c, 0x3a,
    0xee, 0x49, 0x00, 0xda, 0x0e, 0x00, 0x67, 0x12,
    0x6b, 0x58, 0x00, 0x9c, 0xc4, 0x1c, 0xd9, 0xfd,
    0x5e, 0x1d, 0x00, 0x04, 0xc9, 0x82, 0xa0, 0xce,
    0x2e, 0xc0, 0xa0, 0x80, 0x6e, 0x7a, 0x00, 0x97,
    0x17, 0x60, 0x0b, 0x40, 0x48, 0x08, 0x01, 0x2e,
    0x2e, 0xc0, 0x12, 0x80, 0x7c, 0x20, 0x1e, 0x4f,
    0x00, 0xe2, 0x07, 0x70, 0xb3, 0x00, 0x08, 0x40,
    0x1c, 0x24, 0xee, 0x16, 0x60, 0x07, 0x24, 0x80,
    0x19, 0x40, 0x3f, 0xc9, 0x29, 0xc1, 0x20, 0x12,
    0x30, 0x08, 0x0b, 0x58, 0xdf, 0xf8, 0x40, 0x04,
    0x86, 0xe0, 0x14, 0x98, 0x02, 0x08, 0x01, 0x58,
    0x1d, 0x00,

    /* U+79BB "离" */
    0x00, 0xff, 0xe5, 0x1e, 0xc0, 0x07, 0xff, 0x04,
    0xd9, 0xc4, 0x02, 0x91, 0x02, 0x77, 0xf6, 0x3b,
    0x3b, 0xa9, 0xb0, 0x49, 0xdd, 0xbc, 0x8c, 0xf5,
    0x41, 0xf2, 0xcd, 0x10, 0x09, 0x1c, 0xa7, 0x70,
    0xd5, 0x1c, 0x80, 0x3e, 0x1a, 0x03, 0x16, 0x00,
    0xff, 0x22, 0xe6, 0xae, 0x00, 0x7c, 0x20, 0x26,
    0x15, 0x65, 0xc4, 0x01, 0xe7, 0xfb, 0x75, 0x47,
    0x87, 0xa8, 0x40, 0x0d, 0x3e, 0x6d, 0xc2, 0x8e,
    0xc5, 0x54, 0x60, 0x0e, 0x75, 0x1f, 0x8c, 0x06,
    0x60, 0x20, 0x07, 0xb5, 0xae, 0xc3, 0x2c, 0x01,
    0xfc, 0x83, 0x95, 0x41, 0x10, 0x07, 0xf5, 0x51,
    0x84, 0x37, 0x90, 0x0c, 0x03, 0x20, 0x07, 0x8f,
    0x05, 0x84, 0x02, 0xfa, 0x00, 0xf9, 0x7a, 0x40,
    0x00,

    /* U+79CD "种" */
    0x00, 0xc2, 0xa0, 0x18, 0x84, 0x03, 0xe6, 0xfa,
    0x90, 0x0b, 0x70, 0x40, 0x32, 0xec, 0x84, 0xd0,
    0x80, 0x4e, 0x20, 0x11, 0x37, 0x81, 0x31, 0xb8,
    0x80, 0x66, 0x50, 0x23, 0x20, 0x02, 0x2c, 0xeb,
    0x83, 0xba, 0x28, 0xc9, 0xe0, 0x0a, 0x6c, 0x15,
    0xc1, 0xdc, 0x40, 0x64, 0xfe, 0x05, 0xbe, 0x01,
    0xff, 0x58, 0x14, 0x98, 0x07, 0xfc, 0x60, 0x47,
    0x80, 0x1f, 0xe5, 0x00, 0xbc, 0x41, 0x5c, 0x1d,
    0xc4, 0x01, 0x44, 0x80, 0x17, 0x42, 0xdc, 0x1d,
    0xcd, 0x00, 0xb6, 0xc0, 0x11, 0x7b, 0x80, 0x68,
    0x70, 0x76, 0x00, 0xff, 0xe1, 0x10, 0x07, 0xff,
    0x1d, 0x40, 0x3d, 0xa0, 0x18,

    /* U+7BA1 "管" */
    0x00, 0x23, 0x08, 0x06, 0x73, 0x00, 0xfb, 0xe6,
    0x01, 0xd8, 0x63, 0x10, 0x13, 0x04, 0x05, 0x08,
    0xef, 0xbe, 0x45, 0xa2, 0xb5, 0x5c, 0x20, 0xf3,
    0xd2, 0xac, 0x3e, 0x55, 0x53, 0x26, 0x21, 0xf1,
    0x5a, 0x3b, 0x72, 0x08, 0xb1, 0x10, 0x14, 0x4c,
    0x39, 0x38, 0x02, 0xdd, 0x8f, 0x30, 0x20, 0xeb,
    0x88, 0xee, 0x9f, 0x87, 0x17, 0x07, 0x00, 0x59,
    0x2e, 0x61, 0xdf, 0x4c, 0xb2, 0xe8, 0x43, 0x34,
    0x02, 0x77, 0xd4, 0x0e, 0xc0, 0x1f, 0x13, 0xbe,
    0xa0, 0x0f, 0xf1, 0x3b, 0xe8, 0xac, 0x00, 0xfc,
    0x4e, 0xf9, 0xb6, 0x30, 0x03, 0xe2, 0x77, 0xea,
    0x07, 0x00, 0xf8, 0x99, 0xba, 0x80, 0x3f, 0x9d,
    0x9b, 0xa8, 0x0c, 0x00,

    /* U+7CFB "系" */
    0x00, 0xff, 0xe6, 0x8a, 0xce, 0xf1, 0x00, 0x78,
    0xd6, 0x2f, 0xb9, 0x4c, 0x0b, 0x00, 0x19, 0x59,
    0x43, 0xd0, 0x57, 0xbf, 0x6e, 0x80, 0x32, 0xb3,
    0x0a, 0x0a, 0x68, 0x5b, 0x04, 0x03, 0xcb, 0xd4,
    0xf0, 0x0d, 0x52, 0x70, 0x01, 0xe7, 0x12, 0x5c,
    0xa9, 0x55, 0x6c, 0x80, 0x78, 0xb3, 0xe1, 0x06,
    0x3b, 0xd4, 0x80, 0x3c, 0x29, 0x9b, 0xda, 0xe2,
    0xbb, 0xa9, 0x00, 0xc5, 0xd0, 0x2b, 0xbd, 0xf7,
    0x18, 0x8d, 0x00, 0x11, 0x2a, 0xd1, 0x42, 0x2b,
    0x86, 0xa0, 0x20, 0x0d, 0x5e, 0xa2, 0x80, 0x12,
    0x88, 0xbe, 0x80, 0x3a, 0xc8, 0xc4, 0x03, 0x75,
    0x08, 0x07, 0x58, 0x5b, 0x88, 0x04, 0xb4, 0xbe,
    0x20, 0x14, 0x9f, 0xa2, 0xe0, 0x18, 0x01, 0x58,
    0x58, 0x00, 0x51, 0x01, 0x05, 0x50, 0xc0, 0x05,
    0x0a, 0x80, 0x02, 0x10, 0x0d, 0x3c, 0xa0, 0x10,
    0xd1, 0x80, 0x00,

    /* U+7EBF "线" */
    0x00, 0x90, 0x03, 0x2b, 0xa0, 0x07, 0xc7, 0x7a,
    0x20, 0x0f, 0x82, 0xd9, 0x00, 0xe9, 0x09, 0x10,
    0x01, 0x82, 0xd3, 0x30, 0x02, 0x25, 0x86, 0x70,
    0x0e, 0x75, 0xf0, 0x0a, 0x64, 0xf1, 0x0a, 0x00,
    0x91, 0x9d, 0x20, 0x1d, 0x72, 0x94, 0xa5, 0xcc,
    0x00, 0xdb, 0xa8, 0x05, 0x03, 0x52, 0xc3, 0x7e,
    0x0f, 0x00, 0x5c, 0x01, 0x79, 0x9b, 0x04, 0x03,
    0x23, 0xc8, 0x0a, 0x04, 0x1e, 0x01, 0x43, 0x88,
    0x8d, 0xc8, 0x2d, 0x19, 0x8f, 0xfa, 0xf0, 0xea,
    0xc1, 0x48, 0xa2, 0x0e, 0x2f, 0x98, 0x50, 0x0a,
    0x81, 0x47, 0x0c, 0x07, 0xa4, 0x5a, 0x94, 0x00,
    0xc0, 0x07, 0x20, 0x63, 0xbf, 0xdd, 0x42, 0x83,
    0xda, 0x83, 0x44, 0x0c, 0x90, 0xaa, 0xc8, 0x97,
    0x98, 0xab, 0x07, 0x70, 0x8a, 0xf5, 0x45, 0xd6,
    0x6c, 0xc1, 0x2c, 0x43, 0x41, 0x00, 0x02, 0xee,
    0x20, 0x0c, 0x9d, 0x36,

    /* U+7EC6 "细" */
    0x00, 0x88, 0x03, 0xff, 0x87, 0x9c, 0x60, 0xe2,
    0x01, 0x9a, 0xc0, 0x25, 0x16, 0x31, 0x8d, 0x7f,
    0xc7, 0xb4, 0x50, 0x04, 0xa5, 0x18, 0x01, 0x5c,
    0x59, 0xd8, 0x14, 0x19, 0xee, 0x32, 0x40, 0x3f,
    0x86, 0x5b, 0x54, 0xe4, 0x03, 0xf8, 0x55, 0x0c,
    0xb4, 0x03, 0xfe, 0xae, 0x3c, 0x10, 0x02, 0xb8,
    0xb3, 0xb0, 0x04, 0xb9, 0x83, 0x42, 0x05, 0x71,
    0x67, 0x60, 0x00, 0xd2, 0xf7, 0x00, 0x80, 0x3f,
    0x85, 0x11, 0x98, 0x40, 0x0f, 0xfa, 0xe8, 0xc5,
    0x54, 0x01, 0xfe, 0x6a, 0xdf, 0x05, 0x00, 0xff,
    0x52, 0xa7, 0xa8, 0x01, 0x5d, 0x0d, 0xd8, 0x02,
    0x9c, 0x91, 0x00, 0xad, 0xea, 0x5d, 0x8c, 0x00,

    /* U+7ED3 "结" */
    0x00, 0x94, 0x40, 0x31, 0x43, 0x00, 0x78, 0xab,
    0x88, 0x02, 0x67, 0x00, 0xfa, 0xc2, 0x88, 0x03,
    0xe4, 0x20, 0x01, 0x34, 0xb2, 0x2b, 0xbb, 0x43,
    0x1e, 0xf4, 0xc7, 0xa9, 0xa2, 0xf5, 0xdd, 0xa1,
    0x8f, 0xfe, 0x37, 0x3a, 0xf4, 0x38, 0x00, 0xfe,
    0x62, 0x71, 0x3d, 0x00, 0xf1, 0x72, 0x00, 0x34,
    0xd7, 0x04, 0x1d, 0xc7, 0x02, 0xb2, 0x40, 0x36,
    0x50, 0x8c, 0x26, 0xef, 0x94, 0x58, 0x11, 0x0d,
    0x98, 0x71, 0x8e, 0x77, 0xbe, 0x54, 0x14, 0xe7,
    0xe0, 0x40, 0x27, 0x79, 0x81, 0x00, 0x18, 0xc4,
    0xb0, 0x80, 0x1f, 0xc9, 0x7d, 0xbd, 0x28, 0x01,
    0xfc, 0xa8, 0x57, 0x61, 0x00, 0x0b, 0xbc, 0xc0,
    0x10, 0xde, 0x20, 0x06, 0x37, 0x79, 0x88, 0x40,

    /* U+7EDC "络" */
    0x00, 0x12, 0x00, 0x64, 0x20, 0x0f, 0xd5, 0x72,
    0x01, 0x56, 0xa0, 0x00, 0x80, 0x32, 0x94, 0x80,
    0x0c, 0x44, 0x6f, 0x9a, 0x80, 0x04, 0x3f, 0x86,
    0x0a, 0x0f, 0x75, 0x31, 0x60, 0x18, 0xa0, 0x79,
    0x56, 0x76, 0x09, 0x0b, 0x20, 0x53, 0xbd, 0x0a,
    0xcb, 0x8d, 0xb4, 0x65, 0x00, 0x22, 0xc8, 0x42,
    0xda, 0x06, 0x20, 0x78, 0x06, 0xaa, 0x43, 0x81,
    0x03, 0x44, 0x0a, 0x7e, 0xd0, 0x29, 0x10, 0xac,
    0x55, 0xdc, 0x7d, 0x40, 0x74, 0x42, 0xbe, 0x92,
    0x38, 0xa3, 0xbc, 0x83, 0x00, 0x88, 0x9e, 0x72,
    0x51, 0x36, 0x76, 0x02, 0x40, 0x05, 0xb0, 0x23,
    0x00, 0x7f, 0x8a, 0x77, 0xf9, 0xc0, 0x3f, 0xc6,
    0xc1, 0x74, 0x20, 0x1f, 0xe1, 0xad, 0x40, 0x0c,
    0x2c, 0xd0, 0x28, 0x00,

    /* U+7EDF "统" */
    0x00, 0x90, 0x03, 0x0b, 0x90, 0x07, 0xe4, 0xbc,
    0x00, 0x87, 0x74, 0xa0, 0x1f, 0x70, 0x78, 0x06,
    0x90, 0x09, 0xb0, 0x40, 0x04, 0xb4, 0x06, 0xef,
    0x73, 0x13, 0xf2, 0x20, 0x01, 0x32, 0x5f, 0xc2,
    0x70, 0x24, 0x56, 0x88, 0x28, 0x32, 0xe5, 0x9a,
    0xad, 0x0d, 0xa5, 0x74, 0x20, 0x07, 0x03, 0x43,
    0xa9, 0xb7, 0xf6, 0x61, 0x2e, 0x00, 0x07, 0x80,
    0xf0, 0x0c, 0x5e, 0x72, 0x51, 0xc9, 0x00, 0x0c,
    0x78, 0x25, 0xd2, 0x07, 0x60, 0xf4, 0xe8, 0x07,
    0x29, 0xfa, 0xe8, 0xa0, 0xe0, 0x11, 0x40, 0x00,
    0xcc, 0xfb, 0x8a, 0x0c, 0x04, 0x01, 0xfb, 0x24,
    0xd6, 0x0b, 0xc2, 0x80, 0x30, 0x98, 0x15, 0xf7,
    0x52, 0x0a, 0x86, 0x00, 0x70, 0x77, 0x01, 0x21,
    0xdd, 0x87, 0x8e, 0x80, 0x23, 0xc9, 0xd0, 0x05,
    0xea, 0x15, 0xdb, 0x04, 0x05, 0x04, 0x89, 0xe0,
    0x04, 0x00, 0x0d, 0xb8, 0x06, 0xbe, 0xe6, 0xb0,
    0x00,

    /* U+7F51 "网" */
    0x10, 0x0f, 0xf0, 0x90, 0x56, 0x3b, 0xff, 0x6e,
    0x20, 0x1b, 0x3b, 0x23, 0xb9, 0x91, 0xd8, 0x5c,
    0x03, 0x3e, 0x58, 0x2e, 0x60, 0x40, 0x40, 0x0c,
    0x7c, 0x1d, 0x06, 0x14, 0x20, 0x19, 0xb9, 0x01,
    0x42, 0x41, 0xc0, 0x3d, 0x66, 0x81, 0x22, 0x42,
    0x01, 0xe6, 0x01, 0x00, 0xff, 0x90, 0x14, 0x50,
    0x09, 0x00, 0x3d, 0x88, 0x09, 0xea, 0x18, 0x01,
    0xe4, 0xa3, 0x04, 0xb2, 0x10, 0x0e, 0x7a, 0x1c,
    0xc5, 0x0d, 0x68, 0x07, 0x1b, 0x01, 0x62, 0x03,
    0xa0, 0x80, 0x64, 0x00, 0x12, 0x81, 0xbe, 0xa0,
    0x18, 0x20, 0x80, 0x71, 0xbb, 0x86, 0x06, 0xec,
    0x01, 0xfa, 0xb9, 0xc0,

    /* U+81C2 "臂" */
    0x00, 0xff, 0xe2, 0x90, 0x04, 0x24, 0x00, 0x1d,
    0x60, 0x0e, 0x5e, 0x87, 0xdc, 0x30, 0x16, 0xd0,
    0xa5, 0x00, 0x86, 0x9d, 0x44, 0xe6, 0xf3, 0x1a,
    0x04, 0x00, 0xf0, 0xa7, 0x50, 0x04, 0xa7, 0xa9,
    0x6a, 0x00, 0x04, 0x29, 0xe5, 0xcd, 0xd0, 0xa5,
    0x73, 0x88, 0x08, 0x35, 0xf9, 0xde, 0xb0, 0x4a,
    0x2f, 0x20, 0x52, 0x17, 0xc0, 0x57, 0x78, 0x1c,
    0x10, 0x16, 0x10, 0x5f, 0x08, 0x5d, 0xe0, 0x79,
    0x60, 0x56, 0xb5, 0xbc, 0xa7, 0x78, 0x82, 0xc4,
    0x03, 0x11, 0x0d, 0x5d, 0xf4, 0x83, 0x88, 0x07,
    0xd4, 0xef, 0xa4, 0x1c, 0x03, 0xf5, 0x3b, 0xe9,
    0x00, 0xff, 0x53, 0xbe, 0x90, 0x0f, 0xf5, 0x3b,
    0x98, 0x88, 0x01, 0xfc, 0x46, 0x00, 0x15, 0x62,
    0xf0, 0x0f, 0x46, 0x88, 0x06, 0xcd, 0x40, 0x08,

    /* U+836F "药" */
    0x00, 0xc2, 0xec, 0x01, 0x3b, 0x08, 0x07, 0xc7,
    0x18, 0x01, 0x45, 0x8a, 0x30, 0x01, 0x9a, 0xa0,
    0x66, 0x9c, 0x0d, 0xa6, 0x14, 0x19, 0xaa, 0x05,
    0x66, 0x38, 0x1b, 0x6f, 0x28, 0x04, 0xb0, 0x9a,
    0x05, 0x25, 0x00, 0x1e, 0x1b, 0x4f, 0x40, 0x56,
    0x75, 0x02, 0x20, 0x00, 0x71, 0xfc, 0xb0, 0xb0,
    0x09, 0x99, 0x9a, 0x61, 0xa6, 0xbb, 0x20, 0xc9,
    0x30, 0xcc, 0x30, 0x30, 0x99, 0x21, 0xbe, 0x6b,
    0x80, 0x80, 0x0c, 0x40, 0x0b, 0xe7, 0xb0, 0x3b,
    0x1d, 0xe4, 0x02, 0x60, 0x0a, 0x74, 0xc9, 0x24,
    0x0a, 0x15, 0x00, 0x08, 0x02, 0x56, 0xfa, 0x44,
    0x80, 0xad, 0xcc, 0x18, 0x00, 0xe5, 0xdb, 0xc8,
    0x40, 0x05, 0x04, 0x0d, 0x00, 0x0b, 0xa5, 0x73,
    0x00, 0x4b, 0xb0, 0x08, 0x00, 0x58, 0xe7, 0x00,
    0xe4, 0xb1, 0x93, 0x00,

    /* U+884C "行" */
    0x00, 0xc8, 0x01, 0xff, 0xc2, 0x7b, 0xb0, 0x80,
    0x71, 0xf2, 0x00, 0x45, 0x05, 0x02, 0xce, 0xf9,
    0x24, 0xc0, 0x03, 0xeb, 0x26, 0x0c, 0xef, 0xf0,
    0x02, 0x7a, 0xed, 0x86, 0x01, 0xe5, 0x30, 0x04,
    0x1c, 0x03, 0x37, 0xcf, 0x58, 0x80, 0x04, 0x61,
    0xb5, 0x66, 0xd3, 0x5f, 0xe4, 0x01, 0xa0, 0x31,
    0x00, 0xff, 0xaa, 0x00, 0x40, 0x3f, 0xe4, 0xa7,
    0x00, 0xff, 0xe0, 0xa0, 0x80, 0x7f, 0xf6, 0x84,
    0x04, 0x03, 0xff, 0x82, 0xb7, 0xc0, 0x20, 0x1f,
    0x38, 0x04, 0x96, 0x07, 0xe0, 0x1c, 0x3f, 0x60,
    0x1d, 0xf8, 0x60, 0x10,

    /* U+8981 "要" */
    0x00, 0xff, 0xe0, 0xc0, 0x80, 0x09, 0xdf, 0xfe,
    0xa7, 0xc1, 0x02, 0x77, 0xd9, 0x0c, 0xc8, 0xc7,
    0xaf, 0xd1, 0x00, 0xa5, 0x00, 0x3f, 0x63, 0x00,
    0x72, 0x5b, 0x30, 0x19, 0x80, 0xce, 0x70, 0x40,
    0x1e, 0x66, 0x03, 0x30, 0x19, 0xc0, 0x88, 0x01,
    0xff, 0xcb, 0x7c, 0x2d, 0xb7, 0xc7, 0x15, 0x00,
    0xe8, 0xc7, 0x32, 0x32, 0x87, 0x77, 0x1a, 0x00,
    0x09, 0xc9, 0x1e, 0x81, 0x7d, 0xee, 0xd0, 0x3e,
    0x40, 0x4e, 0xf7, 0x0b, 0x53, 0xa2, 0x1e, 0x2e,
    0xc4, 0x01, 0x91, 0x86, 0x84, 0x5c, 0x1e, 0x01,
    0xf9, 0x3a, 0xeb, 0xb8, 0x42, 0x84, 0x01, 0xf8,
    0x41, 0x41, 0x64, 0xa3, 0x6c, 0x40, 0x24, 0x68,
    0xad, 0x9e, 0xa6, 0xcc, 0x1a, 0x30, 0x04, 0x8d,
    0x15, 0x0a, 0x20, 0x11, 0xe7, 0xb8, 0x00,

    /* U+8BA1 "计" */
    0x00, 0x29, 0x00, 0x71, 0x98, 0x40, 0x3e, 0xda,
    0x00, 0xd1, 0x88, 0x01, 0xe5, 0x59, 0xc0, 0x39,
    0x80, 0x3e, 0xb4, 0x40, 0x07, 0xff, 0x06, 0x7c,
    0xc0, 0x3f, 0xc4, 0xf0, 0xf4, 0x01, 0xfb, 0x14,
    0x09, 0xe4, 0x14, 0x5d, 0xe6, 0x0a, 0x90, 0x92,
    0x00, 0xe1, 0x77, 0x98, 0x2a, 0x73, 0x04, 0x01,
    0xff, 0xda, 0x21, 0x00, 0xff, 0xe0, 0x35, 0xa8,
    0x80, 0x7f, 0xa0, 0x0b, 0x5c, 0x03, 0xfe, 0xb0,
    0xb6, 0x00, 0xff, 0xe0, 0x17, 0x20, 0x07, 0x19,
    0x00, 0x60,

    /* U+8BA4 "认" */
    0x01, 0x40, 0x0e, 0x13, 0x20, 0x0f, 0x0f, 0xf2,
    0x80, 0x45, 0x9c, 0x01, 0xf5, 0x0d, 0x00, 0x4e,
    0x0c, 0x01, 0xf0, 0xcb, 0x00, 0x7f, 0xf0, 0x4f,
    0xe4, 0x03, 0x84, 0x03, 0x95, 0xf9, 0x9c, 0x02,
    0x10, 0x50, 0x0e, 0x57, 0x70, 0x28, 0x04, 0x40,
    0x1f, 0xfc, 0x3e, 0x07, 0x40, 0x0f, 0xfe, 0x01,
    0x06, 0xf0, 0x07, 0xff, 0x01, 0x13, 0x00, 0x7f,
    0x21, 0x20, 0x70, 0x14, 0x80, 0x7d, 0xda, 0x50,
    0x4a, 0x16, 0xc8, 0x01, 0x0b, 0x80, 0x25, 0x4b,
    0xc0, 0x0c, 0x16, 0xa0, 0x03, 0x21, 0xd1, 0xba,
    0x20, 0x00, 0xb0, 0x52, 0x81, 0x4e, 0x85, 0x6a,
    0x00, 0x69, 0x26, 0x50, 0x03, 0x1a, 0x59, 0x80,
    0x7b, 0x20, 0x00,

    /* U+8BB0 "记" */
    0x01, 0x61, 0x00, 0xff, 0xe0, 0x8f, 0x72, 0x00,
    0x3e, 0x8a, 0x10, 0x0a, 0x09, 0xcd, 0x59, 0xb9,
    0x55, 0x00, 0x1a, 0x4c, 0x55, 0x9b, 0xc1, 0x00,
    0x1b, 0x3c, 0x80, 0x3f, 0xc2, 0xf0, 0xfc, 0x01,
    0xff, 0x0b, 0xd0, 0x38, 0x0c, 0x90, 0x07, 0xff,
    0x09, 0xbd, 0xde, 0x60, 0x0f, 0xf9, 0x9d, 0xea,
    0x71, 0x00, 0xff, 0xe0, 0xbc, 0x00, 0x7e, 0x20,
    0x0f, 0xfe, 0x0b, 0x58, 0x80, 0x7c, 0xe0, 0x15,
    0x01, 0xc1, 0x83, 0x80, 0x74, 0x88, 0x03, 0xc2,
    0x8c, 0x40, 0xff, 0xba, 0xf1, 0xa0, 0x03, 0xca,
    0x80, 0x2d, 0xd9, 0xde, 0x68, 0x90,

    /* U+8BBE "设" */
    0x03, 0x30, 0x07, 0xe2, 0x00, 0xe1, 0xdd, 0x18,
    0x0f, 0xd3, 0xbb, 0x6c, 0x03, 0x15, 0x17, 0x80,
    0x42, 0xec, 0x01, 0xf2, 0x2a, 0x01, 0x80, 0x80,
    0x7c, 0x8f, 0x49, 0x60, 0xc1, 0xe0, 0x13, 0x9a,
    0x02, 0x38, 0x08, 0x03, 0x8d, 0x40, 0x40, 0xf2,
    0xd8, 0x03, 0x12, 0xb6, 0x80, 0x54, 0x8f, 0x4c,
    0x01, 0x8c, 0xd6, 0xec, 0xd1, 0x22, 0x40, 0x1c,
    0x6c, 0xe6, 0xcd, 0x00, 0x04, 0xc0, 0x3f, 0x68,
    0x80, 0x24, 0x24, 0x80, 0x3c, 0x87, 0x7a, 0x32,
    0x2a, 0x80, 0x1e, 0xdd, 0x19, 0x97, 0xd9, 0x28,
    0x03, 0x1a, 0x83, 0x48, 0x03, 0x84, 0x1d, 0xc4,
    0x01, 0x19, 0x2d, 0x00, 0xdd, 0xa9, 0x4e, 0x37,
    0x90, 0x01, 0xf4, 0x6f, 0x1f, 0x8b, 0x56, 0x81,
    0x08, 0x00, 0x20, 0x17, 0x94, 0x00, 0x92, 0xf9,
    0x80,

    /* U+8BC1 "证" */
    0x03, 0x20, 0x0f, 0xf0, 0x80, 0x45, 0x94, 0x01,
    0xf8, 0xf9, 0x00, 0x03, 0x2a, 0xc6, 0xef, 0x6f,
    0xca, 0x41, 0x00, 0x4c, 0xae, 0x6e, 0xf3, 0x05,
    0xbb, 0x98, 0x11, 0xe1, 0x08, 0x03, 0xfe, 0x47,
    0x01, 0x00, 0x22, 0x04, 0x03, 0xfe, 0x20, 0xfb,
    0x30, 0x08, 0x58, 0x03, 0xfc, 0x60, 0x0a, 0xd9,
    0x70, 0x0f, 0xfe, 0x05, 0x67, 0xb8, 0x07, 0xff,
    0x29, 0x00, 0x3f, 0xf8, 0x06, 0x1a, 0x20, 0x1f,
    0xf1, 0x20, 0x2a, 0x80, 0x3e, 0x20, 0x08, 0xc1,
    0x24, 0x03, 0xe3, 0xd9, 0x00, 0x0d, 0xd2, 0x3e,
    0x43, 0x64, 0x2a, 0x47, 0x08,

    /* U+8BEF "误" */
    0x02, 0x20, 0x07, 0xf1, 0x00, 0x63, 0xca, 0x00,
    0x75, 0x3b, 0xed, 0xb1, 0x00, 0x0c, 0x2b, 0x80,
    0x11, 0xde, 0x60, 0x61, 0x00, 0x99, 0x10, 0x01,
    0xf8, 0x40, 0x06, 0x90, 0xc2, 0x01, 0xff, 0x13,
    0x19, 0x30, 0x00, 0x5d, 0xe6, 0x06, 0x00, 0x09,
    0x08, 0x28, 0x46, 0x3b, 0xf1, 0x80, 0x7c, 0x42,
    0x91, 0x96, 0xe4, 0x68, 0x01, 0xe2, 0x77, 0x59,
    0xbb, 0xaa, 0xd0, 0x03, 0xf9, 0xc1, 0x80, 0x7e,
    0x40, 0x3c, 0xef, 0x78, 0x23, 0xb3, 0x04, 0x80,
    0x31, 0x0b, 0xb8, 0x01, 0x7c, 0xf1, 0x02, 0x01,
    0x70, 0xd5, 0x04, 0x44, 0x2a, 0xb1, 0x00, 0x31,
    0x0e, 0x19, 0xaa, 0x1c, 0x3c, 0xef, 0x4c, 0x06,
    0x70, 0x9a, 0x75, 0xc0, 0x07, 0x41, 0x66, 0x00,
    0x62, 0x37, 0xa3, 0x00, 0xcb, 0xcc, 0x00,

    /* U+8BF7 "请" */
    0x02, 0x30, 0x0f, 0x43, 0x80, 0x78, 0xbf, 0x48,
    0x02, 0x17, 0xb0, 0x2a, 0x10, 0x0a, 0x0a, 0xd1,
    0x9a, 0x02, 0x68, 0x68, 0x00, 0x91, 0xed, 0x19,
    0xa0, 0x26, 0x04, 0x90, 0x47, 0xa6, 0x10, 0x66,
    0x80, 0x5b, 0x40, 0x81, 0x1c, 0x04, 0x00, 0xcd,
    0x00, 0xb2, 0xba, 0x80, 0x71, 0x3c, 0x3b, 0x45,
    0xbc, 0x40, 0x04, 0x03, 0x9d, 0xb4, 0x04, 0x40,
    0xb6, 0xc2, 0x01, 0xf2, 0x3b, 0x31, 0xc0, 0x84,
    0x03, 0xf0, 0xbb, 0xe0, 0x30, 0x0f, 0x88, 0x05,
    0xdf, 0x00, 0x7e, 0xa0, 0x00, 0xbb, 0xe0, 0x0e,
    0x35, 0x0f, 0x20, 0x17, 0x7c, 0x01, 0xc6, 0x50,
    0x80, 0x1c, 0xb8, 0x02, 0x01, 0xb1, 0xc0, 0x24,
    0x00, 0x2a, 0x8a, 0x00, 0x30, 0x80, 0x5d, 0x40,
    0x14, 0xea, 0x00, 0x00,

    /* U+8D26 "账" */
    0x00, 0xfc, 0x8a, 0x40, 0x1e, 0x61, 0x00, 0x24,
    0x07, 0x51, 0x80, 0x7a, 0x35, 0xdd, 0x0e, 0x40,
    0x1b, 0x68, 0x40, 0x24, 0x42, 0xa8, 0x48, 0x02,
    0x62, 0x63, 0x00, 0xd1, 0xc6, 0x01, 0x8a, 0x5b,
    0x08, 0x03, 0x98, 0xc0, 0x34, 0x5c, 0x80, 0x7f,
    0xf0, 0x69, 0x0b, 0x4c, 0x03, 0x8c, 0x00, 0xce,
    0x0d, 0x34, 0x96, 0x01, 0x98, 0x40, 0x0c, 0xe0,
    0xdf, 0x13, 0x00, 0x18, 0xf8, 0x03, 0xde, 0x01,
    0xd1, 0x43, 0xd1, 0xc0, 0x18, 0x5c, 0x03, 0x33,
    0x03, 0xf0, 0x40, 0x36, 0x41, 0x80, 0x6e, 0x67,
    0x3c, 0x01, 0x06, 0x12, 0xd3, 0x00, 0x13, 0xc0,
    0x39, 0x11, 0x03, 0x56, 0xc7, 0x44, 0xaf, 0x04,
    0x22, 0x89, 0x92, 0x81, 0x97, 0xc4, 0x24, 0x40,
    0x02, 0xa1, 0x36, 0x01, 0x50, 0x80,

    /* U+8FD0 "运" */
    0x01, 0x00, 0xff, 0x10, 0x07, 0x3e, 0x18, 0x07,
    0xc9, 0xae, 0x01, 0x98, 0x30, 0x81, 0x5d, 0xf1,
    0xc0, 0x07, 0xa8, 0x14, 0x15, 0xdf, 0xe0, 0x0e,
    0x68, 0x60, 0x0f, 0x8b, 0x4c, 0x03, 0x2f, 0x8b,
    0xbd, 0x30, 0xee, 0x86, 0x80, 0x01, 0xbc, 0x3b,
    0xf2, 0x38, 0xbd, 0x5d, 0x80, 0x06, 0xe8, 0x0c,
    0x00, 0x42, 0x36, 0x51, 0x00, 0xff, 0xa0, 0xb4,
    0x07, 0x94, 0x03, 0xfa, 0x03, 0x04, 0x11, 0x14,
    0x80, 0x1f, 0x33, 0xb5, 0x66, 0x24, 0xc2, 0x00,
    0x3e, 0x20, 0x63, 0x8c, 0x98, 0x02, 0x00, 0x8d,
    0x1e, 0x9f, 0x72, 0x10, 0x02, 0xdc, 0x00, 0x36,
    0x24, 0x7e, 0xe5, 0xd4, 0xce, 0x8b, 0x10, 0x63,
    0x80, 0x4f, 0x67, 0x46, 0x6c, 0xbe, 0x20, 0x0c,
    0x10, 0x00, 0xc6, 0x77, 0xff, 0x30, 0x00,

    /* U+8FDB "进" */
    0x01, 0x00, 0xe7, 0x60, 0x56, 0x30, 0x0c, 0xba,
    0xa0, 0x14, 0x68, 0x7c, 0x90, 0x06, 0x47, 0xa5,
    0x00, 0x84, 0x03, 0x08, 0x06, 0x90, 0xf0, 0x0f,
    0x9f, 0xc8, 0x02, 0x39, 0x93, 0x38, 0x3b, 0x98,
    0x3a, 0x58, 0x02, 0x6d, 0x36, 0x70, 0x77, 0x30,
    0x4b, 0xa0, 0x2b, 0xda, 0x38, 0x07, 0xe7, 0x10,
    0x57, 0x40, 0x37, 0x70, 0x3b, 0x98, 0x26, 0x3c,
    0x40, 0x32, 0xba, 0x85, 0x3b, 0x04, 0xff, 0x08,
    0x07, 0x9c, 0x10, 0x03, 0xff, 0x83, 0xa6, 0x60,
    0x0f, 0xe3, 0x02, 0x15, 0xd0, 0x0f, 0xe9, 0x4c,
    0xf8, 0xc1, 0x00, 0x1a, 0x08, 0x05, 0x6d, 0x07,
    0xef, 0xdb, 0x76, 0x20, 0xbc, 0x90, 0x93, 0x60,
    0x3f, 0x70, 0x54, 0x4c, 0x70, 0x05, 0x80, 0x10,
    0xc6, 0xf7, 0xff, 0x08, 0x00,

    /* U+8FFD "追" */
    0x01, 0x00, 0xf2, 0x5c, 0x90, 0x07, 0x26, 0x98,
    0x00, 0x40, 0xd0, 0x48, 0x80, 0x19, 0x5b, 0x0c,
    0x3a, 0xac, 0xbe, 0x36, 0xc4, 0x02, 0xe0, 0xb0,
    0x03, 0xe6, 0xbc, 0x83, 0x08, 0x04, 0xb1, 0x40,
    0x1f, 0x84, 0x03, 0x36, 0x10, 0x00, 0xd9, 0xb0,
    0x06, 0x47, 0xa4, 0x80, 0x01, 0xbb, 0xca, 0x76,
    0x00, 0x47, 0x50, 0x90, 0x08, 0x46, 0x29, 0xd0,
    0x0f, 0xe3, 0x77, 0xd2, 0xb0, 0x01, 0xf8, 0xdd,
    0xf2, 0x85, 0x80, 0x7f, 0xf2, 0x4c, 0x00, 0x6c,
    0xd9, 0x40, 0x33, 0x3d, 0xca, 0x94, 0xb3, 0x68,
    0xa3, 0x09, 0x93, 0x24, 0xc1, 0x55, 0xda, 0xaf,
    0xfa, 0xce, 0xce, 0x00, 0xb6, 0x59, 0x51, 0x51,
    0x23, 0x31, 0x60, 0x06, 0x6b, 0xef, 0xfe, 0x80,

    /* U+9000 "退" */
    0x01, 0x00, 0xff, 0x10, 0x06, 0x5d, 0x40, 0x00,
    0xf4, 0xbb, 0xd9, 0x82, 0x00, 0x23, 0xda, 0x00,
    0x04, 0x9d, 0xe0, 0x22, 0x00, 0x5c, 0x1a, 0x01,
    0xf8, 0xc0, 0x32, 0x4d, 0x80, 0x4c, 0xef, 0x08,
    0x07, 0xb5, 0x80, 0x26, 0x77, 0x84, 0x03, 0x3c,
    0x25, 0x18, 0x01, 0x9d, 0xe1, 0x00, 0xcf, 0x20,
    0x86, 0x00, 0x66, 0x3b, 0xb0, 0x58, 0x03, 0xfc,
    0x59, 0x08, 0x78, 0x20, 0x1f, 0xc7, 0xcd, 0x17,
    0x42, 0x01, 0xe3, 0x06, 0x8a, 0xd0, 0xb2, 0x00,
    0xe1, 0x05, 0x02, 0xf8, 0x39, 0x05, 0x00, 0x15,
    0x26, 0x4a, 0xb6, 0xb8, 0x01, 0xa5, 0x80, 0x75,
    0x29, 0xc3, 0x5e, 0x6e, 0xa9, 0x7b, 0x48, 0x2f,
    0x22, 0x13, 0x68, 0xa8, 0xaa, 0x44, 0x0a, 0x04,
    0x30, 0x04, 0x95, 0xdf, 0xfd, 0x40,

    /* U+91CD "重" */
    0x00, 0xff, 0x90, 0x40, 0x3f, 0x89, 0x62, 0xfe,
    0xf0, 0x40, 0x22, 0x68, 0xab, 0x9a, 0x63, 0x9a,
    0xe2, 0x00, 0x89, 0xa2, 0xae, 0x80, 0xe1, 0x95,
    0xf1, 0x40, 0x99, 0xd9, 0xb0, 0x1b, 0x34, 0x72,
    0x60, 0x4d, 0xba, 0x10, 0x0f, 0x7c, 0x83, 0x00,
    0x64, 0x43, 0x30, 0x0d, 0x99, 0xc3, 0xe0, 0x1f,
    0xfc, 0x3e, 0x00, 0xf5, 0xb3, 0x00, 0xd9, 0x98,
    0x01, 0xfa, 0xd9, 0x80, 0x6c, 0xcc, 0x00, 0xfd,
    0x6e, 0xc0, 0x6e, 0xec, 0x01, 0x00, 0xdf, 0x70,
    0xec, 0x06, 0xee, 0x93, 0x00, 0xc4, 0x43, 0x77,
    0x48, 0x1b, 0xb9, 0x53, 0x88, 0x00, 0x4e, 0xfa,
    0x40, 0xdd, 0xe9, 0x56, 0x04, 0x66, 0xf1, 0x8b,
    0x35, 0x63, 0x04,

    /* U+91CF "量" */
    0x00, 0x88, 0x03, 0xe4, 0x00, 0xfb, 0xb5, 0xdf,
    0xa2, 0xf0, 0x40, 0x3c, 0x4c, 0xef, 0xa8, 0x00,
    0x20, 0x1f, 0x33, 0x75, 0x03, 0x80, 0x7e, 0xf1,
    0x1c, 0x01, 0xfc, 0xaf, 0x0e, 0xfa, 0x63, 0xf9,
    0x40, 0x5d, 0xc3, 0xee, 0xfc, 0xdb, 0x92, 0x40,
    0x2e, 0xf6, 0x80, 0x79, 0x51, 0x5c, 0x03, 0x91,
    0xdd, 0x14, 0xee, 0x03, 0x30, 0x07, 0x85, 0xdc,
    0x06, 0xee, 0x01, 0x10, 0x07, 0x85, 0xdc, 0x06,
    0xee, 0x00, 0xff, 0x3b, 0x80, 0xdd, 0xc2, 0x60,
    0x1e, 0xaf, 0x77, 0x01, 0xbb, 0xb0, 0xa0, 0x03,
    0x39, 0x33, 0xb8, 0x0d, 0xdc, 0xb0, 0xc4, 0x04,
    0xe0, 0x1f, 0xee, 0x1c, 0x20,

    /* U+9519 "错" */
    0x00, 0x9c, 0x80, 0x21, 0x65, 0x06, 0x51, 0x00,
    0xc7, 0x1e, 0x40, 0x03, 0x9d, 0x08, 0x80, 0x80,
    0x64, 0x04, 0x8d, 0x20, 0x0e, 0x1a, 0x40, 0x0b,
    0x0e, 0xe3, 0xda, 0x80, 0xdc, 0x48, 0xf0, 0x00,
    0x2b, 0xc4, 0xc6, 0x94, 0x06, 0xe2, 0x53, 0x00,
    0x06, 0x45, 0x7a, 0xc0, 0x0f, 0x92, 0x00, 0x07,
    0x5b, 0x1f, 0xaf, 0x48, 0x2e, 0xad, 0xc6, 0x60,
    0x40, 0x08, 0xd1, 0xfa, 0xe5, 0xef, 0xfd, 0x66,
    0x06, 0xec, 0x1d, 0x69, 0x3a, 0xcd, 0x5d, 0x18,
    0x00, 0xdd, 0x83, 0x7d, 0x41, 0xd9, 0xa2, 0x03,
    0x00, 0xff, 0xe5, 0x9c, 0x18, 0x3b, 0xe2, 0x00,
    0xfd, 0x96, 0x60, 0xef, 0x88, 0x03, 0x89, 0x42,
    0x8c, 0x03, 0xff, 0x80, 0x55, 0x08, 0x01, 0x0b,
    0xbc, 0x44, 0x00, 0x00,

    /* U+9605 "阅" */
    0x00, 0x39, 0x80, 0x7c, 0x22, 0x00, 0x87, 0x1d,
    0x59, 0xbb, 0x7c, 0xde, 0x8c, 0x81, 0x59, 0x8e,
    0xcd, 0x08, 0xb5, 0x53, 0x46, 0x45, 0x79, 0xc0,
    0x23, 0x00, 0xcc, 0xf3, 0xea, 0xe0, 0x1f, 0x55,
    0x08, 0x8e, 0x3a, 0x40, 0x1f, 0x26, 0x56, 0x91,
    0x40, 0x1f, 0xfc, 0x91, 0x77, 0x94, 0x03, 0xf6,
    0xac, 0x1c, 0x35, 0x80, 0x7c, 0xf8, 0x0a, 0x1e,
    0x88, 0x00, 0xfb, 0x58, 0x40, 0x8f, 0x40, 0x3c,
    0xa1, 0x20, 0x31, 0x88, 0x01, 0xc8, 0x16, 0x00,
    0xed, 0x94, 0x40, 0x08, 0x1a, 0xa8, 0x03, 0x13,
    0x79, 0xc8, 0x00,

    /* U+9700 "需" */
    0x00, 0xff, 0xe0, 0x30, 0x07, 0x2b, 0xbf, 0xe9,
    0x96, 0x88, 0x00, 0x51, 0xde, 0x58, 0x97, 0x74,
    0xfe, 0x10, 0x01, 0x6d, 0xde, 0xb0, 0x17, 0x7d,
    0xb8, 0x83, 0x24, 0xec, 0xca, 0x01, 0x76, 0x63,
    0x82, 0x2b, 0x16, 0x1a, 0x20, 0x02, 0x24, 0x40,
    0xad, 0x8b, 0xea, 0x31, 0x11, 0xc0, 0x02, 0x45,
    0x48, 0x04, 0x40, 0xae, 0xe5, 0x7b, 0x37, 0x71,
    0xe3, 0x00, 0x1d, 0xfb, 0x5b, 0xdd, 0xf2, 0x70,
    0x83, 0x81, 0x3b, 0x81, 0xe9, 0xde, 0xef, 0x81,
    0x00, 0x6d, 0x3e, 0x1f, 0x3f, 0xe3, 0x3c, 0x18,
    0x07, 0x32, 0x83, 0x30, 0x15, 0x8c, 0x4c, 0x03,
    0xff, 0x9e, 0x6a, 0x60, 0x1e, 0x31, 0x11, 0x88,
    0x97, 0x98, 0x24, 0x03, 0x56, 0x04, 0x60, 0x02,
    0x90, 0xf9, 0xc0, 0x00,

    /* U+9A8C "验" */
    0x00, 0xfe, 0x30, 0x0f, 0xf1, 0xb8, 0x00, 0x73,
    0x8c, 0x03, 0x9d, 0xe8, 0x82, 0x03, 0x02, 0x38,
    0x07, 0x32, 0x39, 0x82, 0x04, 0xad, 0x71, 0x80,
    0x65, 0xc4, 0x11, 0x04, 0x1d, 0x04, 0xe3, 0x80,
    0x42, 0x08, 0x66, 0x23, 0xc0, 0x01, 0xbc, 0x69,
    0x81, 0x00, 0x18, 0x12, 0x48, 0xcd, 0xde, 0xce,
    0x61, 0xc4, 0x02, 0x0e, 0x00, 0x70, 0xd2, 0x8a,
    0x00, 0xce, 0x85, 0x60, 0x7e, 0x47, 0xbc, 0xe0,
    0x09, 0xd7, 0xa0, 0xef, 0x12, 0xb0, 0x40, 0x60,
    0x01, 0x2c, 0x28, 0x3b, 0x5f, 0xa9, 0x1b, 0x08,
    0x2e, 0xde, 0x18, 0x09, 0x29, 0x82, 0x05, 0x80,
    0x15, 0x3d, 0x34, 0x0b, 0x85, 0x20, 0x5c, 0x80,
    0x2b, 0x24, 0x54, 0x07, 0xf1, 0x7e, 0x89, 0x60,
    0x08, 0xfc, 0x61, 0xdc, 0xce, 0xe0, 0x72, 0xd3,

    /* U+9AD8 "高" */
    0x00, 0xff, 0xe5, 0x4d, 0x98, 0x07, 0xff, 0x06,
    0xd3, 0x80, 0x25, 0x90, 0x01, 0xbb, 0xf2, 0x98,
    0xbb, 0xd0, 0xf2, 0x06, 0xee, 0x62, 0x77, 0x66,
    0x1f, 0xd3, 0x7a, 0x40, 0x31, 0xd6, 0xbb, 0xd0,
    0xfa, 0x20, 0x1f, 0x99, 0xde, 0x90, 0x21, 0x00,
    0xfc, 0xcd, 0xc0, 0x1f, 0x20, 0x81, 0xdb, 0x37,
    0x49, 0xa8, 0x05, 0xdc, 0xab, 0x17, 0x79, 0xb8,
    0xba, 0x9c, 0x03, 0x53, 0x83, 0x3b, 0xb9, 0x1d,
    0xc0, 0x80, 0x1c, 0x31, 0xae, 0xe6, 0xd0, 0x0f,
    0xf9, 0x5d, 0xc0, 0x40, 0x1f, 0xf2, 0xbb, 0x80,
    0x3f, 0xf8, 0x09, 0x0e, 0xe8, 0xa7, 0x40, 0x10,
    0x08, 0xcc, 0x36, 0x80, 0x07, 0x63, 0x06, 0x20,
    0x05, 0x60, 0x80, 0x7c, 0x9d, 0x20, 0x00,

    /* U+FF08 "（" */
    0x00, 0xca, 0x01, 0xa8, 0x40, 0x2a, 0xc4, 0x00,
    0x3b, 0x98, 0x02, 0x9b, 0x00, 0x94, 0x5c, 0x02,
    0xd0, 0x10, 0x08, 0x88, 0x01, 0xfe, 0x22, 0x00,
    0x6d, 0x02, 0x00, 0x94, 0x94, 0x03, 0x45, 0x00,
    0x65, 0x54, 0x00, 0x68, 0x06, 0x00, 0xd0, 0xa0,

    /* U+FF09 "）" */
    0x05, 0x00, 0xe1, 0xa0, 0x0c, 0x9b, 0x40, 0x19,
    0xde, 0x00, 0xd7, 0x20, 0x19, 0xc5, 0x40, 0x21,
    0x0d, 0x00, 0xc4, 0x40, 0x0c, 0x60, 0x1c, 0x3a,
    0x01, 0x10, 0x10, 0x04, 0xa4, 0xa0, 0x15, 0x40,
    0x05, 0x0a, 0xa0, 0x03, 0x04, 0x00, 0x4b, 0x00,
    0x10,

    /* U+FF0C "，" */
    0x00, 0x10, 0x03, 0x74, 0xc0, 0x61, 0x81, 0x88,
    0x60, 0x43, 0x40, 0xda, 0x60, 0x4e, 0x00,

    /* U+FF1A "：" */
    0x00, 0x08, 0x03, 0x39, 0x40, 0xc3, 0x02, 0xde,
    0x01, 0x20, 0x40, 0x3f, 0xaf, 0xd4, 0x10, 0x30,
    0x2d, 0xe0,

    /* U+FF1B "；" */
    0x00, 0x08, 0x03, 0x39, 0x40, 0xc3, 0x02, 0xde,
    0x01, 0x20, 0x40, 0x3f, 0xa7, 0xd8, 0x18, 0x30,
    0x24, 0x0c, 0x19, 0x74, 0x20, 0x90, 0x6a, 0x00,

    /* U+FF1F "？" */
    0x00, 0x23, 0xb9, 0x00, 0x2c, 0xf6, 0x1b, 0xb0,
    0x39, 0xe0, 0xb0, 0xa2, 0x09, 0x18, 0x00, 0x60,
    0x4b, 0x62, 0x06, 0x40, 0xe0, 0x11, 0x68, 0xd8,
    0x80, 0x5e, 0x5e, 0x80, 0x11, 0x86, 0x08, 0x06,
    0x15, 0x00, 0xf1, 0x50, 0x07, 0xc4, 0x01, 0xea,
    0xe2, 0x00, 0xe6, 0x11, 0x00, 0x76, 0x71, 0x80,
    0x40
};

/*---------------------
 *  GLYPH DESCRIPTION
 *--------------------*/

static const lv_font_fmt_txt_glyph_dsc_t glyph_dsc[] = {
    {.bitmap_index = 0, .adv_w = 0, .box_w = 0, .box_h = 0, .ofs_x = 0, .ofs_y = 0} /* id = 0 reserved */,
    {.bitmap_index = 0, .adv_w = 64, .box_w = 0, .box_h = 0, .ofs_x = 0, .ofs_y = 0},
    {.bitmap_index = 0, .adv_w = 91, .box_w = 4, .box_h = 12, .ofs_x = 1, .ofs_y = 0},
    {.bitmap_index = 25, .adv_w = 247, .box_w = 15, .box_h = 13, .ofs_x = 0, .ofs_y = -1},
    {.bitmap_index = 114, .adv_w = 154, .box_w = 10, .box_h = 10, .ofs_x = 0, .ofs_y = 1},
    {.bitmap_index = 136, .adv_w = 95, .box_w = 6, .box_h = 2, .ofs_x = 0, .ofs_y = 3},
    {.bitmap_index = 141, .adv_w = 86, .box_w = 3, .box_h = 3, .ofs_x = 1, .ofs_y = 0},
    {.bitmap_index = 146, .adv_w = 102, .box_w = 7, .box_h = 16, .ofs_x = 0, .ofs_y = -3},
    {.bitmap_index = 188, .adv_w = 152, .box_w = 9, .box_h = 12, .ofs_x = 0, .ofs_y = 0},
    {.bitmap_index = 239, .adv_w = 119, .box_w = 7, .box_h = 13, .ofs_x = 0, .ofs_y = 0},
    {.bitmap_index = 263, .adv_w = 152, .box_w = 9, .box_h = 12, .ofs_x = 0, .ofs_y = 0},
    {.bitmap_index = 311, .adv_w = 152, .box_w = 9, .box_h = 12, .ofs_x = 0, .ofs_y = 0},
    {.bitmap_index = 361, .adv_w = 152, .box_w = 10, .box_h = 12, .ofs_x = 0, .ofs_y = 0},
    {.bitmap_index = 404, .adv_w = 152, .box_w = 9, .box_h = 12, .ofs_x = 0, .ofs_y = 0},
    {.bitmap_index = 451, .adv_w = 152, .box_w = 9, .box_h = 13, .ofs_x = 0, .ofs_y = 0},
    {.bitmap_index = 506, .adv_w = 151, .box_w = 9, .box_h = 12, .ofs_x = 0, .ofs_y = 0},
    {.bitmap_index = 544, .adv_w = 152, .box_w = 9, .box_h = 12, .ofs_x = 0, .ofs_y = 0},
    {.bitmap_index = 598, .adv_w = 153, .box_w = 9, .box_h = 13, .ofs_x = 0, .ofs_y = -1},
    {.bitmap_index = 653, .adv_w = 86, .box_w = 3, .box_h = 9, .ofs_x = 1, .ofs_y = 0},
    {.bitmap_index = 666, .adv_w = 154, .box_w = 9, .box_h = 10, .ofs_x = 0, .ofs_y = 1},
    {.bitmap_index = 702, .adv_w = 154, .box_w = 8, .box_h = 10, .ofs_x = 1, .ofs_y = 1},
    {.bitmap_index = 736, .adv_w = 191, .box_w = 12, .box_h = 12, .ofs_x = 0, .ofs_y = 0},
    {.bitmap_index = 794, .adv_w = 181, .box_w = 11, .box_h = 12, .ofs_x = 0, .ofs_y = 0},
    {.bitmap_index = 845, .adv_w = 180, .box_w = 11, .box_h = 12, .ofs_x = 0, .ofs_y = 0},
    {.bitmap_index = 900, .adv_w = 202, .box_w = 12, .box_h = 12, .ofs_x = 0, .ofs_y = 0},
    {.bitmap_index = 949, .adv_w = 170, .box_w = 10, .box_h = 12, .ofs_x = 0, .ofs_y = 0},
    {.bitmap_index = 990, .adv_w = 166, .box_w = 10, .box_h = 12, .ofs_x = 0, .ofs_y = 0},
    {.bitmap_index = 1028, .adv_w = 194, .box_w = 12, .box_h = 12, .ofs_x = 0, .ofs_y = 0},
    {.bitmap_index = 1091, .adv_w = 221, .box_w = 14, .box_h = 12, .ofs_x = 0, .ofs_y = 0},
    {.bitmap_index = 1131, .adv_w = 109, .box_w = 7, .box_h = 12, .ofs_x = 0, .ofs_y = 0},
    {.bitmap_index = 1152, .adv_w = 110, .box_w = 8, .box_h = 15, .ofs_x = -1, .ofs_y = -3},
    {.bitmap_index = 1184, .adv_w = 196, .box_w = 13, .box_h = 12, .ofs_x = 0, .ofs_y = 0},
    {.bitmap_index = 1241, .adv_w = 164, .box_w = 10, .box_h = 12, .ofs_x = 0, .ofs_y = 0},
    {.bitmap_index = 1264, .adv_w = 256, .box_w = 16, .box_h = 12, .ofs_x = 0, .ofs_y = 0},
    {.bitmap_index = 1339, .adv_w = 209, .box_w = 13, .box_h = 12, .ofs_x = 0, .ofs_y = 0},
    {.bitmap_index = 1398, .adv_w = 201, .box_w = 12, .box_h = 12, .ofs_x = 0, .ofs_y = 0},
    {.bitmap_index = 1461, .adv_w = 172, .box_w = 11, .box_h = 12, .ofs_x = 0, .ofs_y = 0},
    {.bitmap_index = 1504, .adv_w = 201, .box_w = 12, .box_h = 16, .ofs_x = 0, .ofs_y = -4},
    {.bitmap_index = 1587, .adv_w = 192, .box_w = 12, .box_h = 12, .ofs_x = 0, .ofs_y = 0},
    {.bitmap_index = 1641, .adv_w = 153, .box_w = 9, .box_h = 12, .ofs_x = 0, .ofs_y = 0},
    {.bitmap_index = 1695, .adv_w = 178, .box_w = 11, .box_h = 12, .ofs_x = 0, .ofs_y = 0},
    {.bitmap_index = 1726, .adv_w = 209, .box_w = 13, .box_h = 12, .ofs_x = 0, .ofs_y = 0},
    {.bitmap_index = 1775, .adv_w = 188, .box_w = 12, .box_h = 12, .ofs_x = 0, .ofs_y = 0},
    {.bitmap_index = 1834, .adv_w = 279, .box_w = 18, .box_h = 12, .ofs_x = 0, .ofs_y = 0},
    {.bitmap_index = 1931, .adv_w = 186, .box_w = 12, .box_h = 12, .ofs_x = 0, .ofs_y = 0},
    {.bitmap_index = 1993, .adv_w = 179, .box_w = 12, .box_h = 12, .ofs_x = 0, .ofs_y = 0},
    {.bitmap_index = 2045, .adv_w = 161, .box_w = 10, .box_h = 12, .ofs_x = 0, .ofs_y = 0},
    {.bitmap_index = 2099, .adv_w = 150, .box_w = 10, .box_h = 9, .ofs_x = 0, .ofs_y = 0},
    {.bitmap_index = 2140, .adv_w = 172, .box_w = 11, .box_h = 14, .ofs_x = 0, .ofs_y = 0},
    {.bitmap_index = 2189, .adv_w = 145, .box_w = 9, .box_h = 9, .ofs_x = 0, .ofs_y = 0},
    {.bitmap_index = 2226, .adv_w = 168, .box_w = 11, .box_h = 14, .ofs_x = 0, .ofs_y = 0},
    {.bitmap_index = 2275, .adv_w = 146, .box_w = 9, .box_h = 9, .ofs_x = 0, .ofs_y = 0},
    {.bitmap_index = 2316, .adv_w = 103, .box_w = 8, .box_h = 13, .ofs_x = 0, .ofs_y = 0},
    {.bitmap_index = 2347, .adv_w = 153, .box_w = 10, .box_h = 13, .ofs_x = 0, .ofs_y = -4},
    {.bitmap_index = 2410, .adv_w = 176, .box_w = 11, .box_h = 14, .ofs_x = 0, .ofs_y = 0},
    {.bitmap_index = 2445, .adv_w = 89, .box_w = 6, .box_h = 13, .ofs_x = 0, .ofs_y = 0},
    {.bitmap_index = 2475, .adv_w = 86, .box_w = 6, .box_h = 17, .ofs_x = -2, .ofs_y = -4},
    {.bitmap_index = 2513, .adv_w = 167, .box_w = 11, .box_h = 14, .ofs_x = 0, .ofs_y = 0},
    {.bitmap_index = 2559, .adv_w = 91, .box_w = 6, .box_h = 14, .ofs_x = 0, .ofs_y = 0},
    {.bitmap_index = 2572, .adv_w = 258, .box_w = 16, .box_h = 9, .ofs_x = 0, .ofs_y = 0},
    {.bitmap_index = 2623, .adv_w = 175, .box_w = 11, .box_h = 9, .ofs_x = 0, .ofs_y = 0},
    {.bitmap_index = 2660, .adv_w = 159, .box_w = 10, .box_h = 9, .ofs_x = 0, .ofs_y = 0},
    {.bitmap_index = 2702, .adv_w = 172, .box_w = 11, .box_h = 13, .ofs_x = 0, .ofs_y = -4},
    {.bitmap_index = 2757, .adv_w = 164, .box_w = 11, .box_h = 13, .ofs_x = 0, .ofs_y = -4},
    {.bitmap_index = 2804, .adv_w = 128, .box_w = 8, .box_h = 9, .ofs_x = 0, .ofs_y = 0},
    {.bitmap_index = 2833, .adv_w = 128, .box_w = 8, .box_h = 9, .ofs_x = 0, .ofs_y = 0},
    {.bitmap_index = 2869, .adv_w = 101, .box_w = 7, .box_h = 12, .ofs_x = 0, .ofs_y = 0},
    {.bitmap_index = 2894, .adv_w = 174, .box_w = 11, .box_h = 10, .ofs_x = 0, .ofs_y = 0},
    {.bitmap_index = 2931, .adv_w = 148, .box_w = 11, .box_h = 9, .ofs_x = -1, .ofs_y = 0},
    {.bitmap_index = 2972, .adv_w = 224, .box_w = 15, .box_h = 9, .ofs_x = -1, .ofs_y = 0},
    {.bitmap_index = 3035, .adv_w = 153, .box_w = 10, .box_h = 9, .ofs_x = 0, .ofs_y = 0},
    {.bitmap_index = 3077, .adv_w = 149, .box_w = 11, .box_h = 13, .ofs_x = -1, .ofs_y = -4},
    {.bitmap_index = 3132, .adv_w = 132, .box_w = 8, .box_h = 9, .ofs_x = 0, .ofs_y = 0},
    {.bitmap_index = 3168, .adv_w = 87, .box_w = 2, .box_h = 18, .ofs_x = 2, .ofs_y = -4},
    {.bitmap_index = 3173, .adv_w = 86, .box_w = 3, .box_h = 3, .ofs_x = 1, .ofs_y = 5},
    {.bitmap_index = 3178, .adv_w = 152, .box_w = 9, .box_h = 2, .ofs_x = 0, .ofs_y = 3},
    {.bitmap_index = 3184, .adv_w = 238, .box_w = 15, .box_h = 2, .ofs_x = 0, .ofs_y = 3},
    {.bitmap_index = 3193, .adv_w = 256, .box_w = 14, .box_h = 2, .ofs_x = 1, .ofs_y = 5},
    {.bitmap_index = 3206, .adv_w = 256, .box_w = 5, .box_h = 5, .ofs_x = 0, .ofs_y = -1},
    {.bitmap_index = 3218, .adv_w = 256, .box_w = 8, .box_h = 16, .ofs_x = 8, .ofs_y = -2},
    {.bitmap_index = 3276, .adv_w = 256, .box_w = 8, .box_h = 16, .ofs_x = 0, .ofs_y = -2},
    {.bitmap_index = 3333, .adv_w = 256, .box_w = 6, .box_h = 15, .ofs_x = 10, .ofs_y = -1},
    {.bitmap_index = 3367, .adv_w = 256, .box_w = 6, .box_h = 15, .ofs_x = 0, .ofs_y = -1},
    {.bitmap_index = 3401, .adv_w = 256, .box_w = 16, .box_h = 15, .ofs_x = 0, .ofs_y = -1},
    {.bitmap_index = 3445, .adv_w = 256, .box_w = 16, .box_h = 15, .ofs_x = 0, .ofs_y = -1},
    {.bitmap_index = 3531, .adv_w = 256, .box_w = 16, .box_h = 15, .ofs_x = 0, .ofs_y = -1},
    {.bitmap_index = 3619, .adv_w = 256, .box_w = 16, .box_h = 15, .ofs_x = 0, .ofs_y = -1},
    {.bitmap_index = 3717, .adv_w = 256, .box_w = 17, .box_h = 16, .ofs_x = 0, .ofs_y = -2},
    {.bitmap_index = 3834, .adv_w = 256, .box_w = 16, .box_h = 16, .ofs_x = 0, .ofs_y = -2},
    {.bitmap_index = 3926, .adv_w = 256, .box_w = 16, .box_h = 16, .ofs_x = 0, .ofs_y = -2},
    {.bitmap_index = 4039, .adv_w = 256, .box_w = 16, .box_h = 16, .ofs_x = 0, .ofs_y = -2},
    {.bitmap_index = 4155, .adv_w = 256, .box_w = 16, .box_h = 16, .ofs_x = 0, .ofs_y = -2},
    {.bitmap_index = 4258, .adv_w = 256, .box_w = 16, .box_h = 16, .ofs_x = 0, .ofs_y = -2},
    {.bitmap_index = 4349, .adv_w = 256, .box_w = 16, .box_h = 15, .ofs_x = 0, .ofs_y = -1},
    {.bitmap_index = 4436, .adv_w = 256, .box_w = 14, .box_h = 16, .ofs_x = 1, .ofs_y = -2},
    {.bitmap_index = 4520, .adv_w = 256, .box_w = 15, .box_h = 15, .ofs_x = 1, .ofs_y = -1},
    {.bitmap_index = 4589, .adv_w = 256, .box_w = 16, .box_h = 16, .ofs_x = 0, .ofs_y = -2},
    {.bitmap_index = 4688, .adv_w = 256, .box_w = 16, .box_h = 16, .ofs_x = 0, .ofs_y = -2},
    {.bitmap_index = 4787, .adv_w = 256, .box_w = 16, .box_h = 16, .ofs_x = 0, .ofs_y = -2},
    {.bitmap_index = 4896, .adv_w = 256, .box_w = 16, .box_h = 15, .ofs_x = 0, .ofs_y = -1},
    {.bitmap_index = 4984, .adv_w = 256, .box_w = 16, .box_h = 15, .ofs_x = 0, .ofs_y = -1},
    {.bitmap_index = 5087, .adv_w = 256, .box_w = 16, .box_h = 16, .ofs_x = 0, .ofs_y = -2},
    {.bitmap_index = 5160, .adv_w = 256, .box_w = 16, .box_h = 15, .ofs_x = 0, .ofs_y = -1},
    {.bitmap_index = 5238, .adv_w = 256, .box_w = 16, .box_h = 15, .ofs_x = 0, .ofs_y = -1},
    {.bitmap_index = 5319, .adv_w = 256, .box_w = 16, .box_h = 15, .ofs_x = 0, .ofs_y = -1},
    {.bitmap_index = 5408, .adv_w = 256, .box_w = 15, .box_h = 15, .ofs_x = 0, .ofs_y = -1},
    {.bitmap_index = 5495, .adv_w = 256, .box_w = 15, .box_h = 16, .ofs_x = 1, .ofs_y = -2},
    {.bitmap_index = 5574, .adv_w = 256, .box_w = 16, .box_h = 15, .ofs_x = 0, .ofs_y = -1},
    {.bitmap_index = 5661, .adv_w = 256, .box_w = 17, .box_h = 15, .ofs_x = 0, .ofs_y = -1},
    {.bitmap_index = 5759, .adv_w = 256, .box_w = 16, .box_h = 15, .ofs_x = 0, .ofs_y = -1},
    {.bitmap_index = 5855, .adv_w = 256, .box_w = 18, .box_h = 17, .ofs_x = 0, .ofs_y = -3},
    {.bitmap_index = 5968, .adv_w = 256, .box_w = 16, .box_h = 15, .ofs_x = 0, .ofs_y = -1},
    {.bitmap_index = 6054, .adv_w = 256, .box_w = 17, .box_h = 18, .ofs_x = 0, .ofs_y = -3},
    {.bitmap_index = 6178, .adv_w = 256, .box_w = 16, .box_h = 16, .ofs_x = 0, .ofs_y = -1},
    {.bitmap_index = 6280, .adv_w = 256, .box_w = 17, .box_h = 16, .ofs_x = 0, .ofs_y = -1},
    {.bitmap_index = 6387, .adv_w = 256, .box_w = 16, .box_h = 16, .ofs_x = 0, .ofs_y = -2},
    {.bitmap_index = 6485, .adv_w = 256, .box_w = 16, .box_h = 16, .ofs_x = 0, .ofs_y = -2},
    {.bitmap_index = 6595, .adv_w = 256, .box_w = 16, .box_h = 13, .ofs_x = 0, .ofs_y = 0},
    {.bitmap_index = 6633, .adv_w = 256, .box_w = 15, .box_h = 15, .ofs_x = 1, .ofs_y = -1},
    {.bitmap_index = 6701, .adv_w = 256, .box_w = 15, .box_h = 15, .ofs_x = 1, .ofs_y = -1},
    {.bitmap_index = 6787, .adv_w = 256, .box_w = 16, .box_h = 15, .ofs_x = 0, .ofs_y = -1},
    {.bitmap_index = 6886, .adv_w = 256, .box_w = 16, .box_h = 16, .ofs_x = 0, .ofs_y = -1},
    {.bitmap_index = 6988, .adv_w = 256, .box_w = 16, .box_h = 16, .ofs_x = 0, .ofs_y = -2},
    {.bitmap_index = 7088, .adv_w = 256, .box_w = 14, .box_h = 15, .ofs_x = 1, .ofs_y = -1},
    {.bitmap_index = 7163, .adv_w = 256, .box_w = 16, .box_h = 16, .ofs_x = 0, .ofs_y = -2},
    {.bitmap_index = 7266, .adv_w = 256, .box_w = 16, .box_h = 16, .ofs_x = 0, .ofs_y = -2},
    {.bitmap_index = 7373, .adv_w = 256, .box_w = 18, .box_h = 15, .ofs_x = 0, .ofs_y = -1},
    {.bitmap_index = 7476, .adv_w = 256, .box_w = 18, .box_h = 15, .ofs_x = 0, .ofs_y = -1},
    {.bitmap_index = 7591, .adv_w = 256, .box_w = 17, .box_h = 15, .ofs_x = 0, .ofs_y = -1},
    {.bitmap_index = 7683, .adv_w = 256, .box_w = 16, .box_h = 16, .ofs_x = 0, .ofs_y = -2},
    {.bitmap_index = 7799, .adv_w = 256, .box_w = 16, .box_h = 16, .ofs_x = 0, .ofs_y = -2},
    {.bitmap_index = 7910, .adv_w = 256, .box_w = 16, .box_h = 16, .ofs_x = 0, .ofs_y = -2},
    {.bitmap_index = 8019, .adv_w = 256, .box_w = 16, .box_h = 16, .ofs_x = 0, .ofs_y = -2},
    {.bitmap_index = 8105, .adv_w = 256, .box_w = 16, .box_h = 16, .ofs_x = 0, .ofs_y = -2},
    {.bitmap_index = 8208, .adv_w = 256, .box_w = 17, .box_h = 17, .ofs_x = 0, .ofs_y = -3},
    {.bitmap_index = 8336, .adv_w = 256, .box_w = 16, .box_h = 16, .ofs_x = 0, .ofs_y = -2},
    {.bitmap_index = 8445, .adv_w = 256, .box_w = 16, .box_h = 16, .ofs_x = 0, .ofs_y = -2},
    {.bitmap_index = 8564, .adv_w = 256, .box_w = 16, .box_h = 16, .ofs_x = 0, .ofs_y = -2},
    {.bitmap_index = 8684, .adv_w = 256, .box_w = 16, .box_h = 16, .ofs_x = 0, .ofs_y = -2},
    {.bitmap_index = 8804, .adv_w = 256, .box_w = 16, .box_h = 16, .ofs_x = 0, .ofs_y = -2},
    {.bitmap_index = 8929, .adv_w = 256, .box_w = 16, .box_h = 15, .ofs_x = 0, .ofs_y = -1},
    {.bitmap_index = 9044, .adv_w = 256, .box_w = 16, .box_h = 15, .ofs_x = 0, .ofs_y = -1},
    {.bitmap_index = 9149, .adv_w = 256, .box_w = 12, .box_h = 14, .ofs_x = 2, .ofs_y = -1},
    {.bitmap_index = 9184, .adv_w = 256, .box_w = 15, .box_h = 16, .ofs_x = 1, .ofs_y = -2},
    {.bitmap_index = 9276, .adv_w = 256, .box_w = 16, .box_h = 15, .ofs_x = 0, .ofs_y = -1},
    {.bitmap_index = 9363, .adv_w = 256, .box_w = 16, .box_h = 16, .ofs_x = 0, .ofs_y = -2},
    {.bitmap_index = 9474, .adv_w = 256, .box_w = 16, .box_h = 15, .ofs_x = 0, .ofs_y = -1},
    {.bitmap_index = 9562, .adv_w = 256, .box_w = 16, .box_h = 16, .ofs_x = 0, .ofs_y = -2},
    {.bitmap_index = 9661, .adv_w = 256, .box_w = 16, .box_h = 16, .ofs_x = 0, .ofs_y = -2},
    {.bitmap_index = 9777, .adv_w = 256, .box_w = 16, .box_h = 15, .ofs_x = 0, .ofs_y = -1},
    {.bitmap_index = 9870, .adv_w = 256, .box_w = 16, .box_h = 15, .ofs_x = 0, .ofs_y = -1},
    {.bitmap_index = 9966, .adv_w = 256, .box_w = 18, .box_h = 15, .ofs_x = 0, .ofs_y = -1},
    {.bitmap_index = 10078, .adv_w = 256, .box_w = 18, .box_h = 16, .ofs_x = 0, .ofs_y = -2},
    {.bitmap_index = 10203, .adv_w = 256, .box_w = 16, .box_h = 16, .ofs_x = 0, .ofs_y = -2},
    {.bitmap_index = 10320, .adv_w = 256, .box_w = 16, .box_h = 16, .ofs_x = 0, .ofs_y = -2},
    {.bitmap_index = 10437, .adv_w = 256, .box_w = 16, .box_h = 16, .ofs_x = 0, .ofs_y = -2},
    {.bitmap_index = 10555, .adv_w = 256, .box_w = 16, .box_h = 16, .ofs_x = 0, .ofs_y = -2},
    {.bitmap_index = 10663, .adv_w = 256, .box_w = 16, .box_h = 15, .ofs_x = 0, .ofs_y = -1},
    {.bitmap_index = 10760, .adv_w = 256, .box_w = 15, .box_h = 15, .ofs_x = 1, .ofs_y = -1},
    {.bitmap_index = 10842, .adv_w = 256, .box_w = 16, .box_h = 16, .ofs_x = 0, .ofs_y = -2},
    {.bitmap_index = 10954, .adv_w = 256, .box_w = 16, .box_h = 15, .ofs_x = 0, .ofs_y = -1},
    {.bitmap_index = 11042, .adv_w = 256, .box_w = 12, .box_h = 15, .ofs_x = 2, .ofs_y = -1},
    {.bitmap_index = 11089, .adv_w = 256, .box_w = 16, .box_h = 15, .ofs_x = 0, .ofs_y = -1},
    {.bitmap_index = 11183, .adv_w = 256, .box_w = 16, .box_h = 15, .ofs_x = 0, .ofs_y = -1},
    {.bitmap_index = 11289, .adv_w = 256, .box_w = 16, .box_h = 16, .ofs_x = 0, .ofs_y = -2},
    {.bitmap_index = 11403, .adv_w = 256, .box_w = 16, .box_h = 17, .ofs_x = 0, .ofs_y = -2},
    {.bitmap_index = 11508, .adv_w = 256, .box_w = 16, .box_h = 15, .ofs_x = 0, .ofs_y = -1},
    {.bitmap_index = 11601, .adv_w = 256, .box_w = 16, .box_h = 15, .ofs_x = 0, .ofs_y = -1},
    {.bitmap_index = 11701, .adv_w = 256, .box_w = 17, .box_h = 17, .ofs_x = 0, .ofs_y = -2},
    {.bitmap_index = 11824, .adv_w = 256, .box_w = 16, .box_h = 16, .ofs_x = 0, .ofs_y = -2},
    {.bitmap_index = 11948, .adv_w = 256, .box_w = 16, .box_h = 15, .ofs_x = 0, .ofs_y = -1},
    {.bitmap_index = 12044, .adv_w = 256, .box_w = 16, .box_h = 15, .ofs_x = 0, .ofs_y = -1},
    {.bitmap_index = 12148, .adv_w = 256, .box_w = 16, .box_h = 15, .ofs_x = 0, .ofs_y = -1},
    {.bitmap_index = 12256, .adv_w = 256, .box_w = 17, .box_h = 16, .ofs_x = 0, .ofs_y = -2},
    {.bitmap_index = 12385, .adv_w = 256, .box_w = 14, .box_h = 16, .ofs_x = 1, .ofs_y = -2},
    {.bitmap_index = 12477, .adv_w = 256, .box_w = 16, .box_h = 17, .ofs_x = 0, .ofs_y = -2},
    {.bitmap_index = 12589, .adv_w = 256, .box_w = 16, .box_h = 15, .ofs_x = 0, .ofs_y = -1},
    {.bitmap_index = 12705, .adv_w = 256, .box_w = 16, .box_h = 16, .ofs_x = 0, .ofs_y = -2},
    {.bitmap_index = 12789, .adv_w = 256, .box_w = 17, .box_h = 16, .ofs_x = 0, .ofs_y = -2},
    {.bitmap_index = 12900, .adv_w = 256, .box_w = 16, .box_h = 15, .ofs_x = 0, .ofs_y = -1},
    {.bitmap_index = 12974, .adv_w = 256, .box_w = 16, .box_h = 16, .ofs_x = 0, .ofs_y = -2},
    {.bitmap_index = 13073, .adv_w = 256, .box_w = 16, .box_h = 15, .ofs_x = 0, .ofs_y = -1},
    {.bitmap_index = 13159, .adv_w = 256, .box_w = 16, .box_h = 16, .ofs_x = 0, .ofs_y = -2},
    {.bitmap_index = 13272, .adv_w = 256, .box_w = 16, .box_h = 15, .ofs_x = 0, .ofs_y = -1},
    {.bitmap_index = 13357, .adv_w = 256, .box_w = 16, .box_h = 16, .ofs_x = 0, .ofs_y = -2},
    {.bitmap_index = 13468, .adv_w = 256, .box_w = 16, .box_h = 16, .ofs_x = 0, .ofs_y = -2},
    {.bitmap_index = 13576, .adv_w = 256, .box_w = 16, .box_h = 16, .ofs_x = 0, .ofs_y = -2},
    {.bitmap_index = 13686, .adv_w = 256, .box_w = 17, .box_h = 16, .ofs_x = 0, .ofs_y = -2},
    {.bitmap_index = 13797, .adv_w = 256, .box_w = 16, .box_h = 16, .ofs_x = 0, .ofs_y = -2},
    {.bitmap_index = 13906, .adv_w = 256, .box_w = 16, .box_h = 16, .ofs_x = 0, .ofs_y = -2},
    {.bitmap_index = 14010, .adv_w = 256, .box_w = 16, .box_h = 16, .ofs_x = 0, .ofs_y = -2},
    {.bitmap_index = 14120, .adv_w = 256, .box_w = 16, .box_h = 15, .ofs_x = 0, .ofs_y = -1},
    {.bitmap_index = 14219, .adv_w = 256, .box_w = 16, .box_h = 15, .ofs_x = 0, .ofs_y = -1},
    {.bitmap_index = 14312, .adv_w = 256, .box_w = 17, .box_h = 15, .ofs_x = -1, .ofs_y = -1},
    {.bitmap_index = 14420, .adv_w = 256, .box_w = 14, .box_h = 15, .ofs_x = 1, .ofs_y = -1},
    {.bitmap_index = 14503, .adv_w = 256, .box_w = 16, .box_h = 16, .ofs_x = 0, .ofs_y = -2},
    {.bitmap_index = 14611, .adv_w = 256, .box_w = 16, .box_h = 15, .ofs_x = 0, .ofs_y = -1},
    {.bitmap_index = 14723, .adv_w = 256, .box_w = 16, .box_h = 17, .ofs_x = 0, .ofs_y = -2},
    {.bitmap_index = 14826, .adv_w = 256, .box_w = 6, .box_h = 16, .ofs_x = 10, .ofs_y = -2},
    {.bitmap_index = 14866, .adv_w = 256, .box_w = 6, .box_h = 16, .ofs_x = 0, .ofs_y = -2},
    {.bitmap_index = 14907, .adv_w = 256, .box_w = 4, .box_h = 7, .ofs_x = 0, .ofs_y = -4},
    {.bitmap_index = 14922, .adv_w = 256, .box_w = 4, .box_h = 10, .ofs_x = 2, .ofs_y = 0},
    {.bitmap_index = 14940, .adv_w = 256, .box_w = 4, .box_h = 13, .ofs_x = 2, .ofs_y = -3},
    {.bitmap_index = 14964, .adv_w = 256, .box_w = 8, .box_h = 14, .ofs_x = 0, .ofs_y = -1}
};

/*---------------------
 *  CHARACTER MAPPING
 *--------------------*/

static const uint8_t glyph_id_ofs_list_0[] = {
    0, 1, 0, 0, 0, 2, 0, 0,
    0, 0, 0, 3, 0, 4, 5, 6,
    7, 8, 9, 10, 11, 12, 13, 14,
    15, 16, 17, 0, 18, 0, 19
};

static const uint16_t unicode_list_3[] = {
    0x00, 0x3b, 0x1f97, 0x1f98, 0x1faa, 0x2f85, 0x2f8e, 0x2f8f,
    0x2f94, 0x2f95, 0x4d8e, 0x4d92, 0x4e57, 0x4ed1, 0x4edd, 0x4ee0,
    0x4f21, 0x5053, 0x50cc, 0x50e9, 0x50ec, 0x5109, 0x517e, 0x51c6,
    0x51d1, 0x5223, 0x52d9, 0x535a, 0x5373, 0x537b, 0x538c, 0x5392,
    0x5410, 0x5445, 0x56ac, 0x56d4, 0x588b, 0x58b8, 0x5adc, 0x5b0d,
    0x5b3d, 0x5b4a, 0x5b7d, 0x5b8a, 0x5d69, 0x5d76, 0x5d8c, 0x5dbc,
    0x5e17, 0x5e86, 0x5ed7, 0x5ed9, 0x5f09, 0x5f5b, 0x5f85, 0x5fbf,
    0x6194, 0x619a, 0x61eb, 0x61ef, 0x61fd, 0x628d, 0x6353, 0x63c8,
    0x6451, 0x64cc, 0x64f4, 0x64f8, 0x6534, 0x6569, 0x6592, 0x668d,
    0x66a3, 0x66ae, 0x66be, 0x66e5, 0x6720, 0x6769, 0x678b, 0x67bc,
    0x6834, 0x6aa5, 0x6e33, 0x723a, 0x738a, 0x74b9, 0x75ff, 0x7656,
    0x7672, 0x768f, 0x7785, 0x77f2, 0x793f, 0x7951, 0x7b25, 0x7c7f,
    0x7e43, 0x7e4a, 0x7e57, 0x7e60, 0x7e63, 0x7ed5, 0x8146, 0x82f3,
    0x87d0, 0x8905, 0x8b25, 0x8b28, 0x8b34, 0x8b42, 0x8b45, 0x8b73,
    0x8b7b, 0x8caa, 0x8f54, 0x8f5f, 0x8f81, 0x8f84, 0x9151, 0x9153,
    0x949d, 0x9589, 0x9684, 0x9a10, 0x9a5c, 0xfe8c, 0xfe8d, 0xfe90,
    0xfe9e, 0xfe9f, 0xfea3
};

/*Collect the unicode lists and glyph_id offsets*/
static const lv_font_fmt_txt_cmap_t cmaps[] =
{
    {
        .range_start = 32, .range_length = 31, .glyph_id_start = 1,
        .unicode_list = NULL, .glyph_id_ofs_list = glyph_id_ofs_list_0, .list_length = 31, .type = LV_FONT_FMT_TXT_CMAP_FORMAT0_FULL
    },
    {
        .range_start = 65, .range_length = 26, .glyph_id_start = 21,
        .unicode_list = NULL, .glyph_id_ofs_list = NULL, .list_length = 0, .type = LV_FONT_FMT_TXT_CMAP_FORMAT0_TINY
    },
    {
        .range_start = 97, .range_length = 26, .glyph_id_start = 47,
        .unicode_list = NULL, .glyph_id_ofs_list = NULL, .list_length = 0, .type = LV_FONT_FMT_TXT_CMAP_FORMAT0_TINY
    },
    {
        .range_start = 124, .range_length = 65188, .glyph_id_start = 73,
        .unicode_list = unicode_list_3, .glyph_id_ofs_list = NULL, .list_length = 131, .type = LV_FONT_FMT_TXT_CMAP_SPARSE_TINY
    }
};



/*--------------------
 *  ALL CUSTOM DATA
 *--------------------*/

#if LVGL_VERSION_MAJOR == 8
/*Store all the custom data of the font*/
static  lv_font_fmt_txt_glyph_cache_t cache;
#endif

#if LVGL_VERSION_MAJOR >= 8
static const lv_font_fmt_txt_dsc_t font_dsc = {
#else
static lv_font_fmt_txt_dsc_t font_dsc = {
#endif
    .glyph_bitmap = glyph_bitmap,
    .glyph_dsc = glyph_dsc,
    .cmaps = cmaps,
    .kern_dsc = NULL,
    .kern_scale = 0,
    .cmap_num = 4,
    .bpp = 4,
    .kern_classes = 0,
    .bitmap_format = 1,
#if LVGL_VERSION_MAJOR == 8
    .cache = &cache
#endif

};



/*-----------------
 *  PUBLIC FONT
 *----------------*/

/*Initialize a public general font descriptor*/
#if LVGL_VERSION_MAJOR >= 8
const lv_font_t lv_font_SourceHanSerifSC_16 = {
#else
lv_font_t lv_font_SourceHanSerifSC_16 = {
#endif
    .get_glyph_dsc = lv_font_get_glyph_dsc_fmt_txt,    /*Function pointer to get glyph's data*/
    .get_glyph_bitmap = lv_font_get_bitmap_fmt_txt,    /*Function pointer to get glyph's bitmap*/
    .line_height = 19,          /*The maximum line height required by the font*/
    .base_line = 4,             /*Baseline measured from the bottom of the line*/
#if !(LVGL_VERSION_MAJOR == 6 && LVGL_VERSION_MINOR == 0)
    .subpx = LV_FONT_SUBPX_NONE,
#endif
#if LV_VERSION_CHECK(7, 4, 0) || LVGL_VERSION_MAJOR >= 8
    .underline_position = -1,
    .underline_thickness = 1,
#endif

#if LV_VERSION_CHECK(9, 3, 0)
    .static_bitmap = 0,    /*Bitmaps are stored as const so they are always static if not compressed */
#endif

    .dsc = &font_dsc,          /*The custom font data. Will be accessed by `get_glyph_bitmap/dsc` */
#if LV_VERSION_CHECK(8, 2, 0) || LVGL_VERSION_MAJOR >= 9
    .fallback = NULL,
#endif
    .user_data = NULL,
};



#endif /*#if LV_FONT_SOURCEHANSERIFSC_16*/
