/*******************************************************************************
 * Size: 24 px
 * Bpp: 4
 * Opts: --size 24 --bpp 4 --format lvgl --font D:\Renesas_project\26renesascup_smartmedicine_Ra8p1\gui\RA8P1\resources\font\SourceHanSerifSC-Bold.otf --symbols 0123456789ABCDEFGHIJKLMNOPQRSTUVWXYZabcdefghijklmnopqrstuvwxyz +-.:|/%<>智慧药品工作站取任务识别结果师身份认证管理登录台存日志设备状态系统·…：（）；，、—–【】《》？!条自检通过项异常 --no-kerning --lv-include lvgl.h --lv-font-name lv_font_SourceHanSerifSC_24 -o D:\Renesas_project\26renesascup_smartmedicine_Ra8p1\gui\RA8P1\generated\assets\fonts\lv_font_SourceHanSerifSC_24.c
 ******************************************************************************/

#ifdef __has_include
    #if __has_include("lvgl.h")
        #ifndef LV_LVGL_H_INCLUDE_SIMPLE
            #define LV_LVGL_H_INCLUDE_SIMPLE
        #endif
    #endif
#endif

#ifdef LV_LVGL_H_INCLUDE_SIMPLE
    #include "lvgl.h"
#else
    #include "lvgl.h"
#endif



#ifndef LV_FONT_SOURCEHANSERIFSC_24
#define LV_FONT_SOURCEHANSERIFSC_24 1
#endif

#if LV_FONT_SOURCEHANSERIFSC_24

/*-----------------
 *    BITMAPS
 *----------------*/

/*Store the image of the glyphs*/
static LV_ATTRIBUTE_LARGE_CONST const uint8_t glyph_bitmap[] = {
    /* U+0020 " " */

    /* U+0021 "!" */
    0x3c, 0xe8, 0x09, 0x31, 0x72, 0x00, 0xe2, 0x00,
    0x8b, 0x40, 0x04, 0x08, 0x00, 0x70, 0x12, 0x0c,
    0x00, 0x38, 0x20, 0x03, 0x40, 0x80, 0x04, 0x40,
    0x09, 0xd8, 0x02, 0x2b, 0x00, 0xf8, 0x6b, 0x58,
    0x21, 0x4a, 0x48, 0xc0, 0x34, 0x18, 0x39, 0x00,

    /* U+0025 "%" */
    0x00, 0x15, 0xd5, 0xc0, 0x07, 0xfa, 0x00, 0x3c,
    0x38, 0x15, 0x46, 0xb0, 0x0f, 0xd0, 0x20, 0x1e,
    0x81, 0xe0, 0x14, 0x48, 0x03, 0xc6, 0xb2, 0x01,
    0xe4, 0x06, 0x00, 0x10, 0x60, 0x07, 0xbb, 0x80,
    0x1f, 0x10, 0x08, 0x03, 0x80, 0x80, 0x3a, 0x68,
    0xc0, 0x3e, 0x10, 0x0c, 0x20, 0x1e, 0x45, 0x70,
    0x0f, 0xc4, 0x02, 0x00, 0xf0, 0x20, 0x08, 0x67,
    0x80, 0xe6, 0xa0, 0x40, 0x2b, 0x05, 0x00, 0x18,
    0x58, 0x05, 0x56, 0x4b, 0x98, 0xa2, 0xc1, 0x00,
    0x39, 0x50, 0x12, 0x31, 0x80, 0x18, 0x18, 0x2c,
    0x54, 0x38, 0xa4, 0x02, 0xdb, 0xa8, 0xa9, 0x00,
    0x15, 0xd0, 0x20, 0xa8, 0x01, 0x41, 0x80, 0x33,
    0xd5, 0x14, 0x02, 0xe8, 0x10, 0x20, 0x10, 0x00,
    0x80, 0x80, 0x7f, 0x9d, 0x54, 0x00, 0xe0, 0x30,
    0x0e, 0x20, 0x0f, 0xc7, 0x52, 0x01, 0x70, 0x18,
    0x07, 0x18, 0x07, 0xee, 0xe0, 0x06, 0x20, 0x10,
    0x0e, 0x10, 0x0f, 0xa5, 0x4c, 0x03, 0x28, 0x28,
    0x00, 0xc1, 0x40, 0x3e, 0x45, 0x80, 0x0e, 0x18,
    0x13, 0x0b, 0x08, 0x00, 0xf0, 0xcf, 0x00, 0x7c,
    0xf3, 0x14, 0x7a, 0x40, 0x1e, 0xba, 0x20, 0x0f,
    0xcd, 0x75, 0x64, 0x01, 0xf4, 0xb8, 0x07, 0xff,
    0x10,

    /* U+002B "+" */
    0x00, 0xf2, 0xd8, 0x07, 0xff, 0x00, 0xd4, 0x03,
    0xff, 0xe4, 0x3f, 0xfd, 0x23, 0xff, 0xd2, 0x3b,
    0xbc, 0xe3, 0xbb, 0xd0, 0x04, 0x5d, 0xc0, 0x45,
    0xc2, 0x01, 0xff, 0xf2, 0x7c, 0x00, 0xf0,

    /* U+002D "-" */
    0x88, 0xf3, 0x31, 0xdf, 0xa8,

    /* U+002E "." */
    0x2b, 0xb1, 0xf2, 0x23, 0x84, 0x00, 0x72, 0x22,
    0xa0,

    /* U+002F "/" */
    0x00, 0xf9, 0xfc, 0x03, 0xf5, 0xa8, 0x07, 0xc2,
    0x7e, 0x01, 0xf3, 0x82, 0x80, 0x7d, 0xa8, 0x01,
    0xf9, 0x34, 0x03, 0xe5, 0x07, 0x00, 0xfb, 0xcc,
    0x40, 0x3e, 0x5b, 0x00, 0xf9, 0x01, 0x40, 0x3e,
    0xd2, 0x20, 0x07, 0xce, 0xa0, 0x1f, 0x18, 0xd8,
    0x07, 0xd6, 0x26, 0x01, 0xf2, 0xb8, 0x07, 0xc4,
    0x4d, 0x00, 0xf9, 0x41, 0x00, 0x3e, 0xb5, 0x00,
    0xf8, 0x4f, 0xc0, 0x3e, 0x70, 0x40, 0x0f, 0xb5,
    0x04, 0x03, 0xc2, 0x9a, 0x01, 0xf2, 0x02, 0x00,
    0x7c,

    /* U+0030 "0" */
    0x00, 0x92, 0xb7, 0x56, 0xc0, 0x1e, 0x9b, 0x0d,
    0xd6, 0x4e, 0x00, 0x66, 0x60, 0x58, 0x01, 0xcc,
    0xd4, 0x01, 0x48, 0x28, 0x80, 0x56, 0x0a, 0x60,
    0xa0, 0x0d, 0x00, 0xc8, 0x00, 0xa0, 0xc0, 0x01,
    0x00, 0x62, 0x00, 0x20, 0x28, 0x01, 0x80, 0x30,
    0x80, 0x08, 0x08, 0x03, 0xfe, 0x10, 0x08, 0x40,
    0x38, 0x40, 0x06, 0x60, 0x00, 0x80, 0x70, 0x80,
    0x0c, 0x40, 0x3f, 0xe1, 0x50, 0x03, 0x00, 0x61,
    0x00, 0x10, 0x60, 0x00, 0x80, 0x31, 0x00, 0x10,
    0x14, 0x01, 0xa0, 0x19, 0x00, 0x14, 0x00, 0x90,
    0x51, 0x00, 0xac, 0x14, 0xc0, 0x0c, 0xc0, 0xb0,
    0x03, 0x99, 0xa8, 0x03, 0x4d, 0x8f, 0x6d, 0xce,
    0x00, 0x40,

    /* U+0031 "1" */
    0x00, 0x85, 0x61, 0xc0, 0x24, 0x9d, 0xea, 0x7d,
    0x00, 0xdb, 0xea, 0x01, 0xe4, 0x41, 0x00, 0x46,
    0x01, 0xff, 0xff, 0x00, 0xff, 0xee, 0x88, 0x00,
    0xc0, 0x3f, 0xf8, 0x2f, 0xde, 0x80, 0x05, 0xfd,
    0x40,

    /* U+0032 "2" */
    0x00, 0x0b, 0xd6, 0x7e, 0xd1, 0x00, 0x64, 0xeb,
    0xac, 0xe1, 0x5d, 0x60, 0x00, 0xd8, 0x20, 0x00,
    0x78, 0x01, 0x22, 0x0e, 0x00, 0xc0, 0x08, 0x84,
    0x00, 0x80, 0x8b, 0x08, 0x01, 0x88, 0x00, 0x40,
    0x54, 0xe0, 0x1c, 0x40, 0x03, 0x00, 0xfc, 0x62,
    0x04, 0x80, 0x1f, 0xa0, 0x01, 0xc0, 0x1f, 0x9d,
    0x03, 0x0c, 0x03, 0xe4, 0x81, 0xc3, 0x00, 0xf8,
    0xec, 0xfc, 0xc0, 0x3e, 0x2d, 0x5c, 0x10, 0x0f,
    0x87, 0x1a, 0x80, 0x3f, 0x0e, 0x44, 0x00, 0x3f,
    0x0e, 0x30, 0xbb, 0xfe, 0x09, 0x24, 0x88, 0xfe,
    0x00, 0xff, 0xe1, 0x00,

    /* U+0033 "3" */
    0x00, 0x1c, 0xd6, 0x76, 0xd1, 0x80, 0x4d, 0x89,
    0x59, 0xec, 0xb8, 0xe0, 0x09, 0x05, 0x00, 0x0d,
    0x00, 0x20, 0x44, 0x88, 0x90, 0x08, 0x44, 0x00,
    0x51, 0xbb, 0x08, 0x06, 0x10, 0x03, 0x00, 0x7c,
    0xa0, 0x05, 0x20, 0x0e, 0x16, 0xa0, 0x8a, 0x00,
    0xcb, 0xdc, 0x94, 0xc7, 0x00, 0xe5, 0xee, 0x4a,
    0xe6, 0x08, 0x03, 0xc2, 0xda, 0x07, 0xa2, 0x01,
    0xf1, 0xa0, 0x02, 0x00, 0x3f, 0x10, 0x01, 0x5b,
    0x10, 0x03, 0x84, 0x02, 0xb3, 0x80, 0x0e, 0x20,
    0x02, 0xa8, 0x0c, 0x03, 0x12, 0x80, 0x2e, 0x10,
    0x10, 0x00, 0x7e, 0x00, 0xa2, 0x0b, 0xae, 0xbe,
    0xd6, 0x8e, 0x50,

    /* U+0034 "4" */
    0x00, 0xfd, 0x7f, 0xc0, 0x1f, 0xe7, 0x40, 0x0f,
    0xf8, 0xf4, 0x03, 0xfe, 0x1f, 0xb0, 0x0f, 0xfa,
    0xbc, 0x40, 0x3f, 0xcf, 0xa6, 0x01, 0xfe, 0x4d,
    0x60, 0x0f, 0xf0, 0xc5, 0x00, 0x7f, 0xd5, 0xc0,
    0x1f, 0xf4, 0x69, 0x00, 0x7f, 0x89, 0xe7, 0xff,
    0x80, 0x03, 0xfe, 0x91, 0x00, 0xff, 0xe0, 0x9f,
    0xff, 0xc0, 0x01, 0xff, 0x48, 0x07, 0xff, 0xb0,

    /* U+0035 "5" */
    0x00, 0xbf, 0xff, 0x9c, 0x03, 0xff, 0x8a, 0x21,
    0x11, 0xf9, 0x00, 0x22, 0x17, 0x7f, 0xc6, 0x01,
    0x39, 0x00, 0x7f, 0xf0, 0x05, 0xc0, 0x3f, 0xf8,
    0x04, 0xd7, 0xdf, 0xd9, 0x02, 0x01, 0xc8, 0xbb,
    0xab, 0x73, 0x7e, 0x60, 0x0c, 0x70, 0xc6, 0x93,
    0x40, 0x09, 0x30, 0x0f, 0xe5, 0x30, 0x04, 0x80,
    0x7f, 0x90, 0x00, 0xe0, 0x1f, 0xef, 0x00, 0x10,
    0x02, 0x31, 0x00, 0x3b, 0xc0, 0x06, 0x00, 0x63,
    0xf0, 0x0e, 0x30, 0x02, 0x80, 0x1c, 0x10, 0x03,
    0x12, 0x00, 0xc0, 0x02, 0x4c, 0x08, 0x00, 0x78,
    0x05, 0xa2, 0x01, 0x64, 0xca, 0xfb, 0x8b, 0x5a,
    0x60, 0x00,

    /* U+0036 "6" */
    0x00, 0xff, 0xe4, 0x25, 0x6d, 0x90, 0x07, 0x93,
    0x6f, 0x72, 0xc8, 0x03, 0xaa, 0xc3, 0x5c, 0x40,
    0x3d, 0x8a, 0x5a, 0x40, 0x1f, 0x51, 0x87, 0x80,
    0x7e, 0x65, 0x07, 0x20, 0x0f, 0xd0, 0x00, 0x90,
    0x0f, 0xc8, 0x20, 0x47, 0x5b, 0xf9, 0x00, 0x16,
    0x80, 0x57, 0xf2, 0xc6, 0xfa, 0x20, 0xa0, 0x05,
    0x95, 0x49, 0x60, 0x29, 0x02, 0x00, 0x70, 0x06,
    0xa0, 0x03, 0x81, 0x80, 0x04, 0x03, 0x18, 0x04,
    0x2e, 0x00, 0xf0, 0x0f, 0xc6, 0x40, 0x02, 0x00,
    0xfc, 0x54, 0x00, 0x40, 0x0c, 0x40, 0x03, 0x02,
    0x60, 0x14, 0x00, 0x94, 0x01, 0xe0, 0x09, 0x60,
    0x91, 0x03, 0x90, 0x93, 0x00, 0xa6, 0xdf, 0x31,
    0xef, 0xac, 0x00,

    /* U+0037 "7" */
    0x9f, 0xff, 0xf4, 0x00, 0x7f, 0xdf, 0xb1, 0x1f,
    0x9c, 0x15, 0x1d, 0xff, 0x72, 0x10, 0x07, 0xf4,
    0x70, 0x07, 0xf3, 0x82, 0x80, 0x7e, 0x18, 0x60,
    0x0f, 0xe8, 0x0a, 0x00, 0xfc, 0x4c, 0x84, 0x01,
    0xfa, 0x03, 0xc0, 0x3f, 0x1a, 0x8a, 0x00, 0x7e,
    0xf0, 0x90, 0x0f, 0xc8, 0x60, 0xc0, 0x1f, 0xa4,
    0x14, 0x40, 0x3e, 0x62, 0x0e, 0x00, 0xfd, 0x00,
    0x48, 0x01, 0xf3, 0x88, 0x50, 0x07, 0x80,

    /* U+0038 "8" */
    0x00, 0x9b, 0x37, 0x6a, 0x20, 0x08, 0x76, 0x6b,
    0x75, 0xcb, 0xaa, 0x00, 0xd2, 0x46, 0x00, 0x1b,
    0x85, 0x08, 0x8c, 0x30, 0x03, 0x60, 0x01, 0x48,
    0x01, 0xc0, 0x18, 0x40, 0x0e, 0x40, 0x07, 0x10,
    0x08, 0x81, 0x0c, 0x54, 0x07, 0x04, 0x01, 0x49,
    0x60, 0x0b, 0x20, 0x2e, 0x77, 0x45, 0x80, 0x43,
    0xac, 0x21, 0x10, 0xb6, 0x00, 0xc4, 0x3f, 0xce,
    0x03, 0x34, 0x00, 0x6d, 0xf1, 0x14, 0x58, 0x01,
    0x58, 0xe4, 0x10, 0x02, 0x48, 0x00, 0x5d, 0x00,
    0x0c, 0x03, 0x38, 0x00, 0xcc, 0x00, 0x10, 0x0f,
    0x8b, 0x00, 0x0e, 0x01, 0x8c, 0x01, 0x4c, 0xa1,
    0x06, 0x00, 0x1f, 0x06, 0x60, 0x55, 0xaf, 0x6e,
    0x6a, 0xec, 0x80,

    /* U+0039 "9" */
    0x00, 0x9e, 0xf7, 0x58, 0xe0, 0x1c, 0x7b, 0x07,
    0xba, 0xb8, 0xc2, 0x00, 0xb8, 0x89, 0x00, 0x07,
    0x23, 0xf0, 0x03, 0x90, 0x50, 0x06, 0x50, 0x25,
    0x0d, 0x00, 0x10, 0x06, 0xc0, 0x04, 0x83, 0x80,
    0x04, 0x03, 0x30, 0x00, 0xc0, 0x30, 0x80, 0x63,
    0x00, 0x85, 0xc0, 0x1a, 0x01, 0xf8, 0xf8, 0x00,
    0xc0, 0x18, 0xc0, 0x23, 0x46, 0x01, 0xc2, 0x01,
    0xb0, 0x08, 0x42, 0x68, 0xcd, 0xbd, 0x66, 0x00,
    0x50, 0x09, 0x73, 0xfb, 0x94, 0xe0, 0x0f, 0x00,
    0xf0, 0x81, 0x10, 0x0d, 0x40, 0x3f, 0x48, 0x03,
    0x80, 0x3f, 0x3a, 0x05, 0x90, 0x07, 0xd1, 0x01,
    0xc4, 0x00, 0xf1, 0xdb, 0xb7, 0x18, 0x07, 0x1d,
    0xf1, 0xf4, 0x80, 0x7c, 0x33, 0xb0, 0x20, 0x1f,
    0x00,

    /* U+003A ":" */
    0x4e, 0xe2, 0x48, 0x8a, 0x44, 0x02, 0xe4, 0x47,
    0x15, 0xd8, 0xc0, 0x3f, 0xf8, 0x85, 0x76, 0x3e,
    0x44, 0x70, 0x80, 0x0e, 0x44, 0x54,

    /* U+003C "<" */
    0x00, 0xff, 0x3c, 0x00, 0x7e, 0x7e, 0xac, 0x00,
    0xf3, 0x75, 0x5e, 0xa0, 0x06, 0x5d, 0xbb, 0x6a,
    0x80, 0x64, 0xcb, 0xb6, 0xa8, 0x06, 0x3b, 0xaa,
    0x73, 0x00, 0x7b, 0xd3, 0x58, 0x03, 0xf6, 0x3e,
    0x51, 0x00, 0x7e, 0x8e, 0x3d, 0xa2, 0x00, 0xf8,
    0x67, 0x83, 0x64, 0x40, 0x3e, 0x1a, 0xd2, 0xe9,
    0x10, 0x0f, 0x8a, 0xf0, 0xb9, 0xc0, 0x3f, 0x1d,
    0xd8, 0x40,

    /* U+003E ">" */
    0x2b, 0x30, 0x0f, 0xf1, 0x96, 0x59, 0x00, 0x7e,
    0x19, 0xd1, 0xd9, 0x10, 0x0f, 0xc5, 0x5a, 0x7d,
    0x02, 0x01, 0xf8, 0xab, 0x4f, 0x9c, 0x03, 0xf8,
    0xaf, 0x31, 0xcc, 0x01, 0xfc, 0x76, 0x92, 0x60,
    0x1f, 0x9b, 0x9a, 0xcc, 0x03, 0xcb, 0xb7, 0x6c,
    0x40, 0x0e, 0x5d, 0x88, 0x6a, 0x80, 0x72, 0x6d,
    0xdb, 0x54, 0x03, 0x8b, 0x2e, 0xb9, 0x80, 0x3e,
    0x34, 0xe7, 0x00, 0xfe,

    /* U+0041 "A" */
    0x00, 0xf8, 0xff, 0xc6, 0x01, 0xff, 0xc2, 0xa0,
    0x05, 0x00, 0x7f, 0xf0, 0x8c, 0x41, 0xc0, 0x3f,
    0xf8, 0x29, 0xee, 0x02, 0xa0, 0x1f, 0xfc, 0x0d,
    0x4d, 0x00, 0x78, 0x07, 0xff, 0x00, 0xc5, 0x04,
    0x14, 0x40, 0x3f, 0xcb, 0x80, 0x07, 0x00, 0x38,
    0x07, 0xfb, 0xdc, 0x01, 0xa0, 0x0a, 0x00, 0xfe,
    0x11, 0x80, 0x08, 0x00, 0x31, 0x00, 0xfc, 0xf8,
    0x01, 0x94, 0x00, 0xc0, 0x1f, 0xb6, 0xf3, 0x33,
    0x80, 0x28, 0x03, 0xe1, 0x7c, 0xce, 0xd0, 0x01,
    0x18, 0x07, 0x99, 0x00, 0x3c, 0x80, 0x0b, 0x00,
    0xf5, 0xd8, 0x03, 0xda, 0x00, 0x60, 0x0e, 0x22,
    0x18, 0x07, 0x9c, 0x00, 0x28, 0x01, 0xa9, 0x00,
    0x3e, 0x13, 0x00, 0x70, 0x02, 0x7d, 0xd7, 0xe8,
    0x02, 0x1e, 0xf3, 0x00, 0x2f, 0xc8,

    /* U+0042 "B" */
    0xce, 0xff, 0xdb, 0xdf, 0xb8, 0xe2, 0x01, 0x67,
    0x28, 0x00, 0xf7, 0xbe, 0xce, 0x38, 0xc0, 0x3f,
    0xe6, 0x90, 0x06, 0x80, 0x7f, 0xf0, 0x10, 0x00,
    0x22, 0x00, 0xff, 0x98, 0x02, 0x10, 0x08, 0xc0,
    0x3e, 0xd0, 0x04, 0x80, 0x7f, 0x86, 0x58, 0xed,
    0x80, 0x3e, 0x3c, 0xee, 0x3c, 0x7a, 0x00, 0x7e,
    0x4c, 0xee, 0x5d, 0x66, 0x10, 0x03, 0xfc, 0x2b,
    0x80, 0x76, 0x80, 0x1e, 0x70, 0x0c, 0x2e, 0x00,
    0x90, 0x0f, 0xfe, 0x07, 0x00, 0x08, 0x40, 0x06,
    0x01, 0xf8, 0xc0, 0x3f, 0xf8, 0x7a, 0x00, 0x21,
    0x00, 0xff, 0x0b, 0x80, 0x20, 0x03, 0xfc, 0x98,
    0x00, 0x95, 0x0c, 0xe5, 0x00, 0x1e, 0xeb, 0xa5,
    0xa3, 0x98, 0x00,

    /* U+0043 "C" */
    0x00, 0xe4, 0x9d, 0xee, 0x6e, 0x49, 0x00, 0x64,
    0xdb, 0x6b, 0xce, 0xdd, 0x2e, 0xb8, 0x01, 0xac,
    0x8f, 0x98, 0x80, 0x03, 0x61, 0xc0, 0x92, 0x00,
    0xe1, 0x00, 0xe4, 0x00, 0xa4, 0x00, 0xe4, 0x01,
    0xe3, 0x11, 0x29, 0x00, 0x28, 0x03, 0xf7, 0x46,
    0x00, 0x44, 0x01, 0xfe, 0x20, 0x01, 0x00, 0x7f,
    0xcc, 0x00, 0x10, 0x0f, 0xf8, 0x40, 0x3f, 0xf8,
    0x4c, 0x00, 0x20, 0x0f, 0xfb, 0x00, 0x02, 0x40,
    0x1f, 0xe7, 0x10, 0x05, 0x00, 0x7e, 0xbc, 0x18,
    0x00, 0x39, 0x00, 0x7c, 0x80, 0x06, 0x70, 0x07,
    0x10, 0x07, 0x28, 0x06, 0x8a, 0x13, 0xd6, 0x20,
    0x01, 0x78, 0x30, 0x04, 0xbd, 0x4b, 0x7b, 0xfb,
    0xc7, 0xb4,

    /* U+0044 "D" */
    0xce, 0xff, 0xdb, 0xdf, 0xb4, 0xc0, 0x1d, 0x9c,
    0xa0, 0x02, 0xde, 0xe4, 0xbc, 0xf3, 0x00, 0x7f,
    0xc2, 0x9a, 0xa3, 0x32, 0x00, 0xff, 0xe0, 0xd0,
    0x83, 0x30, 0x03, 0xff, 0x83, 0x20, 0x08, 0x00,
    0x8c, 0x03, 0xf9, 0x80, 0x02, 0xa0, 0x1f, 0xfc,
    0x01, 0x00, 0xb0, 0x03, 0xff, 0x82, 0x40, 0x02,
    0x00, 0xe1, 0x00, 0xf8, 0x40, 0x0e, 0x01, 0xc2,
    0x01, 0xf0, 0x80, 0x18, 0x03, 0xff, 0x82, 0x40,
    0x02, 0x00, 0xff, 0xe0, 0x08, 0x05, 0x80, 0x1f,
    0xfc, 0x09, 0x00, 0x12, 0x00, 0x7f, 0xf0, 0x18,
    0x01, 0x20, 0x11, 0x80, 0x7c, 0x36, 0x21, 0x08,
    0x01, 0xfe, 0x4c, 0x42, 0xb7, 0x00, 0x67, 0x28,
    0x00, 0xb7, 0x5d, 0x29, 0x7a, 0x80, 0x10,

    /* U+0045 "E" */
    0xce, 0xff, 0xdd, 0xdd, 0xfe, 0x7c, 0xe5, 0x00,
    0x17, 0x77, 0x38, 0x07, 0xff, 0x06, 0xc0, 0x3f,
    0xf8, 0x26, 0x1e, 0x01, 0xff, 0xc0, 0xca, 0x00,
    0x18, 0x07, 0x8e, 0x40, 0xc8, 0x03, 0xf9, 0x50,
    0x03, 0xff, 0x81, 0xc0, 0x1f, 0xc5, 0xbb, 0x30,
    0x07, 0xf1, 0x6e, 0xd2, 0x01, 0xff, 0xc1, 0x20,
    0x0f, 0xfe, 0x0a, 0xe8, 0x07, 0x18, 0x07, 0xf1,
    0xc8, 0x07, 0xff, 0x02, 0xd8, 0x03, 0xff, 0x80,
    0xa0, 0x1f, 0xfc, 0x01, 0x20, 0xce, 0x50, 0x01,
    0x6e, 0xf7, 0x80, 0x00,

    /* U+0046 "F" */
    0xce, 0xff, 0xdd, 0xdd, 0xfe, 0x9c, 0xe5, 0x00,
    0x17, 0x77, 0x48, 0x07, 0xff, 0x05, 0xc0, 0x3f,
    0xf8, 0x22, 0x66, 0x00, 0xff, 0xe0, 0x6d, 0x80,
    0x0c, 0x03, 0xc7, 0x60, 0x22, 0x00, 0xfe, 0x56,
    0x00, 0xff, 0xe0, 0x08, 0x07, 0xf1, 0x6e, 0xd2,
    0x01, 0xfc, 0x5b, 0xb4, 0x80, 0x7f, 0xf0, 0x4c,
    0x03, 0xff, 0x82, 0x9a, 0x01, 0xc6, 0x01, 0xff,
    0xe9, 0xce, 0x50, 0x01, 0x7e, 0xb0, 0x07, 0x00,

    /* U+0047 "G" */
    0x00, 0xe4, 0x9d, 0xee, 0x6e, 0x49, 0x80, 0x78,
    0xf6, 0xda, 0xf3, 0xb7, 0x8b, 0x28, 0x03, 0x36,
    0x11, 0xeb, 0x10, 0x00, 0xb8, 0x04, 0x02, 0x49,
    0x00, 0x71, 0x00, 0x72, 0x00, 0x74, 0x80, 0x18,
    0x80, 0x3c, 0x26, 0x01, 0x29, 0x00, 0x2c, 0x03,
    0xf6, 0x58, 0x03, 0x00, 0x22, 0x00, 0xff, 0xe0,
    0x28, 0x00, 0x80, 0x3f, 0xf8, 0x22, 0x00, 0x10,
    0x0e, 0x34, 0x4f, 0x84, 0x00, 0x20, 0x1c, 0xd9,
    0xd7, 0x77, 0x12, 0x80, 0x08, 0x03, 0x96, 0x2c,
    0x02, 0x96, 0xc0, 0x08, 0x80, 0x3f, 0xf8, 0x0a,
    0x20, 0x0b, 0x00, 0xff, 0xe0, 0xd8, 0x01, 0x88,
    0x03, 0x84, 0x02, 0x10, 0x02, 0xc0, 0x03, 0xc8,
    0x03, 0xff, 0x80, 0xf6, 0x44, 0xd6, 0x00, 0x84,
    0x00, 0x66, 0x00, 0xc9, 0xb4, 0xd7, 0xdc, 0xdd,
    0x36, 0x60, 0x40,

    /* U+0048 "H" */
    0xce, 0xff, 0xdd, 0x80, 0x02, 0xde, 0xff, 0xdd,
    0x19, 0xca, 0x00, 0x2e, 0xc0, 0x01, 0x6f, 0x80,
    0x53, 0xd0, 0x01, 0xff, 0xd3, 0x10, 0x0f, 0xf8,
    0x40, 0x3f, 0xff, 0xe7, 0xbb, 0xf0, 0x04, 0x60,
    0x1f, 0x1e, 0xef, 0xc0, 0x11, 0x80, 0x7f, 0xff,
    0xc0, 0x3f, 0xf9, 0xe2, 0x01, 0xe1, 0x00, 0xf5,
    0xea, 0x80, 0x0b, 0x70, 0x00, 0x59, 0xe0, 0x14,
    0xec, 0x00,

    /* U+0049 "I" */
    0xbe, 0xff, 0xdd, 0x83, 0x7c, 0xa0, 0x02, 0xec,
    0x10, 0x0f, 0xf8, 0xc0, 0x3f, 0xfc, 0x62, 0x01,
    0xf8, 0x40, 0x3f, 0xfb, 0xa6, 0x01, 0xff, 0xc3,
    0xbe, 0x50, 0x01, 0x76, 0x08,

    /* U+004A "J" */
    0x00, 0x5f, 0x7f, 0xf6, 0xa8, 0x02, 0xfb, 0x40,
    0x2c, 0xd5, 0x00, 0xff, 0xe3, 0x88, 0x07, 0xff,
    0x98, 0xc0, 0x3f, 0xfd, 0xc6, 0x01, 0xe3, 0x00,
    0xff, 0xe1, 0x08, 0x07, 0x84, 0x00, 0x40, 0x1f,
    0x38, 0x02, 0x80, 0x23, 0x98, 0x03, 0x01, 0x60,
    0x0b, 0xd9, 0xf3, 0x43, 0x44, 0x02, 0x93, 0x01,
    0x3d, 0x30, 0x0c,

    /* U+004B "K" */
    0xbe, 0xff, 0xdd, 0x80, 0x07, 0xef, 0xfb, 0x98,
    0x2f, 0x94, 0x00, 0x9d, 0x80, 0x07, 0xe7, 0x4f,
    0xe6, 0x00, 0xff, 0xe0, 0x2a, 0x58, 0x07, 0xff,
    0x08, 0xe3, 0x40, 0x3f, 0xf8, 0x45, 0xde, 0x20,
    0x1f, 0x18, 0x00, 0x40, 0x03, 0xdc, 0x20, 0x0f,
    0xfe, 0x15, 0x18, 0x80, 0x7f, 0xf0, 0xa5, 0x02,
    0x40, 0x3f, 0xf8, 0x2e, 0x40, 0x04, 0x40, 0x07,
    0xfc, 0x9b, 0x6a, 0x00, 0x90, 0x0f, 0xf8, 0xe8,
    0x2c, 0x00, 0x4e, 0x01, 0xfe, 0x70, 0x00, 0xb8,
    0x02, 0x04, 0x03, 0xc6, 0x01, 0xe8, 0x10, 0x04,
    0x00, 0x7f, 0xf0, 0xa0, 0x00, 0xc4, 0x01, 0xf8,
    0x40, 0x33, 0x10, 0x02, 0x40, 0x3f, 0xf8, 0x50,
    0x00, 0x45, 0x00, 0x5f, 0x28, 0x01, 0x3a, 0x40,
    0x17, 0x60, 0x0a, 0xb5, 0x00,

    /* U+004C "L" */
    0xbe, 0xff, 0xdd, 0xa6, 0x01, 0xd7, 0xca, 0x00,
    0x2e, 0xd3, 0x00, 0xff, 0xf2, 0x98, 0x07, 0xff,
    0x48, 0x40, 0x3f, 0xfb, 0xa2, 0x01, 0xff, 0xcc,
    0x30, 0x0f, 0xeb, 0x80, 0x0f, 0xfe, 0x02, 0x00,
    0x7f, 0xf0, 0x10, 0x03, 0xff, 0x83, 0x80, 0x0b,
    0xe5, 0x00, 0x16, 0xef, 0x38, 0x00,

    /* U+004D "M" */
    0x0c, 0xef, 0xfc, 0x20, 0x1f, 0x87, 0xff, 0x75,
    0x86, 0x72, 0x80, 0x4c, 0x01, 0xf9, 0x80, 0x25,
    0xeb, 0x00, 0xc4, 0x00, 0xa0, 0x0f, 0xd4, 0x40,
    0x1f, 0xd4, 0x00, 0x24, 0x00, 0xf1, 0xb3, 0x00,
    0x3f, 0x8c, 0x80, 0x1c, 0x01, 0xe9, 0xe0, 0x0f,
    0xfa, 0xc0, 0x0a, 0x20, 0x18, 0x51, 0x40, 0x23,
    0x00, 0xf9, 0x80, 0x26, 0x00, 0xcc, 0xc0, 0x0f,
    0xf0, 0x88, 0x18, 0x01, 0x40, 0x1a, 0xa8, 0x01,
    0xff, 0xc1, 0xb0, 0x01, 0x20, 0x00, 0xc4, 0x81,
    0xc0, 0x3f, 0xe2, 0x30, 0x07, 0x00, 0x26, 0x40,
    0x1f, 0xfc, 0x39, 0x00, 0x28, 0x89, 0x14, 0x03,
    0xff, 0x86, 0xa2, 0x00, 0x66, 0x38, 0x07, 0xff,
    0x15, 0x80, 0x13, 0x56, 0x01, 0xe3, 0x00, 0xff,
    0x50, 0x00, 0x44, 0x40, 0x1f, 0xfc, 0x52, 0x40,
    0x05, 0x00, 0x7f, 0xf1, 0xfc, 0x00, 0xc0, 0x1f,
    0xe3, 0xdf, 0x4a, 0xec, 0x00, 0x20, 0xb0, 0x05,
    0x9c, 0x60, 0x05, 0xeb,

    /* U+004E "N" */
    0x0c, 0xef, 0xfa, 0xc0, 0x3a, 0x77, 0xfe, 0xe9,
    0x0c, 0xe3, 0x00, 0x23, 0x00, 0x69, 0xdf, 0x5a,
    0xe9, 0x00, 0xfa, 0x48, 0x03, 0xff, 0x85, 0x20,
    0x17, 0x80, 0x7f, 0xf0, 0x96, 0x40, 0x05, 0x20,
    0x1f, 0xfc, 0x17, 0x64, 0x00, 0x32, 0x00, 0x7f,
    0xf0, 0xa8, 0x40, 0x14, 0x20, 0x1f, 0xfc, 0x11,
    0xa0, 0x00, 0xd0, 0x07, 0xfc, 0x20, 0x04, 0x70,
    0x02, 0x38, 0x00, 0xc0, 0x3f, 0xe8, 0x30, 0x04,
    0x18, 0x07, 0xf1, 0x80, 0x6e, 0x00, 0xb8, 0x03,
    0xff, 0x84, 0x54, 0x00, 0x29, 0x00, 0xff, 0xe1,
    0x2a, 0x80, 0x0c, 0x80, 0x1f, 0xfc, 0x2a, 0x20,
    0x01, 0x00, 0x7f, 0xf0, 0xf8, 0x03, 0xfc, 0x20,
    0x1f, 0x1c, 0x00, 0x70, 0xf7, 0x9c, 0x7f, 0x28,
    0x07, 0x3a, 0x00, 0x60,

    /* U+004F "O" */
    0x00, 0xc2, 0xf9, 0xdd, 0x5b, 0x80, 0x7e, 0x7e,
    0x8b, 0xee, 0x79, 0xc7, 0xb0, 0x07, 0x4c, 0x04,
    0xb8, 0x00, 0x61, 0x82, 0x5c, 0x02, 0x66, 0x02,
    0x30, 0x07, 0x48, 0x84, 0x20, 0x02, 0x00, 0x1a,
    0x01, 0xf3, 0x00, 0x24, 0x14, 0x40, 0x0c, 0x01,
    0xf5, 0x80, 0x08, 0xfc, 0x00, 0x20, 0x1f, 0x88,
    0x02, 0xb6, 0x00, 0x18, 0x07, 0xe1, 0x00, 0x88,
    0x40, 0x02, 0x01, 0xfc, 0x20, 0x01, 0x10, 0x00,
    0x40, 0x3f, 0x84, 0x00, 0x2c, 0x00, 0x30, 0x0f,
    0xc2, 0x01, 0x17, 0x80, 0x04, 0x03, 0xf1, 0x00,
    0x56, 0xa2, 0x00, 0x50, 0x0f, 0xac, 0x00, 0x46,
    0x10, 0x00, 0xe0, 0x0f, 0x98, 0x01, 0x20, 0x06,
    0x50, 0x46, 0x00, 0xe8, 0x10, 0x84, 0x00, 0xaa,
    0x02, 0x58, 0x02, 0x87, 0x09, 0x70, 0x0e, 0x7e,
    0x7a, 0xee, 0x8e, 0x39, 0x80, 0x20,

    /* U+0050 "P" */
    0xce, 0xff, 0xdb, 0xdc, 0xda, 0x50, 0x0b, 0x39,
    0x40, 0x05, 0xbd, 0xf4, 0xb5, 0x82, 0x01, 0xfc,
    0x2f, 0x20, 0x74, 0x01, 0xff, 0x30, 0x01, 0x08,
    0x03, 0xfe, 0x20, 0x03, 0x80, 0x0c, 0x03, 0xff,
    0x94, 0x24, 0x00, 0x40, 0x0e, 0x10, 0x0d, 0x00,
    0x07, 0x10, 0x0f, 0xc7, 0x4c, 0x0d, 0x00, 0x1e,
    0x3d, 0xee, 0x0c, 0x6c, 0x80, 0x7c, 0x5b, 0xdb,
    0x6e, 0x40, 0x1f, 0xfc, 0x83, 0x00, 0xff, 0xf6,
    0xe7, 0x28, 0x00, 0xbf, 0x58, 0x03, 0xc0,

    /* U+0051 "Q" */
    0x00, 0xe7, 0xce, 0xea, 0xd8, 0x03, 0xf2, 0xf4,
    0x5f, 0x73, 0xca, 0x79, 0x00, 0x39, 0xe8, 0x65,
    0xc0, 0x03, 0x2e, 0x36, 0xa0, 0x12, 0x40, 0x13,
    0x00, 0x74, 0x00, 0x28, 0x80, 0x10, 0x00, 0xa0,
    0x0f, 0x94, 0x01, 0x20, 0x66, 0x00, 0x28, 0x07,
    0xdc, 0x00, 0x41, 0xb0, 0x08, 0x80, 0x3e, 0x60,
    0x09, 0xcc, 0x00, 0x40, 0x1f, 0x88, 0x02, 0xf7,
    0x00, 0x08, 0x07, 0xff, 0x00, 0xc4, 0x03, 0xff,
    0x80, 0x20, 0x01, 0x60, 0x00, 0x80, 0x7f, 0x08,
    0x00, 0x88, 0x00, 0x20, 0x0f, 0xc2, 0x01, 0x76,
    0x00, 0x42, 0x01, 0xf1, 0x00, 0x48, 0xa4, 0x00,
    0x70, 0x0f, 0xac, 0x00, 0x86, 0x10, 0x00, 0xd0,
    0x0f, 0x94, 0x01, 0x00, 0x05, 0x50, 0x21, 0x80,
    0x72, 0x90, 0x39, 0x80, 0x54, 0xe1, 0xa6, 0x01,
    0x25, 0x04, 0xc0, 0x07, 0x46, 0x26, 0x62, 0xb2,
    0x9b, 0x18, 0x03, 0xe3, 0xac, 0x35, 0x3e, 0x93,
    0x00, 0xff, 0x18, 0x04, 0x20, 0x1f, 0xfc, 0x16,
    0x00, 0x48, 0x07, 0xff, 0x06, 0x08, 0x1d, 0xc2,
    0x04, 0x20, 0x1f, 0x87, 0x5c, 0xa3, 0xbe, 0x48,
    0x03, 0xfd, 0x1b, 0xfd, 0xf6, 0x60,

    /* U+0052 "R" */
    0xce, 0xff, 0xdb, 0xdf, 0xb8, 0xe2, 0x01, 0xb3,
    0x94, 0x00, 0x7b, 0xdf, 0x23, 0x1c, 0xa0, 0x1f,
    0xfc, 0x04, 0xf0, 0x05, 0x10, 0x07, 0xff, 0x00,
    0x90, 0x00, 0xa0, 0x1f, 0xfc, 0x11, 0x00, 0x70,
    0x06, 0x30, 0x0f, 0xcc, 0x00, 0xc0, 0x0f, 0xfe,
    0x01, 0x98, 0x0d, 0x40, 0x3e, 0x70, 0x00, 0xb6,
    0x83, 0xe0, 0x07, 0xe4, 0xce, 0xe4, 0xbf, 0x40,
    0x07, 0xf1, 0xe7, 0x69, 0x37, 0x28, 0x07, 0xff,
    0x00, 0xa4, 0x01, 0x44, 0x01, 0xff, 0xc0, 0x41,
    0x00, 0x28, 0x07, 0x18, 0x07, 0xc8, 0x00, 0xb0,
    0x0f, 0xfe, 0x0e, 0x00, 0x0c, 0x03, 0xff, 0x82,
    0x80, 0x12, 0x00, 0x04, 0xc4, 0x00, 0x26, 0x20,
    0x02, 0x20, 0x03, 0x48, 0x9f, 0x88, 0x00, 0x2c,
    0xe1, 0x00, 0x7a, 0x03, 0x6f, 0x00,

    /* U+0053 "S" */
    0x00, 0x9a, 0xf7, 0xfb, 0x24, 0x80, 0x22, 0xe9,
    0x0e, 0xfe, 0xf6, 0xd5, 0x00, 0x78, 0x9d, 0x98,
    0x00, 0xd4, 0x02, 0x42, 0x04, 0x00, 0xef, 0x00,
    0x88, 0x00, 0x40, 0x1c, 0x8a, 0xc0, 0x40, 0x05,
    0x40, 0x0c, 0x34, 0x60, 0x82, 0x00, 0xba, 0x30,
    0x0f, 0xb4, 0x02, 0x5c, 0xc2, 0x80, 0x71, 0xe9,
    0x80, 0x47, 0x5a, 0x60, 0x18, 0xb3, 0x08, 0x01,
    0x16, 0x20, 0x07, 0x1d, 0xf3, 0x00, 0x54, 0x01,
    0xf0, 0xcd, 0x00, 0x04, 0xa6, 0xc0, 0x3c, 0xa2,
    0x00, 0x13, 0x41, 0x00, 0xf1, 0x80, 0x0c, 0x41,
    0xc0, 0x38, 0xc8, 0x18, 0x08, 0x28, 0x80, 0x02,
    0xda, 0x0b, 0x21, 0x3a, 0x93, 0xbf, 0xea, 0x7c,
    0xa0, 0x00,

    /* U+0054 "T" */
    0x5f, 0xf7, 0x75, 0xff, 0xbb, 0xb7, 0xf8, 0x02,
    0x4e, 0xea, 0x40, 0x2f, 0xee, 0x80, 0x23, 0x0d,
    0x00, 0xff, 0x90, 0x04, 0x00, 0x80, 0x1f, 0xf6,
    0x00, 0x0d, 0x08, 0x03, 0xfe, 0x53, 0x05, 0xb0,
    0x0f, 0xfe, 0x01, 0x60, 0x80, 0x78, 0xc0, 0x3f,
    0xfb, 0x22, 0x01, 0xff, 0xc4, 0x10, 0x0f, 0xfe,
    0x89, 0x80, 0x7f, 0xff, 0xc0, 0x3e, 0xbd, 0x90,
    0x0b, 0xf5, 0xc0, 0x30,

    /* U+0055 "U" */
    0x0c, 0xdf, 0xfd, 0xb8, 0x01, 0x36, 0xff, 0xdd,
    0x41, 0x9a, 0x20, 0x06, 0xdc, 0x00, 0x9b, 0x7d,
    0x23, 0xa8, 0x03, 0xff, 0x86, 0x22, 0x00, 0xff,
    0xe7, 0x88, 0x07, 0xff, 0x58, 0xc0, 0x3f, 0xff,
    0x26, 0x01, 0xf8, 0x80, 0x3f, 0x08, 0x80, 0x38,
    0x40, 0x02, 0x01, 0xf9, 0x98, 0x01, 0xca, 0x00,
    0x50, 0x0f, 0x84, 0x88, 0x01, 0xda, 0x00, 0x16,
    0x00, 0xf4, 0xa8, 0x07, 0x91, 0x00, 0x09, 0x60,
    0x0d, 0x0f, 0x60, 0x1f, 0x52, 0x00, 0x27, 0xb3,
    0x7d, 0xa8, 0x40, 0x3e, 0x1b, 0xb2, 0x90, 0x93,
    0x3f, 0xa8, 0x06,

    /* U+0056 "V" */
    0xae, 0xff, 0xdb, 0x82, 0x00, 0x4d, 0xff, 0xb5,
    0x6b, 0x84, 0x00, 0xbb, 0x82, 0x00, 0x4d, 0xf0,
    0xbd, 0x50, 0x03, 0x00, 0x14, 0x03, 0xe4, 0x14,
    0x00, 0xd4, 0x01, 0x30, 0x07, 0xb9, 0x80, 0x38,
    0x8c, 0x01, 0xa0, 0x1e, 0x5a, 0x00, 0xf5, 0x80,
    0x10, 0x40, 0x32, 0x99, 0x00, 0x79, 0x80, 0x27,
    0x00, 0xdf, 0x60, 0x1f, 0x0a, 0x00, 0x28, 0x03,
    0x2b, 0x00, 0x7e, 0xe0, 0x01, 0x88, 0x01, 0x50,
    0x40, 0x3f, 0x28, 0x80, 0x18, 0x01, 0xfc, 0x01,
    0xfe, 0x70, 0x05, 0x80, 0x11, 0x40, 0x3f, 0xd4,
    0x00, 0x32, 0x54, 0x00, 0xff, 0x8c, 0x80, 0x0b,
    0xfc, 0x01, 0xff, 0xc0, 0xa0, 0x05, 0x3a, 0x00,
    0x7f, 0xf0, 0x14, 0x00, 0x4a, 0x01, 0xff, 0xc1,
    0x23, 0x00, 0x50, 0x07, 0xff, 0x0a, 0x80, 0x88,
    0x01, 0xf0,

    /* U+0057 "W" */
    0x9d, 0xff, 0xdb, 0x60, 0x07, 0xdf, 0xfd, 0xd6,
    0x00, 0x9e, 0xff, 0x76, 0x8c, 0xe9, 0x80, 0x13,
    0x6c, 0x00, 0xfb, 0x20, 0x08, 0xeb, 0x00, 0x4f,
    0x32, 0xf6, 0x88, 0x01, 0x00, 0x08, 0x01, 0xed,
    0x00, 0x58, 0x07, 0x93, 0xc0, 0x3a, 0xc0, 0x24,
    0x00, 0xe4, 0x00, 0x18, 0x80, 0x62, 0x22, 0x00,
    0x71, 0x88, 0x03, 0x40, 0x32, 0xa0, 0x80, 0x1c,
    0x03, 0x22, 0x04, 0x03, 0xce, 0x00, 0x40, 0x0d,
    0x9a, 0xe0, 0x0d, 0x00, 0xdb, 0x80, 0x1f, 0x68,
    0x00, 0x84, 0x02, 0x77, 0x50, 0x01, 0x00, 0x32,
    0x28, 0x07, 0xc8, 0x01, 0x38, 0x00, 0xc8, 0x4c,
    0x40, 0x08, 0x00, 0x42, 0x20, 0x07, 0xe5, 0x00,
    0x60, 0x02, 0xec, 0x00, 0x70, 0x06, 0x80, 0x31,
    0x40, 0x3f, 0xb0, 0x00, 0x80, 0x05, 0x50, 0x03,
    0x40, 0x0e, 0x00, 0x5b, 0x00, 0xfe, 0x70, 0x00,
    0x99, 0x01, 0x00, 0x10, 0x00, 0x26, 0x26, 0x60,
    0x0f, 0xe1, 0x30, 0x02, 0x2a, 0x80, 0x32, 0x80,
    0x11, 0xdc, 0x01, 0xff, 0x58, 0x02, 0xf2, 0x80,
    0x37, 0x80, 0x2f, 0x34, 0x03, 0xfe, 0x50, 0x01,
    0xb1, 0x00, 0x65, 0x00, 0x1a, 0x20, 0x03, 0xfe,
    0x22, 0x00, 0x14, 0x03, 0xc8, 0x00, 0x50, 0x0f,
    0xfe, 0x0a, 0x80, 0x2c, 0x03, 0xda, 0x00, 0xd0,
    0x0f, 0xfe, 0x0d, 0x80, 0x98, 0x07, 0x9c, 0x00,
    0xe0, 0x1f, 0x00,

    /* U+0058 "X" */
    0x5d, 0xff, 0xed, 0x50, 0x3d, 0xff, 0xb5, 0x41,
    0x76, 0x40, 0x2a, 0xd5, 0x03, 0xdb, 0x2f, 0xd5,
    0x00, 0x98, 0xc0, 0x16, 0x01, 0xd3, 0xc0, 0x1f,
    0x78, 0x00, 0x60, 0x02, 0x85, 0x30, 0x0f, 0x8d,
    0x80, 0x0e, 0x40, 0x69, 0x00, 0x1f, 0xd2, 0x20,
    0x0e, 0x0f, 0xe0, 0x0f, 0xfa, 0xc0, 0x07, 0x96,
    0x40, 0x1f, 0xf2, 0xa0, 0x00, 0xd8, 0x03, 0xff,
    0x83, 0x20, 0x14, 0x00, 0x7f, 0xf0, 0x84, 0x00,
    0xc6, 0x01, 0xff, 0xc0, 0xea, 0x20, 0x07, 0x00,
    0x7f, 0xce, 0xa9, 0x20, 0x02, 0x70, 0x0f, 0xe2,
    0xa9, 0x04, 0x50, 0x04, 0x08, 0x07, 0xef, 0x80,
    0x0a, 0xc0, 0x2b, 0x00, 0xfa, 0x1d, 0x40, 0x21,
    0x80, 0x02, 0xa0, 0x07, 0x1b, 0xd8, 0x07, 0x39,
    0x00, 0x24, 0x02, 0x9e, 0xc0, 0xed, 0x10, 0x05,
    0xf1, 0x00, 0x0b, 0xb0, 0x40,

    /* U+0059 "Y" */
    0x6d, 0xff, 0xdd, 0xa4, 0x00, 0xce, 0xff, 0x74,
    0x36, 0x98, 0x05, 0xfa, 0x40, 0x0c, 0xe3, 0x9e,
    0x80, 0x04, 0x00, 0x52, 0x01, 0xc6, 0x4c, 0x01,
    0x90, 0xc0, 0x0e, 0x20, 0x1a, 0x20, 0x01, 0xef,
    0x00, 0x98, 0x02, 0x36, 0x60, 0x07, 0x8d, 0x00,
    0x12, 0x01, 0x44, 0x00, 0x3f, 0x40, 0x00, 0x5c,
    0x0d, 0x94, 0x03, 0xf1, 0xa0, 0x02, 0x42, 0x20,
    0x01, 0xfe, 0x90, 0x00, 0xd3, 0xa8, 0x07, 0xf8,
    0x94, 0x00, 0xb2, 0x01, 0xff, 0xc0, 0xe0, 0x09,
    0xc0, 0x3f, 0xf8, 0x0e, 0x01, 0xff, 0xe6, 0x70,
    0x0f, 0xfe, 0x40, 0x80, 0x7f, 0xab, 0x6c, 0x02,
    0xcd, 0x90, 0x0c,

    /* U+005A "Z" */
    0x0d, 0xfe, 0xef, 0xbf, 0xf0, 0x06, 0xce, 0xee,
    0xf1, 0x00, 0x20, 0x00, 0xc4, 0x80, 0x3a, 0xc4,
    0x01, 0x20, 0x01, 0x40, 0x0e, 0x45, 0x00, 0x41,
    0x00, 0x0f, 0xc0, 0x3a, 0x80, 0x06, 0xe0, 0x16,
    0x28, 0x06, 0x91, 0x00, 0x70, 0x07, 0xf1, 0xb0,
    0x01, 0xc8, 0x03, 0xfb, 0x80, 0x05, 0x00, 0x1f,
    0xd0, 0x40, 0x0e, 0x00, 0xfe, 0x37, 0x00, 0x31,
    0x80, 0x7f, 0x78, 0x00, 0x64, 0x03, 0xf9, 0xcc,
    0x01, 0x40, 0x1f, 0xc5, 0x00, 0x05, 0x40, 0x0e,
    0xd4, 0x00, 0x70, 0x00, 0x6c, 0x03, 0x90, 0x80,
    0x0c, 0x60, 0x0b, 0x10, 0x0e, 0xd0, 0x71, 0x90,
    0x02, 0x28, 0x07, 0x9c, 0x00, 0x80, 0x12, 0xee,
    0xfb, 0x84, 0x00,

    /* U+0061 "a" */
    0x00, 0x1c, 0xd6, 0x76, 0xc0, 0x07, 0x46, 0x05,
    0x66, 0x09, 0xf0, 0x02, 0x37, 0x0e, 0x00, 0x12,
    0x81, 0xa8, 0x01, 0x40, 0x08, 0x01, 0x10, 0x03,
    0x40, 0x0d, 0x7a, 0x60, 0x17, 0x80, 0x08, 0x02,
    0x42, 0x01, 0x59, 0xb0, 0x0f, 0x96, 0xf0, 0xe6,
    0xc0, 0x3d, 0x74, 0xfa, 0xc0, 0x1f, 0x4a, 0x04,
    0x00, 0x7f, 0x38, 0x01, 0x40, 0x3f, 0x8c, 0x00,
    0xa0, 0x01, 0xb0, 0x0e, 0xa0, 0x05, 0x44, 0x2b,
    0xc0, 0x0e, 0x8e, 0xe8, 0x21, 0x60, 0xb3, 0x91,
    0x3f, 0x60,

    /* U+0062 "b" */
    0x00, 0xc2, 0x60, 0x1f, 0xe1, 0x7a, 0xde, 0xd0,
    0x0f, 0xf0, 0x91, 0x90, 0x07, 0xff, 0x05, 0x74,
    0x03, 0xff, 0x8c, 0x60, 0x1f, 0xfe, 0x55, 0xbe,
    0xe5, 0x18, 0x07, 0xe3, 0x9c, 0xc2, 0x8a, 0xe3,
    0x00, 0x7c, 0x31, 0x2f, 0x72, 0x00, 0x92, 0x00,
    0xf0, 0x88, 0x02, 0x63, 0x00, 0x40, 0x07, 0xff,
    0x02, 0xc0, 0x08, 0x01, 0xff, 0xc0, 0x20, 0x00,
    0x80, 0x7f, 0xf0, 0x04, 0x02, 0x20, 0x00, 0x80,
    0x7e, 0x10, 0x08, 0x80, 0x3f, 0xe2, 0x00, 0x10,
    0x07, 0xff, 0x02, 0x80, 0x0a, 0x01, 0xe1, 0x20,
    0x09, 0x88, 0x06, 0x00, 0x02, 0x40, 0x03, 0x8a,
    0x8b, 0x90, 0x1d, 0x00, 0x0f, 0x40, 0x01, 0x2b,
    0x0d, 0x09, 0xbc, 0xc0, 0x00,

    /* U+0063 "c" */
    0x00, 0xc5, 0x39, 0xd7, 0x64, 0x00, 0xe9, 0xd6,
    0xae, 0xb1, 0xb8, 0x00, 0xa1, 0x82, 0x58, 0x01,
    0x80, 0xe8, 0x08, 0xe0, 0x4c, 0x01, 0x20, 0x03,
    0x03, 0xc0, 0x08, 0x01, 0x8b, 0x26, 0x01, 0x40,
    0x1c, 0x01, 0xc6, 0xc0, 0x01, 0x00, 0x08, 0x07,
    0xf0, 0x80, 0x38, 0x03, 0xf9, 0x40, 0x06, 0x01,
    0xfd, 0xa0, 0x04, 0x30, 0x0f, 0xcc, 0x60, 0x0e,
    0x30, 0x0d, 0x2c, 0x00, 0xd3, 0x02, 0xcb, 0x8a,
    0xe1, 0x60, 0x00, 0xe5, 0x21, 0x23, 0x0d, 0x40,
    0x00,

    /* U+0064 "d" */
    0x00, 0xff, 0x12, 0xc1, 0x80, 0x7f, 0xa7, 0xf6,
    0x9d, 0x40, 0x3f, 0xd3, 0xe8, 0x01, 0xff, 0xe6,
    0x30, 0x0f, 0xfe, 0x53, 0xdf, 0x6c, 0x88, 0x07,
    0xe2, 0xc8, 0x42, 0x51, 0xa6, 0x00, 0xfb, 0x8c,
    0x1b, 0x22, 0x16, 0x60, 0x1e, 0x53, 0x01, 0x90,
    0x0c, 0x60, 0x1e, 0xe0, 0x02, 0x00, 0x7f, 0xf0,
    0x18, 0x00, 0x40, 0x1f, 0xfc, 0x02, 0x00, 0x70,
    0x07, 0xff, 0x00, 0x40, 0x02, 0x01, 0xff, 0xc0,
    0x20, 0x07, 0x00, 0x7f, 0xf0, 0x2c, 0x00, 0xe0,
    0x1f, 0xfc, 0x07, 0x10, 0x19, 0x00, 0xc6, 0x01,
    0xf6, 0x88, 0x36, 0x44, 0xd9, 0x80, 0x7c, 0x7e,
    0xc6, 0x64, 0x1b, 0x70, 0x05, 0xf1, 0x00,

    /* U+0065 "e" */
    0x00, 0xc9, 0x59, 0x8d, 0xa3, 0x00, 0xc3, 0x56,
    0x19, 0x8f, 0x7c, 0x80, 0x0a, 0xd4, 0x68, 0x00,
    0x56, 0x0e, 0x80, 0xaa, 0x07, 0x00, 0xc4, 0x00,
    0xd0, 0x90, 0x07, 0x00, 0x6c, 0x00, 0x28, 0x18,
    0x02, 0x73, 0x2d, 0x61, 0x13, 0x00, 0x69, 0xcc,
    0xb7, 0xba, 0xa0, 0x20, 0x07, 0x00, 0x7f, 0x30,
    0x01, 0x40, 0x3f, 0xb4, 0x00, 0x68, 0x01, 0xe2,
    0x06, 0x40, 0x05, 0x18, 0x06, 0x94, 0x00, 0x52,
    0x00, 0xe5, 0xc4, 0xe8, 0xb0, 0x00, 0x6e, 0x94,
    0x91, 0x8a, 0x60, 0x00,

    /* U+0066 "f" */
    0x00, 0xf3, 0xdf, 0x72, 0x84, 0x03, 0x27, 0x5d,
    0x10, 0xad, 0x80, 0x45, 0x63, 0x23, 0xa8, 0x5c,
    0x01, 0x40, 0x01, 0x40, 0x6f, 0x50, 0x02, 0x50,
    0x10, 0x0f, 0xc4, 0x01, 0xfc, 0x9b, 0x80, 0x01,
    0xff, 0x8c, 0x00, 0x9b, 0x40, 0x01, 0xff, 0x8c,
    0x03, 0xff, 0xe8, 0x20, 0x1f, 0xfc, 0x21, 0x00,
    0xff, 0xef, 0x16, 0x58, 0x05, 0xd8, 0x60, 0x10,

    /* U+0067 "g" */
    0x00, 0x8e, 0xb7, 0x36, 0xd0, 0x12, 0x6c, 0x01,
    0x18, 0x9f, 0x98, 0x5b, 0xf9, 0x77, 0x01, 0xb8,
    0x31, 0x00, 0xc0, 0x02, 0x3b, 0x02, 0xc0, 0x18,
    0x01, 0x28, 0x03, 0xc0, 0x23, 0x00, 0x38, 0x04,
    0x40, 0x06, 0x00, 0x88, 0x00, 0xe0, 0x11, 0x00,
    0x14, 0x02, 0xa0, 0x06, 0x00, 0x48, 0x00, 0xd0,
    0x08, 0xe0, 0x1c, 0xc0, 0xe4, 0x21, 0x00, 0x32,
    0xa3, 0xc5, 0xc3, 0xeb, 0x80, 0x61, 0xce, 0x8b,
    0xba, 0x48, 0x03, 0x9c, 0x7c, 0x40, 0x3f, 0xf8,
    0x0b, 0xdf, 0xfb, 0xb1, 0xc4, 0x00, 0xe6, 0x01,
    0xe1, 0x38, 0xc1, 0x01, 0xa4, 0x65, 0x5c, 0x60,
    0x02, 0x60, 0x98, 0xb9, 0xaa, 0xd9, 0x60, 0x0f,
    0x26, 0x50, 0x0f, 0x90, 0x01, 0x82, 0x0a, 0x01,
    0xf3, 0x02, 0x20, 0xd0, 0x6c, 0xc0, 0x02, 0x73,
    0x26, 0xb0, 0x05, 0xc8, 0x6f, 0xf6, 0x40, 0xf4,
    0x80, 0x00,

    /* U+0068 "h" */
    0x00, 0xff, 0xe2, 0xac, 0x5f, 0x70, 0x03, 0xfc,
    0x24, 0x44, 0x10, 0x0f, 0xf8, 0x5f, 0x80, 0x3f,
    0xf8, 0xc6, 0x01, 0xff, 0xe5, 0x19, 0xef, 0xd6,
    0x00, 0xfe, 0x3f, 0x25, 0x02, 0x96, 0x00, 0xf8,
    0xa3, 0xee, 0xd0, 0x00, 0xb0, 0x0f, 0x86, 0xc4,
    0x00, 0xa0, 0x02, 0x00, 0xff, 0xe0, 0x18, 0x04,
    0x40, 0x1f, 0xf0, 0x80, 0x7f, 0xf2, 0xc4, 0x03,
    0xe1, 0x00, 0x84, 0x03, 0xff, 0xb4, 0x20, 0x1f,
    0xfc, 0xe1, 0xcb, 0x00, 0xb1, 0x42, 0x70, 0x02,
    0xe9,

    /* U+0069 "i" */
    0x00, 0x15, 0xeb, 0x00, 0x6b, 0x42, 0x90, 0x0d,
    0x80, 0x03, 0x00, 0xcb, 0xb7, 0x80, 0x1c, 0x48,
    0x01, 0xff, 0xc1, 0x38, 0xcf, 0x00, 0x16, 0x6b,
    0x98, 0x04, 0x59, 0x60, 0x1f, 0x08, 0x00, 0x40,
    0x3f, 0xfd, 0x02, 0x00, 0x10, 0x0f, 0xfb, 0x2c,
    0x02, 0xc6,

    /* U+006A "j" */
    0x00, 0xe3, 0xcd, 0x50, 0x0e, 0x83, 0x28, 0x00,
    0xec, 0x00, 0x38, 0x07, 0x3e, 0x5d, 0x00, 0x78,
    0xd0, 0x03, 0xff, 0x84, 0x2b, 0x3b, 0xc0, 0x11,
    0xd5, 0xb1, 0x18, 0x04, 0x77, 0x00, 0x1f, 0xff,
    0xf0, 0x0f, 0xc2, 0x01, 0xff, 0xc5, 0x70, 0x0f,
    0xc4, 0x01, 0xc2, 0x00, 0xd0, 0x9d, 0x70, 0xe0,
    0x24, 0x26, 0x28, 0x67, 0x2f, 0x02, 0x81, 0x0a,
    0x6c, 0x20,

    /* U+006B "k" */
    0x00, 0xff, 0xe2, 0xac, 0x5f, 0x78, 0x07, 0xf8,
    0x48, 0x88, 0x20, 0x1f, 0xf0, 0xbf, 0x00, 0x7f,
    0xf1, 0x84, 0x03, 0xff, 0xcc, 0x5b, 0xff, 0x6d,
    0x00, 0x7f, 0x16, 0xc9, 0x76, 0xd0, 0x07, 0xf9,
    0xab, 0x04, 0x03, 0xfe, 0x6a, 0xc1, 0x00, 0xff,
    0x9a, 0x44, 0x03, 0xff, 0x80, 0xd2, 0x04, 0xc0,
    0x1f, 0xe1, 0xf8, 0x00, 0x40, 0x07, 0xc2, 0x00,
    0x19, 0x71, 0x01, 0x70, 0x0f, 0xfe, 0x04, 0x00,
    0x24, 0x03, 0xff, 0x80, 0xc2, 0x03, 0x00, 0x1f,
    0x84, 0x02, 0x80, 0x03, 0x88, 0x07, 0xfc, 0xc4,
    0x00, 0x90, 0x00, 0xe5, 0x80, 0x5a, 0xe0, 0x0b,
    0x00, 0x3e, 0xb0,

    /* U+006C "l" */
    0x00, 0xfe, 0x58, 0xbe, 0xf0, 0x00, 0x91, 0x10,
    0x40, 0x21, 0x7e, 0x00, 0xff, 0x08, 0x07, 0xff,
    0xfc, 0x04, 0x03, 0xff, 0x8c, 0x20, 0x1f, 0xfc,
    0x62, 0xcb, 0x00, 0xb2, 0x40,

    /* U+006D "m" */
    0x00, 0x13, 0x5d, 0x01, 0x57, 0x7e, 0x20, 0x00,
    0xef, 0xb9, 0x86, 0x01, 0x1e, 0xea, 0x51, 0x93,
    0x04, 0x80, 0xec, 0xdf, 0x00, 0x84, 0xf0, 0x80,
    0x07, 0xb0, 0x00, 0x3f, 0xf5, 0xe2, 0x80, 0x3b,
    0x7e, 0xf1, 0x40, 0x16, 0x01, 0x84, 0x00, 0x36,
    0x20, 0x0f, 0x00, 0xa8, 0x02, 0xc0, 0x02, 0x80,
    0x63, 0x00, 0x18, 0x06, 0x10, 0x0f, 0x88, 0x00,
    0x20, 0x1f, 0xfc, 0xb3, 0x00, 0xff, 0xe9, 0x98,
    0x07, 0xff, 0x4c, 0xc0, 0x3f, 0xf8, 0x06, 0x01,
    0xff, 0xc3, 0x10, 0x0f, 0xff, 0x48, 0xe4, 0x00,
    0x07, 0x14, 0x32, 0x80, 0x03, 0x8a, 0x17, 0x60,
    0x00, 0xe2, 0x80,

    /* U+006E "n" */
    0x00, 0x13, 0x5c, 0x80, 0xcf, 0x7e, 0x28, 0x04,
    0x7b, 0xa9, 0x45, 0x4f, 0x25, 0x03, 0xa4, 0x00,
    0x1e, 0xc0, 0x00, 0xff, 0xd7, 0x68, 0x00, 0x40,
    0x06, 0x10, 0x00, 0xd8, 0x80, 0x10, 0x00, 0x60,
    0x1f, 0x18, 0x06, 0x10, 0x08, 0x40, 0x23, 0x00,
    0xf8, 0xc0, 0x3f, 0xf9, 0xc6, 0x01, 0x8c, 0x03,
    0xff, 0x96, 0x60, 0x1f, 0xfd, 0xf3, 0x01, 0xc8,
    0x00, 0x0e, 0x28, 0x57, 0x80, 0x5f, 0x00,

    /* U+006F "o" */
    0x00, 0xc9, 0x5b, 0xb5, 0x20, 0x07, 0x0d, 0x5b,
    0x66, 0xe3, 0xdd, 0x00, 0x6b, 0x50, 0xd1, 0x01,
    0xf0, 0x59, 0x00, 0x2a, 0x80, 0xc4, 0x02, 0x22,
    0x03, 0x20, 0x48, 0x01, 0x00, 0x39, 0xc0, 0x1e,
    0x06, 0x00, 0xf0, 0x0e, 0x20, 0x02, 0x80, 0x61,
    0x00, 0xef, 0x00, 0x08, 0x10, 0x00, 0x40, 0x3b,
    0xc0, 0x06, 0x0c, 0x00, 0xf0, 0x0e, 0x20, 0x02,
    0x87, 0x00, 0x10, 0x03, 0x9c, 0x01, 0xa0, 0xa8,
    0x06, 0x20, 0x11, 0x10, 0x15, 0x00, 0x14, 0x81,
    0xa2, 0x03, 0xe0, 0xb6, 0x01, 0x0d, 0xd3, 0x66,
    0x4f, 0x74, 0x20,

    /* U+0070 "p" */
    0x00, 0x13, 0x5d, 0x03, 0x5f, 0x72, 0x8c, 0x02,
    0x2d, 0xd4, 0xa3, 0xd7, 0xe2, 0x0a, 0xe3, 0x00,
    0x0b, 0x64, 0x00, 0x51, 0x2f, 0x54, 0x00, 0x49,
    0x00, 0x46, 0x00, 0x12, 0x00, 0x94, 0xc0, 0x10,
    0x01, 0xff, 0xc0, 0x40, 0x02, 0x00, 0x7f, 0xf0,
    0x38, 0x00, 0x20, 0x10, 0x80, 0x7e, 0x30, 0x08,
    0x80, 0x3f, 0xe3, 0x00, 0x88, 0x03, 0xfe, 0xe0,
    0x01, 0x00, 0x7f, 0xf0, 0x14, 0x00, 0xa0, 0x1e,
    0x10, 0x0c, 0xe4, 0x03, 0x00, 0x1e, 0x1a, 0x98,
    0xb8, 0x01, 0xd0, 0x0f, 0x8e, 0x85, 0x10, 0x6d,
    0xe6, 0x01, 0x84, 0x00, 0x61, 0x19, 0xf9, 0x22,
    0x01, 0xff, 0xf7, 0x1b, 0xb0, 0x00, 0x76, 0xc0,
    0x3f, 0x00,

    /* U+0071 "q" */
    0x00, 0xcf, 0x7d, 0xb2, 0x20, 0x08, 0x60, 0x0c,
    0x59, 0x08, 0x4a, 0x3a, 0xda, 0xe0, 0x1d, 0xc6,
    0x0d, 0x91, 0x0c, 0x82, 0x00, 0xe5, 0x30, 0x19,
    0x00, 0xc6, 0x01, 0xee, 0x00, 0x20, 0x07, 0xe3,
    0x00, 0x98, 0x00, 0x40, 0x1f, 0xfc, 0x02, 0x00,
    0x70, 0x07, 0xff, 0x00, 0x40, 0x02, 0x01, 0xff,
    0xc0, 0x20, 0x07, 0x00, 0x7f, 0xf0, 0x10, 0x00,
    0xe0, 0x1f, 0xfc, 0x09, 0x10, 0x18, 0x00, 0xc6,
    0x01, 0xe1, 0xa0, 0x03, 0xe4, 0x4d, 0x18, 0x07,
    0xc9, 0xaa, 0x46, 0x9d, 0x42, 0x01, 0xf8, 0xab,
    0x7f, 0x1c, 0x03, 0x18, 0x07, 0xff, 0x80, 0x40,
    0x3f, 0xfa, 0x33, 0xa4, 0x00, 0x8b, 0x10,

    /* U+0072 "r" */
    0x00, 0x13, 0x5c, 0x80, 0xd7, 0x62, 0x1e, 0xea,
    0x51, 0x47, 0x14, 0x4e, 0x4f, 0x60, 0x00, 0x36,
    0x98, 0x00, 0x40, 0x00, 0x80, 0x08, 0x64, 0xff,
    0x24, 0x03, 0xde, 0x01, 0x18, 0x04, 0x60, 0x01,
    0x40, 0x0f, 0xf1, 0x80, 0x7f, 0xc6, 0x01, 0xff,
    0xc8, 0x30, 0x0f, 0xfe, 0xa8, 0xe4, 0x00, 0x07,
    0x70, 0x40, 0x20,

    /* U+0073 "s" */
    0x00, 0x35, 0xee, 0xd4, 0x80, 0x16, 0x4e, 0x6e,
    0xb0, 0x6d, 0x41, 0xcc, 0x5c, 0x00, 0x3c, 0x01,
    0x60, 0x08, 0x80, 0x24, 0x36, 0x00, 0xde, 0xc0,
    0x01, 0xc3, 0x0e, 0x00, 0x0c, 0xfd, 0xa8, 0x04,
    0xb0, 0x01, 0x92, 0xb0, 0x40, 0x0f, 0xd0, 0x60,
    0x11, 0xd0, 0x04, 0x2f, 0x9a, 0xa0, 0x04, 0x0d,
    0xa0, 0x08, 0xa8, 0x80, 0x32, 0x00, 0x70, 0x82,
    0x01, 0x8a, 0x00, 0x4c, 0x63, 0x41, 0xf1, 0x0d,
    0xda, 0xa3, 0x84, 0x00,

    /* U+0074 "t" */
    0x00, 0xa3, 0xec, 0x03, 0xe4, 0x00, 0xfe, 0x30,
    0x10, 0x0f, 0x20, 0x07, 0xd1, 0xd6, 0x00, 0x5f,
    0xf5, 0x84, 0x73, 0x00, 0x17, 0xfd, 0x60, 0x1f,
    0xff, 0xf0, 0x0f, 0xdc, 0x00, 0x60, 0x0f, 0x28,
    0x00, 0xe9, 0xec, 0x40, 0x05, 0x66, 0x0f, 0xb2,
    0x20,

    /* U+0075 "u" */
    0x00, 0xc2, 0x20, 0x0f, 0x88, 0x00, 0x77, 0xbf,
    0xd4, 0x01, 0x4e, 0x77, 0xe8, 0x00, 0xe5, 0xc0,
    0x3d, 0x16, 0x20, 0x20, 0x11, 0x10, 0x00, 0x20,
    0x10, 0x98, 0x07, 0xc2, 0x01, 0xf0, 0x80, 0x7f,
    0xf1, 0x8c, 0x03, 0xff, 0xe0, 0x60, 0x1f, 0x70,
    0x01, 0x80, 0x3f, 0xf8, 0x04, 0x00, 0x33, 0x00,
    0x16, 0xc0, 0x3e, 0x52, 0x00, 0x66, 0xfe, 0x40,
    0x00, 0xc0, 0x3b, 0x14, 0x40, 0x6a, 0x44, 0x00,
    0x3e, 0xe0,

    /* U+0076 "v" */
    0x2c, 0xff, 0xdb, 0x00, 0x0b, 0xef, 0xe9, 0x2c,
    0x60, 0x00, 0xec, 0x00, 0x2f, 0x4b, 0xa4, 0x01,
    0x60, 0x01, 0x40, 0x0d, 0x74, 0x01, 0x88, 0xc0,
    0x1c, 0x01, 0x95, 0x80, 0x3a, 0x40, 0x0a, 0x01,
    0x1b, 0x08, 0x07, 0x28, 0x80, 0x18, 0x01, 0x7c,
    0x01, 0xf3, 0x00, 0x28, 0x00, 0x8a, 0x01, 0xf5,
    0x00, 0x0c, 0x8d, 0x00, 0x3f, 0x12, 0x00, 0x16,
    0xa8, 0x01, 0xfd, 0xc0, 0x0a, 0x22, 0x00, 0x7f,
    0x28, 0x81, 0x68, 0x07, 0xfc, 0xc0, 0x07, 0x00,
    0xff, 0xa8, 0x14, 0x40, 0x38,

    /* U+0077 "w" */
    0x2c, 0xff, 0xbb, 0x14, 0x1f, 0x7f, 0xdd, 0x88,
    0x19, 0xdf, 0xd4, 0x58, 0xa0, 0x07, 0xc5, 0x07,
    0xd0, 0x03, 0xe2, 0x06, 0x78, 0xf5, 0x00, 0x38,
    0x00, 0xe0, 0x19, 0x40, 0x0e, 0x01, 0x9d, 0xc0,
    0x19, 0x04, 0x04, 0xc0, 0x2e, 0x30, 0x14, 0x00,
    0xb2, 0x80, 0x39, 0xc0, 0x16, 0x01, 0x3c, 0x00,
    0x38, 0x02, 0x73, 0x00, 0xea, 0x00, 0x28, 0x01,
    0x6d, 0x04, 0x14, 0x00, 0x88, 0x00, 0xf1, 0x88,
    0x11, 0x03, 0xd8, 0x1c, 0x00, 0x81, 0xb4, 0x01,
    0xf3, 0x00, 0x14, 0x04, 0x41, 0x40, 0x0e, 0x05,
    0x30, 0x0f, 0xa8, 0x01, 0x6b, 0xa0, 0x03, 0x10,
    0x53, 0x40, 0x0f, 0xc4, 0x40, 0x39, 0x70, 0x09,
    0xc0, 0x1f, 0x60, 0x1f, 0xd4, 0x00, 0x61, 0x00,
    0xa8, 0x00, 0x26, 0x01, 0xfc, 0xa0, 0x0f, 0x00,
    0xc6, 0x20, 0xa0, 0x1f, 0xe2, 0x30, 0x50, 0x0e,
    0x60, 0xb0, 0x0e,

    /* U+0078 "x" */
    0x7d, 0xff, 0xd8, 0x41, 0x7d, 0xfd, 0x00, 0xfa,
    0x60, 0x02, 0xc2, 0x0b, 0x83, 0xe8, 0x00, 0xbc,
    0x00, 0x50, 0x00, 0x18, 0xd0, 0x0e, 0x37, 0x00,
    0x39, 0x85, 0x58, 0x80, 0x7a, 0x08, 0x01, 0xec,
    0x4a, 0x01, 0xfa, 0x40, 0x07, 0x72, 0x01, 0xfc,
    0x8a, 0x00, 0x22, 0x00, 0x7f, 0xf0, 0xb8, 0x03,
    0xf9, 0x8e, 0x80, 0x06, 0xc0, 0x1f, 0x15, 0xca,
    0xa0, 0x02, 0x44, 0x03, 0xdd, 0x20, 0x09, 0x00,
    0xa8, 0x03, 0xa1, 0x90, 0x00, 0x50, 0x00, 0x45,
    0x00, 0x46, 0xba, 0x60, 0x84, 0xd8, 0x05, 0x58,
    0x20,

    /* U+0079 "y" */
    0x1c, 0xff, 0xd8, 0xe0, 0x0b, 0xdf, 0xeb, 0x1c,
    0x70, 0x00, 0xe3, 0x80, 0x2f, 0x4b, 0xec, 0x01,
    0x40, 0x01, 0x40, 0x0c, 0x4c, 0x20, 0x11, 0x20,
    0x03, 0x80, 0x35, 0x70, 0x07, 0x78, 0x01, 0x40,
    0x32, 0x28, 0x07, 0x21, 0x00, 0x18, 0x00, 0x4a,
    0x01, 0xf5, 0x00, 0x28, 0x01, 0x54, 0x00, 0xf9,
    0x80, 0x06, 0x40, 0x66, 0x00, 0xf8, 0x58, 0x00,
    0xa9, 0xa0, 0x1f, 0xd6, 0x00, 0xad, 0x70, 0x0f,
    0xe2, 0x30, 0x23, 0x10, 0x0f, 0xf4, 0x80, 0x38,
    0x03, 0xfe, 0x51, 0x12, 0x00, 0x7f, 0xf0, 0x19,
    0x80, 0x1f, 0xfc, 0x12, 0x90, 0x0f, 0xfe, 0x01,
    0x98, 0x40, 0x3e, 0x7e, 0xb2, 0x08, 0x80, 0x07,
    0xe8, 0x14, 0xcb, 0xe1, 0x00, 0xfd, 0x46, 0x05,
    0x0a, 0x01, 0xf8,

    /* U+007A "z" */
    0x0f, 0xf6, 0x67, 0x7f, 0xce, 0x00, 0x2c, 0xcd,
    0x00, 0x01, 0x60, 0x02, 0x80, 0x6a, 0x00, 0x40,
    0x88, 0x2c, 0x02, 0x91, 0x03, 0x60, 0x1f, 0x30,
    0x01, 0xb0, 0x03, 0x80, 0x3e, 0xe0, 0x04, 0x10,
    0x07, 0xa0, 0x80, 0x9c, 0x03, 0xc4, 0xe0, 0x0e,
    0x00, 0xfb, 0x80, 0x0c, 0x60, 0x02, 0x30, 0x03,
    0x98, 0x0c, 0x00, 0x51, 0xe0, 0x50, 0x00, 0xb1,
    0x00, 0x91, 0xc2, 0x40, 0x08, 0xa0, 0x11, 0x88,
    0x8d, 0x00, 0x0d, 0x99, 0xb4, 0x0c,

    /* U+007C "|" */
    0x56, 0xeb, 0x00, 0xff, 0xf3, 0x00,

    /* U+00B7 "·" */
    0x2b, 0xb1, 0xf2, 0x23, 0x84, 0x00, 0x72, 0x22,
    0xa0,

    /* U+2013 "–" */
    0x88, 0xff, 0xe0, 0x0b, 0x3b, 0xff, 0xc6,

    /* U+2014 "—" */
    0x88, 0xff, 0xe4, 0x0b, 0x3b, 0xff, 0xf1, 0xc8,

    /* U+2026 "…" */
    0x09, 0x90, 0x07, 0xa6, 0x40, 0x1e, 0x99, 0x02,
    0x33, 0x10, 0x03, 0x23, 0x31, 0x00, 0x32, 0x33,
    0x11, 0x4c, 0xca, 0x01, 0x94, 0xcc, 0xa0, 0x19,
    0x4c, 0xca,

    /* U+3001 "、" */
    0x01, 0x00, 0xfa, 0xb6, 0x08, 0x03, 0x58, 0xbe,
    0xc0, 0x06, 0xd1, 0x07, 0x90, 0x08, 0x64, 0x00,
    0xc4, 0x01, 0x38, 0x80, 0x18, 0x03, 0x50, 0xa2,
    0x00,

    /* U+300A "《" */
    0x00, 0xf9, 0x00, 0x06, 0x01, 0xf3, 0x60, 0x0f,
    0x00, 0x7d, 0x70, 0x11, 0x60, 0x1e, 0x8b, 0x02,
    0x56, 0x00, 0xe2, 0x46, 0x09, 0xf0, 0x0f, 0x4c,
    0x02, 0x09, 0x80, 0x72, 0x0a, 0x04, 0x40, 0x03,
    0xd1, 0x00, 0x64, 0x20, 0x0e, 0x64, 0x21, 0xb8,
    0x00, 0xe1, 0xb8, 0x08, 0x80, 0x07, 0xa2, 0xc0,
    0x95, 0x40, 0x1c, 0x4a, 0xc1, 0x3e, 0x01, 0xe3,
    0x10, 0x01, 0x30, 0x07, 0x86, 0xe0, 0x22, 0x00,
    0x1f, 0x32, 0x10, 0xdc, 0x00, 0x7d, 0x10, 0x06,
    0x41, 0x00, 0xf2, 0x0a, 0x04, 0x58, 0x07, 0xd3,
    0x00, 0x82, 0x60, 0x1e, 0x24, 0x60, 0x9f, 0x00,
    0xfa, 0x6c, 0x09, 0x54, 0x01, 0xe1, 0xb8, 0x08,
    0x80, 0x07, 0xcc, 0x84, 0x37, 0x00, 0x1f, 0x44,
    0x01, 0x90, 0x40, 0x3c, 0x96, 0x00, 0xd1,

    /* U+300B "》" */
    0x03, 0x00, 0x20, 0x07, 0xee, 0x10, 0xc6, 0x00,
    0xfa, 0xe0, 0x26, 0xc0, 0x3e, 0x65, 0x21, 0xb8,
    0x00, 0xfb, 0xe4, 0x19, 0x08, 0x03, 0xc6, 0x28,
    0x11, 0x20, 0x1f, 0x44, 0x01, 0x01, 0x00, 0x3c,
    0x48, 0xc1, 0x30, 0x01, 0xf4, 0x58, 0x92, 0x30,
    0x07, 0xd7, 0x01, 0x16, 0x20, 0x1e, 0x65, 0x20,
    0xb8, 0x00, 0xfb, 0xe4, 0x19, 0x48, 0x03, 0xcc,
    0x40, 0x01, 0x30, 0x0f, 0x44, 0x02, 0x2c, 0x40,
    0x3a, 0x2c, 0x49, 0x18, 0x03, 0x85, 0x18, 0x22,
    0x00, 0x1e, 0xb8, 0x04, 0x14, 0x00, 0xe3, 0x14,
    0x08, 0x90, 0x0f, 0x7c, 0x83, 0x21, 0x00, 0x73,
    0x29, 0x05, 0xc0, 0x07, 0xae, 0x02, 0x2c, 0x03,
    0xd1, 0x62, 0x48, 0xc0, 0x1c, 0x28, 0xc1, 0x10,
    0x00, 0xf0, 0xe8, 0x02, 0xd0, 0x03, 0xc0,

    /* U+3010 "【" */
    0xef, 0xff, 0x69, 0x00, 0x79, 0xf4, 0x80, 0x3a,
    0xa0, 0x03, 0xd0, 0xa0, 0x1e, 0x47, 0x00, 0xfa,
    0x00, 0x3e, 0x33, 0x00, 0x7d, 0x60, 0x1f, 0x8c,
    0x03, 0xf3, 0x00, 0x7e, 0x20, 0x0f, 0xfe, 0x29,
    0x00, 0x7e, 0x60, 0x0f, 0xc6, 0x01, 0xfa, 0xc0,
    0x3f, 0x19, 0x80, 0x3f, 0x40, 0x07, 0xe4, 0x70,
    0x0f, 0xd0, 0xa0, 0x1f, 0xaa, 0x00, 0x3f, 0x3e,
    0x90,

    /* U+3011 "】" */
    0x2d, 0xff, 0xf7, 0x16, 0xb8, 0x07, 0xe8, 0xa0,
    0x0f, 0xcb, 0x00, 0x1f, 0x9d, 0x00, 0x3f, 0x40,
    0x07, 0xe3, 0x20, 0x0f, 0xd4, 0x01, 0xf8, 0xc0,
    0x3f, 0x30, 0x07, 0xe2, 0x00, 0xff, 0xe2, 0x90,
    0x07, 0xe6, 0x00, 0xfc, 0x60, 0x1f, 0xa8, 0x03,
    0xe3, 0x20, 0x0f, 0xa0, 0x03, 0xe7, 0x40, 0x0f,
    0x2c, 0x00, 0x7a, 0x28, 0x03, 0x8b, 0x5c, 0x03,
    0xc0,

    /* U+4EFB "任" */
    0x00, 0xe7, 0x30, 0x0f, 0xfe, 0x49, 0x46, 0x74,
    0x00, 0x7c, 0x33, 0xec, 0x01, 0xf9, 0x00, 0x07,
    0x00, 0x1c, 0x95, 0xcc, 0x12, 0xe0, 0x1f, 0x60,
    0x02, 0xc0, 0x23, 0x8d, 0xb5, 0x00, 0x8b, 0x14,
    0x03, 0xca, 0x00, 0x73, 0x9e, 0xc6, 0x20, 0x04,
    0xe7, 0xed, 0xa8, 0x07, 0x28, 0x02, 0x01, 0xef,
    0xfd, 0xc0, 0x01, 0x63, 0x00, 0xfe, 0xe0, 0x17,
    0x14, 0x21, 0x00, 0xff, 0xe1, 0x8a, 0x00, 0xb8,
    0x07, 0xff, 0x1e, 0x40, 0x25, 0x00, 0xff, 0xe3,
    0xb0, 0x07, 0xff, 0x16, 0x00, 0x33, 0x81, 0x80,
    0x7f, 0xf0, 0xe5, 0xf4, 0x40, 0x6b, 0x18, 0x02,
    0x9a, 0xae, 0x00, 0x0d, 0x54, 0xc0, 0x58, 0x0f,
    0xe4, 0x01, 0xa6, 0xab, 0x80, 0x03, 0x55, 0x7f,
    0xda, 0x0c, 0x40, 0x1f, 0xff, 0xf0, 0x0f, 0xff,
    0xf8, 0x07, 0xfc, 0xe8, 0x01, 0xff, 0xc9, 0x38,
    0xb6, 0x00, 0xfe, 0x5a, 0xae, 0x00, 0x0d, 0x53,
    0x40, 0x12, 0xa0, 0x1c, 0x2a, 0x4b, 0x55, 0xdf,
    0xf5, 0x53, 0xbf, 0xe5, 0x00,

    /* U+4EFD "份" */
    0x00, 0xe4, 0x50, 0x0f, 0xe4, 0x50, 0x0f, 0xfb,
    0xeb, 0xec, 0x82, 0x50, 0x03, 0x51, 0x00, 0x7f,
    0x90, 0x01, 0xa4, 0x8d, 0x7c, 0x80, 0xa6, 0x40,
    0x1f, 0xc6, 0x00, 0x16, 0x03, 0x00, 0x4a, 0x00,
    0x89, 0x40, 0x3f, 0xac, 0x00, 0xc0, 0x0b, 0x00,
    0x30, 0x04, 0xb6, 0x40, 0x1f, 0x98, 0x01, 0x20,
    0x26, 0x0c, 0x20, 0x15, 0x0f, 0x88, 0x07, 0x8c,
    0x42, 0x04, 0x1c, 0x06, 0x00, 0x31, 0x21, 0x79,
    0x80, 0x75, 0x00, 0x2c, 0x42, 0xc2, 0xc4, 0x03,
    0xa4, 0x07, 0x24, 0x40, 0x02, 0xc0, 0x05, 0x15,
    0x26, 0x50, 0x0f, 0x14, 0x00, 0x1a, 0xc0, 0x0c,
    0x01, 0xd0, 0xb2, 0x01, 0xf2, 0xda, 0x02, 0xd0,
    0x02, 0x4c, 0x02, 0x75, 0x2a, 0xaf, 0xe3, 0x65,
    0xb0, 0x04, 0x27, 0x00, 0x49, 0x10, 0xa8, 0x55,
    0x0d, 0x54, 0x00, 0x18, 0x10, 0x10, 0xa0, 0x0c,
    0x60, 0x10, 0x80, 0x0c, 0x03, 0x94, 0x80, 0x03,
    0x00, 0x1f, 0xce, 0x00, 0xe0, 0x00, 0x80, 0x04,
    0x03, 0xff, 0x84, 0x60, 0x05, 0x00, 0xef, 0x00,
    0xff, 0xe1, 0x60, 0x11, 0x80, 0x08, 0x03, 0xff,
    0x8a, 0xa1, 0x40, 0x13, 0x80, 0x08, 0x03, 0xff,
    0x82, 0x82, 0x0c, 0x01, 0x10, 0x00, 0x40, 0x3f,
    0xf8, 0x3e, 0x12, 0x20, 0x17, 0x00, 0x18, 0x03,
    0xff, 0x80, 0x88, 0x56, 0x00, 0xca, 0x02, 0x40,
    0x1f, 0xf0, 0xd2, 0xd0, 0x14, 0x6f, 0x10, 0x20,
    0x07, 0xfc, 0x3a, 0xd4, 0x00, 0x28, 0xb1, 0x00,
    0x48, 0x07, 0xf2, 0x6c, 0xfc, 0x00, 0x72, 0x0a,
    0x61, 0x80, 0x60,

    /* U+4F5C "作" */
    0x00, 0xff, 0xe8, 0x8f, 0xdb, 0x08, 0x02, 0xf1,
    0xc4, 0x03, 0xff, 0x82, 0x80, 0x92, 0xe0, 0x28,
    0x71, 0x42, 0x01, 0xff, 0xc0, 0xf0, 0x03, 0xb0,
    0x20, 0x00, 0x6c, 0x40, 0x3f, 0xf8, 0x0a, 0x00,
    0x90, 0x07, 0x00, 0x20, 0x03, 0xa6, 0x40, 0x1e,
    0x60, 0x03, 0x08, 0x12, 0x00, 0xb0, 0x06, 0x56,
    0x65, 0x88, 0x06, 0xa0, 0x18, 0x00, 0x50, 0x01,
    0x7f, 0xdd, 0x54, 0xf5, 0x50, 0xa8, 0x04, 0x66,
    0x08, 0x10, 0x16, 0x08, 0x90, 0x02, 0xd5, 0x79,
    0x00, 0x29, 0x00, 0x41, 0x04, 0x8a, 0xb8, 0x07,
    0xff, 0x04, 0xd4, 0x00, 0x44, 0x17, 0x3a, 0x00,
    0xf8, 0xe4, 0x03, 0xa0, 0x03, 0xa1, 0x30, 0x03,
    0xe1, 0xd6, 0xc1, 0x00, 0x22, 0xd8, 0x04, 0x61,
    0x60, 0x1e, 0x5b, 0xa5, 0x47, 0x40, 0x07, 0xe2,
    0x80, 0x45, 0x20, 0x1f, 0x2d, 0xdf, 0x28, 0x15,
    0x10, 0x06, 0x10, 0x0f, 0xfe, 0x21, 0x08, 0x07,
    0xff, 0x14, 0x6c, 0x80, 0x3f, 0xf9, 0x3a, 0x9a,
    0x80, 0x1f, 0xfc, 0x55, 0xaa, 0x3a, 0x23, 0x80,
    0x3f, 0xf8, 0xab, 0x54, 0xbb, 0xa8, 0x03, 0xff,
    0xfe, 0x01, 0xff, 0xcf, 0x2a, 0x00, 0xfc, 0x5a,
    0x01, 0xfe, 0x1f, 0xd6, 0x00, 0xf1, 0x7e, 0xb0,
    0x07, 0xc0,

    /* U+522B "别" */
    0x00, 0xff, 0xe3, 0x88, 0x07, 0x49, 0x80, 0x70,
    0xe2, 0x00, 0x7d, 0x9f, 0xcc, 0x00, 0x7c, 0xda,
    0xad, 0xe7, 0x6e, 0x08, 0xa8, 0x40, 0x10, 0xb0,
    0x06, 0x4a, 0xac, 0xc0, 0x02, 0x0e, 0xab, 0x60,
    0x0f, 0xfe, 0x2a, 0x00, 0x64, 0x00, 0xff, 0xff,
    0x80, 0x4f, 0x77, 0x94, 0x03, 0xff, 0x8a, 0xa0,
    0x47, 0x6a, 0x06, 0x20, 0x1f, 0xfc, 0x0a, 0xee,
    0x23, 0x68, 0x47, 0xe0, 0x07, 0xff, 0x05, 0x04,
    0xc0, 0x02, 0x00, 0xa7, 0x00, 0xff, 0xe0, 0x55,
    0xdc, 0x00, 0x8b, 0xd5, 0x8a, 0x00, 0xff, 0xaa,
    0xec, 0xa0, 0x0c, 0xb8, 0x00, 0x10, 0x07, 0xff,
    0x08, 0x80, 0xc0, 0x06, 0x00, 0xc0, 0x0f, 0xfe,
    0x13, 0x02, 0x80, 0x04, 0x00, 0xe0, 0x1f, 0xfc,
    0x23, 0x0d, 0x00, 0x78, 0x00, 0x40, 0x3f, 0xf8,
    0x28, 0x04, 0x80, 0x02, 0x00, 0x10, 0x64, 0x68,
    0x07, 0xf6, 0x85, 0x00, 0x4e, 0x02, 0x00, 0x67,
    0x20, 0x0f, 0xc2, 0xc6, 0xe0, 0x02, 0x20, 0x28,
    0x04, 0x46, 0x44, 0x30, 0x0e, 0x81, 0xe2, 0x9d,
    0xd0, 0x03, 0x40, 0x22, 0x6f, 0xd1, 0x02, 0x00,
    0x2b, 0xe9, 0x12, 0x5c, 0x00, 0x2e, 0x01, 0x97,
    0xc0, 0x25, 0x03, 0xec, 0x30, 0x0b, 0x05, 0x70,
    0x40, 0x38, 0x8c, 0xd3, 0x00, 0x76, 0x40, 0x19,
    0xba, 0x88, 0x03, 0xec, 0xc3, 0x00, 0x00,

    /* U+52A1 "务" */
    0x00, 0xfd, 0x08, 0x01, 0xff, 0xc9, 0x77, 0x5f,
    0xb0, 0x07, 0xff, 0x1e, 0x40, 0x0e, 0xc0, 0x19,
    0x39, 0x80, 0x3f, 0xe7, 0x10, 0x01, 0xd5, 0x6b,
    0xb0, 0xcb, 0x80, 0x7f, 0x14, 0x01, 0xfd, 0xd5,
    0x61, 0x00, 0xb8, 0x40, 0x3f, 0x70, 0x20, 0x18,
    0x06, 0x85, 0x00, 0x4c, 0x84, 0x03, 0xe9, 0x37,
    0xbf, 0xc8, 0x10, 0x87, 0x00, 0x4b, 0x00, 0x7e,
    0x77, 0x54, 0x01, 0xdb, 0xf6, 0x38, 0x0d, 0xb0,
    0x07, 0xe8, 0xff, 0x28, 0x04, 0x8c, 0x06, 0x00,
    0x52, 0x30, 0x0f, 0x86, 0x60, 0x40, 0x26, 0xd6,
    0x02, 0x00, 0x24, 0xe7, 0xf6, 0xe5, 0x20, 0x08,
    0x80, 0x02, 0xdd, 0x24, 0xb9, 0xbc, 0xe2, 0x01,
    0x09, 0x1e, 0x20, 0x00, 0x9f, 0x3e, 0x9e, 0xf1,
    0x7a, 0xda, 0x3a, 0x98, 0xc0, 0x08, 0xc0, 0x2e,
    0x87, 0xbd, 0x92, 0x8e, 0x04, 0x8e, 0x00, 0x59,
    0xcf, 0xc9, 0x00, 0x0b, 0xb2, 0x08, 0x06, 0x10,
    0x01, 0x80, 0x64, 0xd3, 0x31, 0x00, 0x62, 0xaa,
    0xf4, 0x80, 0x0a, 0xab, 0x59, 0x62, 0x00, 0x71,
    0x55, 0x78, 0x02, 0xda, 0xac, 0x01, 0xff, 0xc3,
    0x33, 0x01, 0x98, 0x02, 0x10, 0x01, 0x20, 0x07,
    0xfd, 0x20, 0x08, 0x00, 0xc4, 0x00, 0x60, 0x0f,
    0xf9, 0x94, 0x19, 0x00, 0x32, 0x80, 0x0c, 0x03,
    0xfc, 0x92, 0x0d, 0x22, 0x20, 0x0a, 0x80, 0x1a,
    0x01, 0xfc, 0xf6, 0x13, 0x20, 0x37, 0xdf, 0xf1,
    0x80, 0x14, 0x03, 0xe2, 0xa8, 0x7e, 0x60, 0x01,
    0x36, 0xa0, 0x05, 0x00, 0x1e, 0x38, 0x87, 0xfa,
    0x04, 0x03, 0xda, 0x27, 0x2e, 0x01, 0xe2, 0x8a,
    0x50, 0x0f, 0xe6, 0xec, 0x60, 0x0f, 0x00,

    /* U+53D6 "取" */
    0x00, 0xff, 0x8a, 0x80, 0x3f, 0xf9, 0x5e, 0xba,
    0x20, 0x1f, 0xc3, 0x54, 0xff, 0x75, 0x52, 0xff,
    0xc0, 0xae, 0xe0, 0x0f, 0xe1, 0xaa, 0x00, 0x12,
    0xaa, 0x00, 0x25, 0x51, 0x80, 0x31, 0xea, 0x00,
    0x7f, 0xf0, 0x4e, 0xab, 0xec, 0x2b, 0x70, 0x0f,
    0xfe, 0x01, 0xd6, 0x45, 0x56, 0x10, 0x0f, 0xe4,
    0xaa, 0x80, 0x31, 0x20, 0x04, 0x22, 0x01, 0x70,
    0x0f, 0x25, 0x54, 0x01, 0x97, 0x40, 0x25, 0x00,
    0x20, 0x07, 0xff, 0x0c, 0x58, 0x02, 0x30, 0x06,
    0x00, 0x7f, 0xf1, 0x19, 0x00, 0x18, 0x00, 0x40,
    0x0f, 0xfe, 0x21, 0xf8, 0x01, 0x00, 0x48, 0x03,
    0xe4, 0xbb, 0x50, 0x07, 0x5a, 0x1a, 0x80, 0x18,
    0x03, 0xf2, 0x5d, 0xa8, 0x03, 0x8c, 0xa3, 0xc0,
    0x14, 0x01, 0xff, 0xc6, 0xa4, 0x50, 0x42, 0x00,
    0xff, 0xe1, 0x25, 0xc9, 0x28, 0x05, 0x20, 0x1f,
    0xcf, 0x59, 0xc0, 0x01, 0xa9, 0x22, 0x08, 0x11,
    0x00, 0x31, 0x67, 0x80, 0x09, 0x4c, 0xc0, 0x05,
    0x10, 0x04, 0x08, 0x15, 0x00, 0x62, 0x10, 0x08,
    0xa3, 0xb4, 0x03, 0x89, 0xc0, 0xc1, 0x6c, 0x03,
    0x40, 0xbe, 0x6b, 0x88, 0x07, 0xa4, 0x33, 0x44,
    0x13, 0x90, 0x00, 0xbf, 0x06, 0x01, 0xfa, 0x57,
    0x0c, 0x74, 0x00, 0x36, 0xc0, 0x01, 0x00, 0xfe,
    0x72, 0xf3, 0x00, 0x1d, 0x80, 0x2d, 0x80, 0x3f,
    0xc4, 0x22, 0xb1, 0x00, 0xc9, 0x92, 0x80,

    /* U+53F0 "台" */
    0x00, 0xfc, 0x80, 0x1f, 0xfc, 0x93, 0xbf, 0x93,
    0x00, 0xff, 0xe3, 0x70, 0x01, 0xac, 0x40, 0x3f,
    0xf8, 0x94, 0x40, 0x0a, 0x81, 0x00, 0xff, 0xe1,
    0xc2, 0x80, 0xe2, 0x80, 0x21, 0x84, 0x03, 0xfe,
    0x77, 0x02, 0x79, 0x80, 0x53, 0x5d, 0x22, 0x01,
    0xfa, 0x20, 0x35, 0x62, 0x01, 0x87, 0x49, 0xbd,
    0x40, 0x38, 0x6d, 0xdd, 0xca, 0x01, 0xf0, 0xf8,
    0x8a, 0x94, 0x02, 0x6f, 0x44, 0x04, 0x4c, 0xd5,
    0x4b, 0xb6, 0x63, 0xc8, 0x01, 0x42, 0x01, 0x08,
    0x23, 0xb9, 0x9a, 0x54, 0x02, 0xaf, 0xdc, 0x30,
    0x03, 0x00, 0x10, 0x02, 0x24, 0x79, 0xce, 0xe5,
    0xcb, 0x18, 0x03, 0xc0, 0x38, 0xa3, 0x7f, 0x6e,
    0x18, 0xc4, 0x03, 0xc2, 0x72, 0xec, 0x01, 0x3b,
    0x5a, 0x00, 0x7f, 0xab, 0xcd, 0xa0, 0x40, 0x39,
    0x2f, 0x6a, 0xbf, 0x5a, 0x8e, 0x30, 0x07, 0xf3,
    0x55, 0x7f, 0x00, 0x44, 0x01, 0xff, 0xc9, 0x14,
    0x00, 0xff, 0xff, 0x80, 0x7f, 0xf3, 0x96, 0xef,
    0xf5, 0x00, 0x7f, 0xf0, 0x56, 0xef, 0xf5, 0x00,
    0x7f, 0xc2, 0x9e, 0x01, 0xfe, 0x39, 0x00, 0xe0,

    /* U+54C1 "品" */
    0x00, 0xff, 0xe7, 0x8c, 0x98, 0x07, 0xc5, 0xac,
    0x01, 0xff, 0x36, 0x6d, 0x57, 0xb0, 0xa6, 0x40,
    0x1f, 0xfc, 0x06, 0xaa, 0xf3, 0x00, 0x04, 0x03,
    0xff, 0x95, 0x80, 0x1f, 0xff, 0xf0, 0x0f, 0x2d,
    0x57, 0x94, 0x03, 0xff, 0x86, 0xb5, 0x5e, 0x50,
    0x0f, 0xfe, 0x19, 0x80, 0x7e, 0x45, 0x00, 0xfe,
    0x1b, 0xe8, 0x40, 0x08, 0x42, 0x7e, 0xc4, 0x14,
    0x03, 0x7c, 0x90, 0x20, 0xbd, 0xc8, 0x03, 0xa4,
    0xc0, 0x27, 0xaa, 0x00, 0x66, 0xca, 0xaa, 0x41,
    0xa0, 0x00, 0xd9, 0x55, 0x48, 0x2d, 0x80, 0x64,
    0xaa, 0x90, 0x01, 0x00, 0x12, 0xd5, 0x48, 0x00,
    0x90, 0x0f, 0xfe, 0x51, 0x80, 0x7f, 0xff, 0xc0,
    0x3f, 0xf9, 0x29, 0x55, 0x20, 0x07, 0x96, 0xaa,
    0x40, 0x0f, 0x92, 0xaa, 0x40, 0x20, 0x0c, 0xb5,
    0x52, 0x00, 0x78, 0xf8, 0x02, 0x9d, 0xd0, 0x04,
    0x7c, 0x01, 0x89, 0x44, 0x01, 0xf8, 0x80, 0x11,
    0x90, 0x05, 0xf8, 0xa0, 0x15, 0x6d, 0x00, 0x00,

    /* U+5907 "备" */
    0x00, 0xf9, 0x18, 0x80, 0x3f, 0xf9, 0x33, 0x2d,
    0xc2, 0x00, 0xe1, 0x00, 0xff, 0xe0, 0x29, 0x00,
    0xe9, 0x00, 0x66, 0xe4, 0x00, 0xff, 0xa0, 0x00,
    0x77, 0x55, 0xae, 0x42, 0xd0, 0x03, 0xf9, 0xc8,
    0x27, 0x6a, 0xb5, 0xa8, 0x05, 0xc0, 0x1f, 0x8a,
    0x01, 0x3c, 0x03, 0xb4, 0x40, 0x15, 0x40, 0x0f,
    0xde, 0x15, 0x65, 0x86, 0x00, 0xb3, 0x00, 0x4a,
    0x80, 0x7e, 0xa3, 0xc5, 0x0b, 0x0c, 0xbc, 0x40,
    0x1b, 0x60, 0x0f, 0xd2, 0x7c, 0x60, 0x16, 0x12,
    0x18, 0x02, 0x54, 0x03, 0xf1, 0xdc, 0x80, 0x64,
    0xc2, 0x00, 0xd1, 0xdc, 0xa8, 0x64, 0x30, 0x01,
    0x90, 0x04, 0x77, 0x63, 0x28, 0xd8, 0x10, 0x00,
    0xab, 0xcd, 0xd8, 0x03, 0x96, 0xf1, 0x55, 0x7a,
    0xe4, 0xfd, 0x46, 0x01, 0xa6, 0x00, 0x09, 0x5b,
    0x49, 0x3d, 0x48, 0x01, 0xcb, 0x40, 0x2a, 0x6c,
    0x00, 0x17, 0xad, 0x30, 0x9b, 0xbb, 0x37, 0x57,
    0x74, 0x00, 0x8b, 0x00, 0x21, 0x30, 0x0e, 0xab,
    0xb5, 0x11, 0x2a, 0xec, 0x80, 0x0e, 0x00, 0xff,
    0xe5, 0xb0, 0x07, 0xff, 0x5e, 0xaa, 0xb0, 0x05,
    0x54, 0x80, 0x1f, 0xfc, 0x2a, 0xaa, 0xc0, 0x15,
    0x52, 0x00, 0x7f, 0xfc, 0xaa, 0xac, 0x55, 0x5d,
    0x51, 0x00, 0x3f, 0xf8, 0x04, 0xd7, 0x55, 0xf9,
    0x05, 0x48, 0x03, 0x00,

    /* U+5B58 "存" */
    0x00, 0xfe, 0x10, 0x0f, 0xfe, 0x52, 0xf5, 0xb0,
    0x80, 0x7f, 0xf1, 0xfc, 0x12, 0xc8, 0x03, 0xff,
    0x8e, 0xa0, 0x08, 0x30, 0x0f, 0x46, 0x10, 0x06,
    0x11, 0xe5, 0x00, 0x90, 0x47, 0xca, 0xe7, 0x88,
    0x00, 0x48, 0x8e, 0xb0, 0x02, 0x44, 0x7d, 0x8c,
    0xc7, 0xc0, 0x02, 0x4c, 0xe8, 0x10, 0x2b, 0x99,
    0xff, 0xa0, 0x03, 0xe9, 0x00, 0x48, 0x07, 0xe8,
    0xc1, 0x00, 0xfc, 0x2c, 0x0c, 0x95, 0x5f, 0x63,
    0x9e, 0x10, 0x07, 0xd0, 0x27, 0x21, 0x55, 0xf0,
    0x04, 0xec, 0x01, 0xe2, 0x60, 0x33, 0x00, 0x7c,
    0xe6, 0x35, 0x44, 0x00, 0xf7, 0x00, 0x08, 0xc0,
    0x39, 0x55, 0x0f, 0xca, 0x01, 0xf4, 0x18, 0x07,
    0xe1, 0xaa, 0x0d, 0x01, 0x20, 0x07, 0x2a, 0xb4,
    0x40, 0x3f, 0xc4, 0x41, 0xfb, 0x80, 0x09, 0x7f,
    0x08, 0x02, 0x3a, 0xae, 0x00, 0x15, 0x69, 0x8b,
    0x30, 0x00, 0x34, 0x20, 0x18, 0xea, 0xb8, 0x00,
    0x55, 0x9d, 0xd3, 0x00, 0x10, 0x03, 0xff, 0xfe,
    0x01, 0xc4, 0x41, 0x30, 0x0f, 0xfe, 0x40, 0xd7,
    0x68, 0x01, 0xc0, 0x3f, 0xf8, 0xa7, 0x12, 0x01,
    0x68, 0x07, 0xff, 0x05, 0x24, 0x03, 0x38, 0xa5,
    0x30, 0x07, 0xc0,

    /* U+5DE5 "工" */
    0x00, 0xff, 0xe3, 0x51, 0x00, 0x7f, 0xf2, 0x65,
    0x75, 0x40, 0x3a, 0x2e, 0xff, 0xf8, 0x4c, 0x00,
    0xa4, 0x00, 0xd1, 0x77, 0xf3, 0xa2, 0x3e, 0xee,
    0xff, 0xc8, 0x01, 0xff, 0xff, 0x00, 0xff, 0xff,
    0x80, 0x7f, 0xff, 0xc0, 0x3f, 0xff, 0xe0, 0x1f,
    0xcc, 0xe0, 0x1f, 0xfc, 0x93, 0x98, 0xa0, 0x01,
    0xd5, 0x7f, 0x10, 0x02, 0x2a, 0xb6, 0x80, 0x16,
    0xc0,

    /* U+5E08 "师" */
    0x00, 0xff, 0xe7, 0xbf, 0xf4, 0x00, 0x7f, 0xd0,
    0xa0, 0x1f, 0x86, 0x40, 0x3f, 0xca, 0xf4, 0xe0,
    0x01, 0x00, 0xf4, 0xdd, 0xed, 0xff, 0x5d, 0xb9,
    0x11, 0xa2, 0x9d, 0xee, 0x01, 0xa6, 0xef, 0x28,
    0x02, 0xae, 0xf5, 0x08, 0x04, 0xc0, 0x1f, 0xfd,
    0x09, 0x30, 0x0f, 0x8f, 0x0c, 0x03, 0xfe, 0x6c,
    0xda, 0x50, 0x05, 0x53, 0x4f, 0x18, 0x03, 0xff,
    0x81, 0x54, 0x50, 0x05, 0x51, 0xc0, 0x0e, 0x01,
    0xff, 0xca, 0x10, 0x0f, 0xff, 0x3f, 0x80, 0x04,
    0x03, 0xff, 0x8e, 0x20, 0x20, 0x1f, 0xfc, 0x83,
    0x02, 0x00, 0xff, 0xe4, 0x30, 0x28, 0x07, 0xff,
    0x20, 0xc3, 0x40, 0x3f, 0xf8, 0x8e, 0xb2, 0x40,
    0x04, 0x00, 0xfe, 0x3a, 0x60, 0x0c, 0x74, 0xd6,
    0x10, 0x01, 0xfe, 0x3a, 0x00, 0x20, 0x07, 0x31,
    0x38, 0x06, 0x13, 0x00, 0xf1, 0xad, 0x00, 0x66,
    0x1e, 0x00, 0xdd, 0xc4, 0x00, 0xf6, 0x50, 0x80,
    0x47, 0x16, 0x60, 0x18, 0x40, 0x3f, 0xf8, 0x55,
    0x88, 0x01, 0xfe, 0x15, 0x10, 0x0f, 0x00,

    /* U+5E38 "常" */
    0x00, 0xff, 0x94, 0xc8, 0x03, 0xff, 0x87, 0x56,
    0xc0, 0x01, 0xac, 0xc0, 0x87, 0x5b, 0x08, 0x07,
    0xf5, 0xac, 0xd8, 0x06, 0x21, 0x41, 0x49, 0x81,
    0x00, 0xf8, 0x44, 0xc0, 0x86, 0x01, 0xdc, 0x03,
    0x72, 0x20, 0x1e, 0x36, 0x0b, 0x02, 0x20, 0x07,
    0x2a, 0xbd, 0x03, 0x2c, 0x03, 0xa6, 0x55, 0x28,
    0xf7, 0x42, 0x35, 0x88, 0x5d, 0x69, 0xa6, 0x08,
    0x02, 0x54, 0xaa, 0x97, 0x54, 0xbe, 0xe6, 0xdf,
    0x55, 0x4a, 0x00, 0x62, 0x0a, 0x60, 0x60, 0xe7,
    0x10, 0x0f, 0x0e, 0x69, 0x21, 0xdd, 0x18, 0x38,
    0x02, 0x00, 0x63, 0xea, 0xbe, 0x32, 0xdb, 0xc4,
    0x00, 0xbe, 0x30, 0x80, 0x24, 0xaa, 0xf8, 0x00,
    0x8e, 0x01, 0xc4, 0xe6, 0x01, 0xff, 0xd0, 0x11,
    0xf8, 0xc0, 0x3f, 0xf8, 0x8d, 0x10, 0xee, 0x64,
    0x58, 0x00, 0x80, 0x3f, 0x84, 0x16, 0x3e, 0x60,
    0x00, 0xf3, 0x2c, 0xea, 0x10, 0x0f, 0x87, 0xa6,
    0x1c, 0x80, 0x3e, 0x30, 0xdf, 0x30, 0x0f, 0xcd,
    0x95, 0x58, 0x00, 0x95, 0x58, 0x45, 0x88, 0x01,
    0xf9, 0x2a, 0xb0, 0x01, 0x2a, 0xa9, 0x00, 0x32,
    0x00, 0x7f, 0xfd, 0x5a, 0xa4, 0x03, 0xff, 0x92,
    0xd2, 0x80, 0x0f, 0x00, 0xfe, 0xc0, 0x0f, 0xe3,
    0x21, 0x76, 0x00, 0xf0, 0xef, 0xb0, 0x07, 0x17,
    0x00, 0x59, 0xd0, 0x01, 0x80,

    /* U+5F02 "异" */
    0x00, 0xff, 0xe2, 0x88, 0x07, 0xf0, 0xf4, 0x10,
    0x07, 0xf5, 0xfa, 0x80, 0x7f, 0x0b, 0xe5, 0xdf,
    0xf2, 0x0d, 0x40, 0x07, 0xf9, 0x2e, 0xff, 0x80,
    0x03, 0x00, 0x1f, 0xfe, 0xe4, 0xaa, 0xfe, 0x00,
    0xcc, 0x01, 0xfc, 0x95, 0x5f, 0xca, 0xf4, 0x16,
    0x01, 0xff, 0xc7, 0xa8, 0x47, 0x30, 0x0f, 0x08,
    0x01, 0x61, 0xdf, 0xfa, 0x26, 0x06, 0x84, 0x03,
    0x88, 0x00, 0xf1, 0x1f, 0xce, 0xc0, 0x05, 0x50,
    0x07, 0x7a, 0x90, 0x80, 0x7f, 0x09, 0x1a, 0xd2,
    0x00, 0x71, 0x57, 0xcd, 0x5f, 0xfe, 0xaa, 0x5e,
    0x6e, 0x52, 0x80, 0x7e, 0x68, 0xad, 0x00, 0xdd,
    0x56, 0x80, 0x1f, 0xfc, 0x3f, 0x00, 0xf9, 0xc0,
    0x14, 0x60, 0x1f, 0xfc, 0x99, 0x5c, 0x70, 0x05,
    0x57, 0x40, 0x02, 0xab, 0x94, 0x01, 0x54, 0x35,
    0x56, 0x88, 0x55, 0x75, 0x80, 0x3a, 0xab, 0x28,
    0x02, 0xab, 0xc2, 0x01, 0xec, 0x02, 0x20, 0x07,
    0xff, 0x1d, 0x10, 0x1c, 0x01, 0xff, 0xc7, 0x2a,
    0x09, 0x30, 0x0f, 0xfe, 0x32, 0xea, 0xeb, 0x00,
    0x7f, 0xf1, 0x52, 0x0b, 0x6c, 0x80, 0x3f, 0x0a,
    0x88, 0x07, 0xc9, 0x0e, 0x40, 0x1f, 0xd7, 0xd4,
    0x01, 0xf0,

    /* U+5F55 "录" */
    0x00, 0xff, 0xe2, 0x08, 0x07, 0xff, 0x29, 0xb9,
    0x80, 0x3f, 0x96, 0xab, 0xfe, 0x80, 0x9a, 0x00,
    0xfc, 0xb5, 0x5f, 0xf2, 0x80, 0x38, 0x03, 0xff,
    0x90, 0xe0, 0x06, 0x00, 0xff, 0xe4, 0x08, 0x00,
    0xc0, 0x3f, 0xa2, 0xab, 0xfc, 0x40, 0x1f, 0xfc,
    0x08, 0xaa, 0xff, 0x08, 0x00, 0x51, 0x80, 0x3f,
    0xf8, 0xc2, 0x00, 0x2a, 0x99, 0x00, 0x0a, 0xab,
    0xff, 0x84, 0x01, 0x78, 0x83, 0x50, 0x15, 0x55,
    0x15, 0x5c, 0x2a, 0xae, 0xaf, 0xfb, 0xbf, 0xea,
    0x00, 0xee, 0xe4, 0x88, 0x07, 0x68, 0x04, 0x79,
    0x62, 0x01, 0xf6, 0x83, 0x78, 0x80, 0x61, 0x20,
    0x07, 0x02, 0x68, 0x80, 0x78, 0x58, 0x06, 0x40,
    0x35, 0xf0, 0x49, 0x12, 0xf0, 0x40, 0x3e, 0x90,
    0x06, 0x8b, 0x80, 0x09, 0xf1, 0x2b, 0x50, 0x03,
    0xf8, 0x7a, 0xb3, 0xc8, 0x02, 0x83, 0x45, 0x00,
    0xff, 0x97, 0x69, 0x35, 0x40, 0x23, 0x56, 0xc2,
    0x00, 0xf8, 0xa3, 0xa8, 0xd3, 0x0c, 0x03, 0xac,
    0x4f, 0x64, 0xc0, 0x35, 0xeb, 0x88, 0x45, 0x88,
    0x07, 0x87, 0x44, 0x1b, 0x35, 0x80, 0x1a, 0x00,
    0x2c, 0x70, 0x0f, 0xe3, 0xd0, 0x08, 0x50, 0x00,
    0xca, 0xad, 0x31, 0x7d, 0xf4, 0x00, 0x08, 0x04,
    0x7c, 0x81, 0xa4, 0x01, 0x55, 0x00, 0x02, 0xfa,
    0x20, 0x04, 0x00, 0xe1, 0xbc, 0x10, 0x0f, 0xf9,
    0x05, 0xa8, 0x03, 0xe3, 0x00, 0xff, 0xe0, 0x57,
    0x48, 0x80, 0x7f, 0xc0,

    /* U+5FD7 "志" */
    0x00, 0xff, 0x19, 0x84, 0x03, 0xff, 0x97, 0xf9,
    0xd2, 0x01, 0xff, 0xcd, 0x80, 0x0f, 0xfe, 0x9a,
    0x20, 0x03, 0xff, 0x96, 0x35, 0x6e, 0x01, 0xd3,
    0x55, 0xf8, 0xc0, 0x15, 0x5d, 0x82, 0x10, 0xc0,
    0x1a, 0x6a, 0xbf, 0x18, 0x02, 0xab, 0xb7, 0xfe,
    0x60, 0x0f, 0xff, 0x1b, 0x80, 0x7f, 0xf3, 0x26,
    0x30, 0x40, 0x3e, 0x3a, 0xaf, 0x88, 0x01, 0x75,
    0x4b, 0x60, 0x3f, 0x10, 0x0f, 0x1d, 0x57, 0xdd,
    0xfe, 0xaa, 0xaf, 0xfe, 0xe1, 0x00, 0xff, 0x11,
    0x00, 0x02, 0xe2, 0x01, 0xff, 0xc7, 0x9d, 0xf7,
    0x1c, 0xe6, 0x00, 0xc8, 0x01, 0xfe, 0x35, 0x00,
    0xcc, 0x12, 0x12, 0xe0, 0x17, 0x6b, 0x00, 0x7e,
    0x5c, 0x00, 0xf1, 0x18, 0x40, 0x05, 0x67, 0x34,
    0x01, 0xf5, 0x90, 0x07, 0xc8, 0x01, 0x88, 0x60,
    0x16, 0x40, 0x3a, 0x88, 0x40, 0x3e, 0xa5, 0x90,
    0x05, 0x83, 0x08, 0x30, 0x06, 0xa5, 0x0d, 0x00,
    0xf8, 0xa9, 0x81, 0x08, 0x00, 0xe0, 0x01, 0x00,
    0x0a, 0x80, 0xb0, 0x06, 0x20, 0x0e, 0x18, 0x70,
    0x05, 0x23, 0x88, 0x00, 0x61, 0xb0, 0x40, 0x40,
    0x19, 0xff, 0xdc, 0x66, 0xa0, 0x3b, 0x80, 0x0c,
    0xf2, 0x40, 0x0f, 0x00, 0xff, 0xb4, 0x03, 0xff,
    0x82, 0xb9, 0x31, 0x1e, 0x9a, 0xd7, 0x00, 0xf8,

    /* U+6001 "态" */
    0x00, 0xff, 0x08, 0x80, 0x3f, 0xf9, 0x91, 0xdc,
    0xb2, 0x00, 0xff, 0xe4, 0x90, 0x0e, 0x10, 0x07,
    0xff, 0x25, 0x40, 0x08, 0x01, 0xe8, 0x40, 0x0f,
    0xfe, 0x10, 0x80, 0x0c, 0x03, 0x99, 0xed, 0xc0,
    0x32, 0x55, 0x7d, 0x80, 0x02, 0xda, 0xae, 0xc5,
    0x56, 0x88, 0x04, 0x95, 0x5f, 0x38, 0x02, 0x78,
    0xaa, 0xbf, 0x08, 0x07, 0xf8, 0xd0, 0x0d, 0x0d,
    0x18, 0x03, 0xff, 0x8d, 0xe0, 0x0e, 0x00, 0x44,
    0xc8, 0x03, 0xff, 0x89, 0x26, 0x05, 0x2c, 0x08,
    0xcc, 0xd5, 0x00, 0xff, 0xe0, 0xbb, 0x05, 0xfa,
    0xcf, 0x0c, 0x99, 0x56, 0xb0, 0x80, 0x7f, 0x54,
    0x26, 0xa1, 0x58, 0x0c, 0x06, 0x20, 0x14, 0xf6,
    0x18, 0x07, 0x26, 0xb5, 0x59, 0x00, 0x15, 0x03,
    0xc0, 0x16, 0xc0, 0x14, 0x18, 0x04, 0x95, 0xbd,
    0x8a, 0x01, 0x0a, 0xdf, 0x30, 0x05, 0x38, 0x8e,
    0x80, 0x19, 0xaa, 0x48, 0x06, 0x1d, 0x82, 0x7d,
    0x80, 0x30, 0x9d, 0xc0, 0x07, 0x10, 0x02, 0x00,
    0xde, 0x34, 0x78, 0x22, 0x00, 0x16, 0xd1, 0x80,
    0x7e, 0x16, 0x10, 0x08, 0x40, 0x8c, 0x1c, 0x02,
    0xe5, 0xc8, 0x00, 0xfa, 0x80, 0x3f, 0x58, 0x10,
    0x01, 0x8a, 0x01, 0xdc, 0x01, 0x86, 0xd0, 0x04,
    0x03, 0xcf, 0x98, 0x00, 0x50, 0xb8, 0x02, 0x40,
    0x35, 0x20, 0x28, 0x06, 0x10, 0x08, 0xc4, 0x18,
    0xcc, 0x08, 0x02, 0x01, 0x84, 0x0a, 0xc0, 0xc0,
    0x09, 0xff, 0xe9, 0x0c, 0x0f, 0x4a, 0x00, 0xd5,
    0xba, 0x10, 0x12, 0x00, 0xff, 0x18, 0x25, 0xa8,
    0x07, 0x10, 0x06, 0xda, 0x98, 0x8e, 0x9a, 0xcd,
    0x00, 0xf8,

    /* U+6167 "慧" */
    0x00, 0xe3, 0x42, 0x10, 0x0f, 0x21, 0x90, 0x07,
    0xff, 0x02, 0xaf, 0x54, 0x80, 0x3a, 0xb3, 0x06,
    0x08, 0x01, 0xff, 0xc0, 0x5c, 0xd2, 0x00, 0xe5,
    0x39, 0xb7, 0x00, 0xcb, 0x55, 0x20, 0x02, 0xd5,
    0xd6, 0xaa, 0x10, 0x5a, 0x34, 0xd2, 0x00, 0x96,
    0xaa, 0x40, 0x05, 0x3e, 0xbd, 0x54, 0x20, 0xb4,
    0x4f, 0x64, 0x01, 0x0d, 0xdc, 0x80, 0x0c, 0x29,
    0x57, 0xbb, 0x08, 0x2d, 0xb1, 0x50, 0x06, 0x1b,
    0xb9, 0x00, 0x19, 0x06, 0xee, 0xbb, 0x08, 0x2d,
    0xf9, 0xe8, 0x06, 0x7a, 0xa9, 0x00, 0x15, 0x25,
    0x95, 0x50, 0x82, 0xd6, 0x14, 0xb0, 0x04, 0xf5,
    0x52, 0x00, 0x2b, 0xfd, 0xd5, 0x50, 0x82, 0xde,
    0xff, 0x98, 0x03, 0xef, 0x6a, 0x00, 0xfa, 0x2c,
    0xbc, 0xc0, 0x3f, 0x3d, 0x61, 0xfd, 0x57, 0xd9,
    0xcc, 0x38, 0xa0, 0x1f, 0x3d, 0x57, 0xff, 0x04,
    0x40, 0x54, 0x03, 0xf4, 0x4c, 0xff, 0xf0, 0x04,
    0x0c, 0x03, 0xfa, 0x62, 0x3f, 0xf8, 0x02, 0x01,
    0xff, 0x08, 0xff, 0xf0, 0x40, 0x3f, 0xe9, 0xaa,
    0xff, 0xe0, 0x88, 0x07, 0xfa, 0x6a, 0x98, 0x65,
    0x9a, 0x5d, 0x55, 0x95, 0xa4, 0x03, 0xf4, 0x08,
    0x7b, 0x3a, 0xb3, 0x2e, 0xc0, 0x17, 0x87, 0x20,
    0x07, 0x89, 0x94, 0x03, 0x86, 0xc1, 0x04, 0x0b,
    0xe1, 0xee, 0x80, 0x31, 0xe0, 0x80, 0x7c, 0xad,
    0x02, 0x12, 0x22, 0x90, 0x56, 0x00, 0x0e, 0x08,
    0x28, 0x06, 0xcf, 0xe7, 0x9f, 0xf2, 0x22, 0x10,
    0x43, 0x80, 0x02, 0x61, 0x02, 0x1a, 0x01, 0x84,
    0x60, 0x0d, 0xc1, 0x6d, 0x20, 0x16, 0x7b, 0x80,
    0x13, 0xae, 0xab, 0xae, 0xd9, 0xec, 0x0b, 0x22,
    0x01, 0xfc, 0x28, 0xab, 0xc8, 0x83, 0x00, 0xfc,

    /* U+65E5 "日" */
    0x00, 0xff, 0xe1, 0x10, 0x02, 0xe4, 0x80, 0x3f,
    0xd7, 0x88, 0x0e, 0xdb, 0x75, 0x5f, 0xad, 0x06,
    0xd8, 0x02, 0x9a, 0xaf, 0xe0, 0x09, 0xc0, 0x3f,
    0xf8, 0x62, 0x20, 0x0f, 0xff, 0xf8, 0x07, 0xff,
    0x06, 0x6a, 0xbf, 0x80, 0x3e, 0x9a, 0xaf, 0xe0,
    0x0f, 0xff, 0xf8, 0x07, 0xff, 0x9e, 0x6a, 0xbf,
    0x80, 0x3e, 0x9a, 0xaf, 0xe0, 0x0e, 0x27, 0x20,
    0x0f, 0xf2, 0x58, 0x00,

    /* U+667A "智" */
    0x00, 0x89, 0x40, 0x3f, 0xf9, 0x4b, 0x5f, 0x40,
    0x11, 0x80, 0x7f, 0xf1, 0x34, 0x06, 0x80, 0x0d,
    0x8e, 0x10, 0xe2, 0x01, 0x1f, 0x30, 0x07, 0x20,
    0x1d, 0x55, 0x21, 0x0e, 0x51, 0xd7, 0x76, 0x8c,
    0xd0, 0x04, 0x82, 0xd8, 0xaa, 0x3f, 0xf9, 0xc0,
    0x2b, 0xb9, 0xc0, 0x1c, 0x01, 0x72, 0x49, 0x80,
    0x38, 0x18, 0x80, 0x3f, 0xca, 0x01, 0x6d, 0x80,
    0x80, 0x05, 0x27, 0x50, 0x03, 0xff, 0x81, 0x5b,
    0x54, 0xf0, 0x06, 0xf2, 0xab, 0x40, 0x3f, 0xf8,
    0x15, 0x59, 0x00, 0x1f, 0x75, 0x49, 0x00, 0xff,
    0xe2, 0x30, 0x3d, 0x75, 0x90, 0x06, 0x99, 0x90,
    0x03, 0xf4, 0x0b, 0x46, 0x0a, 0x60, 0x06, 0x88,
    0x90, 0x03, 0xe7, 0x7a, 0x40, 0xa8, 0x04, 0x40,
    0x04, 0x11, 0xbd, 0xa8, 0x40, 0x05, 0x5b, 0xa0,
    0x40, 0x02, 0x5e, 0x0d, 0xfd, 0x8e, 0xa3, 0x4a,
    0x80, 0x49, 0x74, 0x49, 0x7d, 0x54, 0xe9, 0xab,
    0xaa, 0x61, 0x5c, 0x00, 0x73, 0x08, 0x06, 0x1a,
    0xaf, 0xca, 0x00, 0xf0, 0x0f, 0xfe, 0x5a, 0x00,
    0x7f, 0xf6, 0x2a, 0xbf, 0x28, 0x07, 0xff, 0x0e,
    0xab, 0xf2, 0x80, 0x7f, 0xfc, 0xee, 0xff, 0x28,
    0x07, 0xff, 0x04, 0x9e, 0xef, 0xf2, 0x8a, 0x10,
    0x06,

    /* U+6761 "条" */
    0x00, 0xf9, 0x10, 0x01, 0xff, 0xc9, 0xab, 0xfa,
    0x20, 0x0c, 0x20, 0x1f, 0xfc, 0x06, 0x10, 0x04,
    0x90, 0x00, 0x6f, 0x04, 0x03, 0xfc, 0x30, 0x00,
    0x19, 0xaa, 0xb1, 0x0b, 0x08, 0x03, 0xfa, 0x84,
    0x2b, 0xaa, 0xa9, 0x20, 0x09, 0x00, 0x3f, 0x42,
    0x09, 0xb0, 0x04, 0x3a, 0x00, 0x1c, 0x60, 0x0f,
    0x99, 0xd3, 0xfb, 0x1c, 0x07, 0x04, 0x07, 0x44,
    0x03, 0xe7, 0xb9, 0xb1, 0x2a, 0x8e, 0xf2, 0x02,
    0xc3, 0x00, 0xf9, 0xcb, 0x58, 0x02, 0x54, 0x11,
    0x00, 0x15, 0x84, 0x03, 0xe7, 0x50, 0x0c, 0xbc,
    0x80, 0x19, 0xef, 0xb6, 0xea, 0x5c, 0xc0, 0x39,
    0x76, 0x85, 0x2f, 0xed, 0x00, 0x22, 0x45, 0x6f,
    0x30, 0x02, 0x4f, 0x5b, 0x4f, 0x54, 0x5e, 0xc6,
    0xb9, 0x80, 0x49, 0x00, 0xd0, 0x7b, 0xfd, 0x6c,
    0x20, 0x68, 0xa6, 0x51, 0x96, 0xd1, 0x00, 0x03,
    0x43, 0xa0, 0x80, 0x7f, 0xc3, 0x4d, 0xe6, 0x01,
    0x2d, 0x57, 0xe0, 0x01, 0x55, 0x5a, 0x02, 0xce,
    0x01, 0x2d, 0x55, 0xfe, 0xaa, 0x80, 0x05, 0x55,
    0x67, 0x74, 0xe0, 0x1f, 0x5d, 0x62, 0x18, 0x06,
    0x98, 0x40, 0x0f, 0xf4, 0x08, 0x08, 0x07, 0xa5,
    0x2f, 0x50, 0x03, 0xe4, 0x70, 0x2c, 0x43, 0x00,
    0xed, 0x22, 0x5b, 0x80, 0x71, 0x50, 0x26, 0x08,
    0x18, 0x07, 0x0f, 0x80, 0x20, 0xc0, 0x21, 0xf0,
    0x9b, 0x79, 0x94, 0x00, 0x1c, 0x02, 0x29, 0x00,
    0x58, 0x00, 0xb1, 0x7d, 0x81, 0xa4, 0x94, 0x01,
    0x80, 0x19, 0x88, 0x30, 0x00, 0xdb, 0x02, 0x01,
    0xa0, 0x05, 0xdc, 0x01, 0xdb, 0xe8, 0x00, 0x40,
    0x0f, 0x8f, 0xb9, 0x00, 0x1f, 0xf0,

    /* U+679C "果" */
    0x00, 0xff, 0xe7, 0x8d, 0x20, 0x07, 0xfc, 0x9a,
    0x60, 0x1f, 0x96, 0xf6, 0xaa, 0xbb, 0xaa, 0xb5,
    0x96, 0x30, 0x07, 0xf3, 0xd5, 0x40, 0x88, 0xba,
    0xa9, 0x00, 0x0a, 0x01, 0xff, 0xcb, 0x20, 0x0f,
    0xfe, 0xaa, 0x55, 0x4a, 0x00, 0xaa, 0xca, 0x01,
    0xff, 0xc0, 0x4a, 0xa9, 0x40, 0x15, 0x59, 0x40,
    0x3f, 0xfe, 0x09, 0x55, 0x28, 0x02, 0xab, 0x28,
    0x07, 0xff, 0x01, 0xea, 0xa5, 0x00, 0x55, 0x65,
    0x27, 0x10, 0x0f, 0x0c, 0xe4, 0x80, 0x7f, 0xaf,
    0x6f, 0x08, 0x03, 0xcc, 0x60, 0x1f, 0x18, 0x06,
    0x2d, 0x3d, 0x40, 0x04, 0xd5, 0x7b, 0xbd, 0x00,
    0x19, 0x75, 0x54, 0x22, 0xab, 0x40, 0x13, 0x55,
    0xd0, 0x20, 0x1a, 0x9e, 0xea, 0xbd, 0x20, 0x1f,
    0xb8, 0x03, 0x95, 0x58, 0x60, 0x1f, 0xfc, 0x1b,
    0x30, 0x94, 0x00, 0xa0, 0x32, 0x44, 0x03, 0xfd,
    0x28, 0x36, 0xc0, 0x18, 0x7c, 0x1b, 0xa8, 0xc0,
    0x3e, 0xb6, 0x4f, 0x40, 0x0f, 0x16, 0x08, 0x2e,
    0x74, 0x88, 0x00, 0xb5, 0xee, 0xc2, 0x01, 0xf8,
    0xfc, 0xc0, 0x2d, 0x10, 0x78, 0x9c, 0x40, 0x0f,
    0xf8, 0x72, 0x46, 0x50, 0x05, 0xe9, 0x00, 0x3e,
    0x15, 0x10, 0x0e, 0x6e, 0x70, 0x00,

    /* U+68C0 "检" */
    0x00, 0xd0, 0xea, 0x40, 0x1c, 0x46, 0x01, 0xff,
    0xc1, 0x68, 0x93, 0x00, 0xeb, 0xcf, 0xb1, 0x00,
    0xff, 0xe0, 0x38, 0x80, 0x73, 0x80, 0x42, 0x01,
    0xff, 0xc6, 0x41, 0x07, 0xc8, 0x00, 0xff, 0xe1,
    0x18, 0x05, 0xe0, 0x50, 0xce, 0xe0, 0x0f, 0xfe,
    0x01, 0x64, 0x81, 0xa0, 0x78, 0x0b, 0xc4, 0x80,
    0x61, 0xaa, 0x84, 0x17, 0xc1, 0x99, 0x01, 0x44,
    0x00, 0x81, 0x6e, 0x50, 0x00, 0xd5, 0x3c, 0x00,
    0xbb, 0xfe, 0x24, 0x95, 0x00, 0xd4, 0x03, 0x5a,
    0x80, 0x16, 0x00, 0x70, 0xd4, 0xb0, 0x06, 0x34,
    0x90, 0x03, 0x20, 0x04, 0xa0, 0x05, 0x40, 0xba,
    0x60, 0x0c, 0x79, 0x87, 0x91, 0xb0, 0x0c, 0x60,
    0x03, 0xba, 0xb4, 0x5a, 0xad, 0x08, 0xee, 0x6f,
    0x00, 0xc6, 0x01, 0x31, 0xab, 0x82, 0xd4, 0x55,
    0x2e, 0xd0, 0x02, 0x20, 0x0c, 0x80, 0x19, 0x43,
    0x44, 0x01, 0xc8, 0x01, 0x5c, 0xf5, 0x00, 0x6a,
    0x10, 0x0a, 0xda, 0x3c, 0x81, 0x2c, 0xc0, 0x08,
    0x00, 0xb0, 0x08, 0xca, 0xc4, 0x00, 0x52, 0x66,
    0xc0, 0xc0, 0xe0, 0x01, 0x83, 0x08, 0x05, 0x2c,
    0xa0, 0x1e, 0x51, 0x95, 0x02, 0x42, 0x00, 0x58,
    0x04, 0x43, 0x20, 0x1f, 0x70, 0x30, 0x80, 0x31,
    0x01, 0x08, 0x02, 0x1b, 0x00, 0xfc, 0x40, 0x03,
    0x10, 0xff, 0x04, 0x00, 0x63, 0x00, 0xfe, 0x70,
    0x00, 0xca, 0x32, 0x29, 0x80, 0x7f, 0xf0, 0x8d,
    0xa0, 0x9e, 0xc4, 0xa0, 0x14, 0x40, 0x3f, 0xf8,
    0x32, 0xe0, 0x12, 0x39, 0x25, 0x61, 0x00, 0x7f,
    0x3d, 0x57, 0xd0, 0x75, 0x40, 0x2c, 0x10, 0x0e,
    0x3e, 0x07, 0xaa, 0xfb, 0x2e, 0xbb, 0xfd, 0xc2,

    /* U+72B6 "状" */
    0x00, 0xe4, 0x21, 0x00, 0xe1, 0x00, 0xff, 0xe1,
    0xde, 0xf2, 0x80, 0x68, 0xff, 0x50, 0x07, 0xff,
    0x08, 0x94, 0x03, 0xe8, 0x4e, 0xb4, 0x00, 0xff,
    0xe4, 0x24, 0xa5, 0xa8, 0x04, 0xc4, 0x01, 0xff,
    0xc3, 0x70, 0x07, 0x80, 0x47, 0xb0, 0x01, 0xfc,
    0x60, 0x03, 0x00, 0x41, 0xc8, 0x04, 0xa2, 0xf0,
    0x01, 0xff, 0xc2, 0x79, 0x30, 0x0c, 0xa0, 0xe0,
    0x1f, 0xf0, 0x80, 0x1a, 0xb0, 0x40, 0x22, 0x00,
    0xe5, 0xaa, 0xc8, 0x00, 0xba, 0xa4, 0x01, 0xe8,
    0x05, 0x46, 0xe0, 0x12, 0xd5, 0x62, 0x00, 0x75,
    0x53, 0xbf, 0xd8, 0x01, 0x1e, 0x40, 0x07, 0xe1,
    0x01, 0xd0, 0x0f, 0xfe, 0x41, 0x02, 0x90, 0x07,
    0xff, 0x1c, 0x40, 0x06, 0x22, 0x00, 0xfe, 0x4d,
    0x00, 0xf8, 0x80, 0x1c, 0x52, 0x01, 0xf1, 0xe5,
    0x80, 0x7e, 0x40, 0x02, 0x7b, 0x00, 0x78, 0xf0,
    0xc3, 0x80, 0x3e, 0xc0, 0x22, 0x20, 0xc8, 0x07,
    0x1a, 0x03, 0x18, 0x07, 0xca, 0x14, 0x04, 0x2c,
    0xc0, 0x0e, 0x91, 0x90, 0x0f, 0x94, 0x41, 0x80,
    0x0c, 0x12, 0xa0, 0x18, 0xb0, 0x03, 0xf4, 0x03,
    0x88, 0x02, 0x40, 0x15, 0x20, 0x18, 0x80, 0x3e,
    0x52, 0x38, 0x00, 0x85, 0x40, 0x0d, 0xa4, 0x01,
    0xfc, 0x36, 0x5a, 0x01, 0xd0, 0x20, 0x32, 0x40,
    0x1f, 0xda, 0xba, 0x20, 0x1c, 0x5a, 0x14, 0x80,
    0x1e, 0x13, 0x88, 0x4d, 0x80, 0x7e, 0x3a, 0x40,
    0x0f, 0xbb, 0x16, 0x14, 0x03, 0xfc, 0xa0, 0x10,

    /* U+7406 "理" */
    0x00, 0xf0, 0xc0, 0x29, 0x00, 0x7e, 0x1b, 0x10,
    0x0f, 0xd4, 0xf7, 0xdb, 0x8e, 0xff, 0x62, 0x7a,
    0x01, 0x55, 0x33, 0x79, 0x8d, 0xd0, 0x0d, 0x16,
    0xe2, 0x08, 0xa2, 0x02, 0x60, 0x55, 0x46, 0x21,
    0xcc, 0x94, 0x00, 0x64, 0xe0, 0x03, 0x27, 0x00,
    0x30, 0x07, 0xff, 0xc6, 0xa8, 0xa0, 0x0a, 0xa2,
    0x80, 0x7f, 0x8e, 0x40, 0x35, 0x51, 0x40, 0x15,
    0x45, 0x00, 0xf8, 0x40, 0x10, 0xd4, 0x20, 0x1f,
    0xfc, 0x21, 0xaa, 0x28, 0x04, 0xa0, 0xe0, 0x1f,
    0xfc, 0x21, 0xaa, 0x20, 0x02, 0xea, 0x8c, 0x01,
    0xff, 0xce, 0xba, 0x50, 0x05, 0xd2, 0x80, 0x7f,
    0xf0, 0xca, 0xe9, 0x40, 0x17, 0x4e, 0xb2, 0x20,
    0x1f, 0xe9, 0xdd, 0x00, 0x7d, 0x3c, 0xc0, 0x1f,
    0xc6, 0xe2, 0x40, 0x1f, 0xa6, 0xd8, 0x03, 0x84,
    0x01, 0xdc, 0x54, 0x99, 0xca, 0x00, 0x9a, 0x60,
    0x96, 0x03, 0x9d, 0x40, 0x03, 0xe9, 0x34, 0x46,
    0x50, 0x04, 0x5f, 0x74, 0xc0, 0xec, 0x40, 0x79,
    0x00, 0x10, 0x8e, 0x00, 0x84, 0x78, 0x00, 0x84,
    0x13, 0x86, 0x01, 0xff, 0xc2, 0x45, 0x00, 0xa3,
    0x98, 0x03, 0xff, 0x86, 0x35, 0x46, 0x00, 0x28,
    0x80, 0x68, 0xaa, 0xf2, 0x80, 0x2a, 0x9a, 0x21,
    0x2c, 0x01, 0xf4, 0x55, 0x7b, 0xbf, 0xd5, 0x4c,
    0xff, 0x98,

    /* U+767B "登" */
    0x00, 0xff, 0xe0, 0x08, 0x80, 0x3f, 0xf8, 0xf5,
    0x60, 0x06, 0x00, 0x99, 0x00, 0x3f, 0x3d, 0x56,
    0xc5, 0x4c, 0x0e, 0x00, 0x0c, 0xdc, 0x80, 0x7c,
    0xf5, 0x59, 0xc0, 0x0e, 0x7e, 0xe1, 0x60, 0x3c,
    0x40, 0x1c, 0x24, 0x01, 0x12, 0x00, 0x28, 0x9e,
    0x20, 0xad, 0xee, 0xa4, 0x01, 0xd9, 0xf6, 0x36,
    0x00, 0x71, 0x01, 0x67, 0xc9, 0x16, 0x8d, 0x60,
    0x08, 0x6c, 0x13, 0x58, 0x0a, 0x00, 0x28, 0x0d,
    0x24, 0x90, 0x30, 0x10, 0x09, 0x40, 0x06, 0x00,
    0xf0, 0x0a, 0x5a, 0x07, 0x29, 0xb3, 0x0c, 0x20,
    0x1b, 0x90, 0x00, 0xe2, 0x66, 0x76, 0x8d, 0x31,
    0x11, 0x90, 0x07, 0xce, 0x83, 0x7c, 0xab, 0x0c,
    0xcb, 0x38, 0x81, 0x7a, 0x08, 0x03, 0x34, 0x86,
    0x23, 0x37, 0xf5, 0x08, 0x01, 0xf5, 0x80, 0x6a,
    0x24, 0xb6, 0x59, 0x57, 0xcd, 0x70, 0xa6, 0x03,
    0x8c, 0x77, 0xfc, 0xc0, 0x06, 0x21, 0x1f, 0x18,
    0x01, 0x21, 0xe0, 0xc0, 0xe9, 0x40, 0x39, 0x13,
    0xf0, 0x00, 0x92, 0x18, 0x03, 0xff, 0xac, 0xab,
    0xf3, 0x80, 0x7f, 0xf1, 0x04, 0x7e, 0x30, 0x00,
    0x80, 0x7f, 0x90, 0xd5, 0x48, 0x9c, 0x44, 0x8c,
    0xc0, 0x07, 0xfa, 0x71, 0x39, 0xc0, 0x35, 0x44,
    0x24, 0x03, 0xff, 0x82, 0xc1, 0x0a, 0x00, 0x13,
    0x06, 0xa0, 0x0f, 0xfe, 0x0e, 0x80, 0x08, 0x00,
    0x80, 0xf2, 0x00, 0x6d, 0x20, 0x0c, 0x23, 0xce,
    0xa8, 0xa2, 0x2f, 0x89, 0x11, 0x24, 0x96, 0xa0,
    0x01, 0xa2, 0x3a, 0xcc, 0xae, 0x20, 0x7d, 0x11,
    0x6b, 0x34, 0x60, 0x06, 0x99, 0xff, 0xe4, 0x38,
    0x00,

    /* U+7AD9 "站" */
    0x00, 0x90, 0xc0, 0x3f, 0xd0, 0xea, 0x40, 0x1f,
    0x9f, 0x2c, 0x40, 0x3e, 0x17, 0x89, 0x30, 0x0f,
    0xc6, 0x64, 0xc0, 0x0f, 0xf3, 0x08, 0x07, 0xf2,
    0x01, 0x30, 0x07, 0xff, 0x23, 0x00, 0x21, 0xb1,
    0x00, 0xfe, 0x22, 0x00, 0x79, 0x26, 0x1a, 0xd3,
    0x04, 0x03, 0xf7, 0xe1, 0x80, 0x2a, 0xb6, 0x6d,
    0xb1, 0x8b, 0x80, 0x73, 0xce, 0x10, 0xe1, 0x05,
    0x57, 0xbf, 0xb3, 0x0c, 0x01, 0xcf, 0x39, 0xff,
    0x10, 0x02, 0x80, 0x34, 0x6e, 0x9c, 0x03, 0xff,
    0x89, 0x20, 0x10, 0x81, 0xb8, 0x07, 0xff, 0x0f,
    0x59, 0x00, 0x04, 0x0e, 0x01, 0xfe, 0x30, 0x0e,
    0x30, 0x80, 0x10, 0x05, 0x0e, 0xb8, 0x80, 0x75,
    0x63, 0x00, 0x66, 0x03, 0x31, 0x00, 0x98, 0x14,
    0x7d, 0x19, 0x9a, 0xd4, 0x25, 0x40, 0x23, 0x00,
    0x2b, 0x03, 0x00, 0x67, 0xbc, 0xca, 0x80, 0x06,
    0xa0, 0x1f, 0x10, 0x48, 0x07, 0xff, 0x01, 0xc0,
    0x3e, 0x2e, 0x41, 0x00, 0xff, 0xe2, 0x8b, 0x3a,
    0x17, 0x00, 0x0c, 0x03, 0xff, 0x89, 0x30, 0x2b,
    0xb7, 0x61, 0x00, 0xff, 0xe1, 0x23, 0xd6, 0xf0,
    0xb7, 0x59, 0x00, 0x7f, 0xf0, 0xaa, 0x14, 0x86,
    0x39, 0x40, 0x3f, 0xf8, 0x92, 0x00, 0x7e, 0x70,
    0x0f, 0x3d, 0x57, 0x00, 0x79, 0x99, 0xd0, 0x01,
    0xf9, 0xea, 0xb8, 0x03, 0xc3, 0x22, 0x01, 0xf8,
    0xb0, 0x03, 0xc5, 0x80, 0x00,

    /* U+7BA1 "管" */
    0x00, 0xca, 0x01, 0xfc, 0x80, 0x1f, 0xfc, 0x03,
    0xaf, 0xa4, 0x00, 0x18, 0x01, 0x2f, 0xa4, 0x40,
    0x06, 0x60, 0x0e, 0xa0, 0x00, 0xa8, 0x36, 0x40,
    0x68, 0x0f, 0x88, 0x0f, 0x62, 0x80, 0x66, 0x00,
    0x3d, 0x52, 0x05, 0x98, 0xe0, 0x3b, 0x97, 0xa6,
    0x36, 0x60, 0x06, 0x01, 0xcd, 0x46, 0xfe, 0xe1,
    0x8c, 0x76, 0x98, 0x67, 0x74, 0x60, 0x08, 0x1c,
    0x31, 0x23, 0x61, 0x3c, 0xc3, 0x83, 0x82, 0x20,
    0x03, 0xa1, 0x7c, 0x02, 0x87, 0x60, 0xe6, 0x80,
    0x00, 0xc4, 0x10, 0x03, 0xb2, 0xc6, 0x00, 0x0b,
    0x02, 0x2b, 0x04, 0x00, 0x9d, 0xc3, 0xac, 0x01,
    0x20, 0x3a, 0xd5, 0x7b, 0x44, 0xaa, 0xbb, 0x0a,
    0x58, 0x02, 0x68, 0x1a, 0xaf, 0x5f, 0x6d, 0x52,
    0xed, 0x4a, 0x02, 0x20, 0x02, 0x48, 0x10, 0xf4,
    0x10, 0x07, 0xdb, 0xe6, 0x44, 0xc7, 0x00, 0x30,
    0x87, 0x80, 0xbe, 0x55, 0x7c, 0x63, 0x9b, 0xa2,
    0x00, 0x8b, 0xfc, 0x60, 0x12, 0xd5, 0x7c, 0x00,
    0x37, 0x00, 0xf0, 0x80, 0x7f, 0xf4, 0x56, 0xab,
    0xd6, 0x01, 0xff, 0xc4, 0x5a, 0xaf, 0x5b, 0x44,
    0x80, 0x7f, 0xf2, 0x64, 0xea, 0x80, 0x1f, 0xfc,
    0x05, 0xaa, 0xfd, 0x20, 0xb6, 0x01, 0xff, 0x2d,
    0x57, 0xe5, 0x00, 0x78, 0x07, 0xff, 0x5d, 0x62,
    0x3f, 0x20, 0x07, 0xff, 0x08, 0xa6, 0x7f, 0x28,
    0x07, 0xff, 0x04, 0xa4, 0x47, 0xfc, 0xaa, 0x00,
    0x80,

    /* U+7CFB "系" */
    0x00, 0xff, 0xe2, 0x0a, 0xc0, 0x07, 0xff, 0x18,
    0x96, 0x77, 0xa9, 0xe8, 0x03, 0xff, 0x80, 0x4b,
    0x17, 0xdb, 0x4c, 0x40, 0x12, 0xd0, 0x07, 0x13,
    0x45, 0x67, 0xed, 0x3a, 0x0a, 0x2b, 0xc5, 0x67,
    0x7c, 0x00, 0x79, 0x2a, 0xf7, 0xfc, 0xe0, 0x13,
    0xc4, 0x1d, 0x4c, 0x40, 0x80, 0x38, 0x8a, 0x11,
    0x16, 0x38, 0x0c, 0x61, 0x01, 0x62, 0x80, 0x7f,
    0xc5, 0x1a, 0x4d, 0x7c, 0xe0, 0x05, 0xc3, 0xa9,
    0x00, 0xfe, 0x7d, 0x74, 0x61, 0xc9, 0x9a, 0xe8,
    0x40, 0xb8, 0x80, 0x3f, 0x28, 0x01, 0x1d, 0xcc,
    0x68, 0xc8, 0x03, 0x3a, 0xe4, 0x01, 0xf8, 0x95,
    0x1e, 0xba, 0x9c, 0x80, 0xeb, 0xd8, 0x03, 0xff,
    0x81, 0x57, 0x0d, 0xb6, 0x6d, 0x98, 0x57, 0xd9,
    0x40, 0x0f, 0xf9, 0x73, 0x0d, 0x7d, 0x26, 0x00,
    0x69, 0x6b, 0xc2, 0x00, 0xf2, 0x57, 0xda, 0xd7,
    0x0a, 0xb3, 0xba, 0x27, 0x48, 0x0f, 0x08, 0x03,
    0x85, 0x40, 0x5a, 0xae, 0xa9, 0x31, 0x81, 0x97,
    0xb0, 0x03, 0x20, 0x1c, 0xa4, 0x02, 0x6b, 0x14,
    0x60, 0x09, 0x85, 0x20, 0x72, 0x06, 0x00, 0xf4,
    0xf6, 0xcd, 0x3a, 0xb8, 0x04, 0x22, 0x00, 0xb9,
    0x64, 0x03, 0xc8, 0x3f, 0x58, 0x60, 0x1c, 0x37,
    0xb0, 0x47, 0x48, 0x01, 0xf3, 0x18, 0x1a, 0x00,
    0x7a, 0x91, 0xf6, 0x40, 0x3f, 0x14, 0x80, 0xeb,
    0x80, 0x7d, 0x2a, 0x0d, 0x80, 0x1e, 0x1f, 0x04,
    0xf2, 0x00, 0x38, 0x07, 0xa8, 0x80, 0xe0, 0x03,
    0xb4, 0x2a, 0xc5, 0x26, 0xcc, 0x00, 0x60, 0x1b,
    0x80, 0x08, 0x01, 0x0d, 0x4e, 0xa8, 0x01, 0x25,
    0xc0, 0x04, 0x20, 0x18, 0xd4, 0x10, 0x02, 0x1a,
    0x50, 0x0f, 0x58, 0x27, 0x80, 0x7a, 0xbe, 0x00,
    0x3f, 0xf8, 0x0f, 0xf6, 0x40, 0x1f, 0xfc, 0x00,

    /* U+7ED3 "结" */
    0x00, 0xe2, 0x00, 0xfe, 0x54, 0x30, 0x0f, 0xf2,
    0x6d, 0xa0, 0x07, 0x86, 0xaf, 0x84, 0x03, 0xfb,
    0x81, 0x20, 0xc0, 0x3f, 0x38, 0x80, 0x7e, 0x25,
    0x02, 0xd3, 0x00, 0xff, 0xe0, 0x18, 0x07, 0x40,
    0x0e, 0x08, 0x07, 0xff, 0x02, 0x31, 0xc0, 0x24,
    0x52, 0xc1, 0xb6, 0x5a, 0xae, 0x00, 0x25, 0x5b,
    0x84, 0x38, 0x0d, 0x26, 0x12, 0xa4, 0xc7, 0x55,
    0x60, 0x02, 0x55, 0xff, 0xce, 0x5e, 0x25, 0x15,
    0x60, 0x05, 0x40, 0x0f, 0xfe, 0x09, 0x18, 0x33,
    0x14, 0x41, 0x60, 0x03, 0xfc, 0x60, 0x1a, 0x81,
    0x20, 0x00, 0x94, 0x01, 0xfe, 0x2c, 0xb1, 0x00,
    0x36, 0xdd, 0x02, 0xd8, 0x01, 0x6a, 0xb0, 0x01,
    0x2b, 0x01, 0x34, 0x00, 0x25, 0x64, 0xf4, 0x01,
    0x2d, 0x55, 0x7f, 0xee, 0xae, 0xff, 0x60, 0x05,
    0x29, 0x50, 0x00, 0x12, 0x00, 0xfe, 0x14, 0x00,
    0x87, 0x19, 0x32, 0xf7, 0xec, 0x07, 0xa0, 0x80,
    0x3b, 0x6d, 0xc0, 0x02, 0x20, 0x46, 0x44, 0x75,
    0x10, 0x0b, 0xfd, 0xdf, 0x18, 0x42, 0x00, 0x28,
    0x0a, 0x3e, 0x44, 0x03, 0x96, 0xef, 0x50, 0x01,
    0x50, 0x00, 0xd5, 0xae, 0x01, 0xc6, 0x01, 0xff,
    0xc2, 0x15, 0x00, 0x0a, 0xce, 0xc9, 0x80, 0x7f,
    0xf0, 0x91, 0xeb, 0xb9, 0x49, 0xd2, 0x01, 0xff,
    0xc3, 0xa8, 0x51, 0x08, 0xd3, 0x00, 0xff, 0xe2,
    0x30, 0x01, 0xb9, 0xc0, 0x3c, 0xb5, 0x5c, 0x01,
    0xea, 0x3d, 0x91, 0x00, 0xf9, 0x6a, 0xb8, 0x03,
    0xc5, 0x84, 0x01, 0xf8, 0xb0, 0x03, 0xc5, 0x80,
    0x00,

    /* U+7EDF "统" */
    0x00, 0xff, 0xe0, 0xa1, 0x00, 0x7f, 0xf0, 0xe2,
    0x4c, 0x03, 0xc7, 0xbc, 0xa0, 0x1f, 0xfc, 0x16,
    0x66, 0x40, 0x07, 0x39, 0x0d, 0x18, 0x07, 0xfc,
    0x82, 0x0d, 0x00, 0x1e, 0xb0, 0x03, 0x80, 0x1a,
    0x40, 0x3e, 0xf0, 0x39, 0x00, 0x08, 0xf2, 0x33,
    0xb0, 0xa4, 0xb5, 0x80, 0x71, 0xa0, 0xe8, 0x31,
    0x44, 0x6a, 0xd3, 0x1b, 0x8d, 0x66, 0x11, 0x80,
    0x6f, 0x2f, 0x17, 0x9f, 0xc9, 0x99, 0xc1, 0x4e,
    0x67, 0xc6, 0x01, 0x48, 0xe0, 0x84, 0x81, 0x10,
    0x01, 0x46, 0x0f, 0x45, 0x04, 0x01, 0xe2, 0x63,
    0xce, 0xe0, 0x84, 0x38, 0x4a, 0x96, 0x40, 0x10,
    0xed, 0x08, 0x06, 0x23, 0x13, 0x51, 0x06, 0x72,
    0xb4, 0xad, 0x31, 0x11, 0x50, 0xae, 0x08, 0x06,
    0x89, 0xe7, 0x05, 0x90, 0xf4, 0x2a, 0xff, 0x77,
    0x37, 0x10, 0x0a, 0x40, 0x32, 0x34, 0x1b, 0x50,
    0x02, 0xc0, 0x31, 0x41, 0x00, 0xd0, 0x81, 0x80,
    0x72, 0xbc, 0x48, 0x04, 0xc8, 0xe0, 0x07, 0x70,
    0x80, 0x50, 0x5c, 0x01, 0x9e, 0x98, 0x5e, 0x6a,
    0x87, 0x78, 0x00, 0x30, 0x0e, 0x6d, 0x50, 0x0d,
    0x60, 0xd3, 0x09, 0x94, 0x60, 0x20, 0x01, 0x00,
    0xff, 0xe0, 0x48, 0x01, 0x73, 0x58, 0x02, 0x20,
    0x07, 0x00, 0x7f, 0xf0, 0x16, 0x3a, 0x8c, 0x03,
    0xb0, 0x00, 0xa0, 0x1f, 0x10, 0x07, 0x38, 0x81,
    0x35, 0x62, 0x02, 0x01, 0x18, 0x07, 0xd4, 0x01,
    0x9a, 0x2f, 0xf6, 0x43, 0x51, 0x80, 0x12, 0x01,
    0xf1, 0x18, 0x06, 0xa7, 0x40, 0x2b, 0xa1, 0x14,
    0x03, 0xa0, 0x06, 0x12, 0x24, 0x38, 0x06, 0xa0,
    0x18, 0xd4, 0x00, 0x68, 0xbc, 0x00, 0x7b, 0x74,
    0xa6, 0xc0, 0x13, 0x2f, 0xb8, 0x00, 0x70, 0x6e,
    0x00, 0x32, 0x80, 0x79, 0x40, 0x35, 0x08, 0x01,
    0x62, 0x75, 0x00, 0x3a, 0x6e, 0x66, 0xbe, 0x30,
    0x0f, 0xcb, 0x2a, 0x01, 0xf9, 0x19, 0xa4, 0x10,
    0x08,

    /* U+81EA "自" */
    0x00, 0xf1, 0x88, 0x07, 0xff, 0x0f, 0x3b, 0x96,
    0x20, 0x1f, 0xf1, 0x00, 0x54, 0x20, 0x1e, 0x10,
    0x0c, 0xc0, 0x38, 0x20, 0x10, 0xa0, 0x03, 0x2d,
    0x40, 0x04, 0x38, 0x40, 0x1b, 0x2d, 0xc0, 0x09,
    0x57, 0x58, 0x91, 0x55, 0xac, 0x82, 0x24, 0x02,
    0xaa, 0xff, 0x00, 0x06, 0x40, 0x3f, 0xfd, 0x55,
    0x5f, 0xe0, 0x0f, 0xaa, 0xbf, 0xc0, 0x1f, 0xfe,
    0xea, 0xaf, 0xf0, 0x07, 0xd5, 0x5f, 0xe0, 0x0f,
    0xff, 0x75, 0x57, 0xf8, 0x03, 0xea, 0xaf, 0xf0,
    0x07, 0x1c, 0x88, 0x07, 0xf1, 0x2d, 0x00,

    /* U+836F "药" */
    0x00, 0xff, 0xe8, 0x0f, 0xf6, 0x10, 0x05, 0x5f,
    0xce, 0x01, 0xff, 0xc1, 0x15, 0x20, 0x0e, 0x16,
    0x00, 0x52, 0x80, 0x7c, 0x60, 0x03, 0x00, 0xc2,
    0x00, 0x30, 0x75, 0xa7, 0x08, 0x99, 0xd0, 0x00,
    0x79, 0x9c, 0xa0, 0x08, 0x9e, 0x66, 0x78, 0x44,
    0xce, 0xb0, 0x02, 0x4c, 0xe4, 0x00, 0x5c, 0xce,
    0x80, 0x0e, 0x74, 0x01, 0xf0, 0x01, 0x28, 0x92,
    0x88, 0x07, 0xf2, 0x45, 0x16, 0x30, 0x01, 0x69,
    0x1a, 0xc0, 0x3f, 0x86, 0x80, 0xfc, 0xc0, 0x2c,
    0x00, 0x48, 0x80, 0x56, 0x80, 0x10, 0xe0, 0x4e,
    0x16, 0x60, 0x81, 0x00, 0x6e, 0x66, 0xd4, 0xb7,
    0x05, 0xf0, 0x83, 0x5a, 0x23, 0x95, 0x01, 0xf9,
    0x9c, 0x80, 0x1c, 0x25, 0x35, 0x45, 0x08, 0xbc,
    0x0d, 0x10, 0x0f, 0x98, 0x14, 0x52, 0x98, 0x06,
    0xdc, 0x59, 0xdc, 0x01, 0xc6, 0x01, 0xdf, 0x78,
    0xcb, 0xe8, 0x13, 0x11, 0x69, 0x80, 0x42, 0x00,
    0x10, 0x01, 0xe2, 0x5d, 0x08, 0x0d, 0xb8, 0x41,
    0x61, 0x80, 0x1c, 0x03, 0x2e, 0x98, 0xc6, 0xf6,
    0xb1, 0x80, 0x10, 0x01, 0x20, 0x01, 0x01, 0x00,
    0x20, 0x00, 0xcc, 0xfb, 0xa7, 0x00, 0xc6, 0x04,
    0x00, 0x20, 0x20, 0x00, 0xa2, 0x2b, 0xe8, 0xc0,
    0x02, 0x01, 0x66, 0x20, 0x04, 0x00, 0xc0, 0x15,
    0x5a, 0x92, 0xc5, 0xea, 0x80, 0x63, 0x00, 0x28,
    0x00, 0x80, 0x03, 0xbd, 0xfb, 0x4e, 0x7a, 0x80,
    0x11, 0x08, 0x0f, 0x80, 0x34, 0x00, 0x24, 0x20,
    0x06, 0xe8, 0x00, 0xe6, 0x8f, 0xe4, 0x00, 0x28,
    0x04, 0xe0, 0xdb, 0x22, 0x01, 0xe4, 0x98, 0x00,
    0xa4, 0x03, 0x56, 0xc9, 0x00, 0x7f, 0x90, 0x4e,
    0xd8, 0x02,

    /* U+8BA4 "认" */
    0x00, 0xff, 0xe0, 0x99, 0x08, 0x07, 0xf8, 0xba,
    0xd4, 0x03, 0xef, 0xde, 0x80, 0x0f, 0xe2, 0xb4,
    0xab, 0x00, 0xfe, 0x90, 0x0f, 0xf2, 0xa8, 0x11,
    0xc0, 0x3f, 0xf9, 0x10, 0x00, 0xf0, 0x0f, 0xc2,
    0x01, 0xff, 0x14, 0xb4, 0x80, 0x7f, 0xf2, 0x1a,
    0xec, 0x20, 0x1c, 0x20, 0x02, 0x00, 0xf8, 0x6e,
    0xe9, 0x2c, 0x30, 0x0f, 0xce, 0x01, 0xf0, 0xdd,
    0xa8, 0x00, 0x46, 0x01, 0xc6, 0x00, 0x20, 0x0f,
    0xfe, 0x0b, 0x00, 0x78, 0x40, 0xb4, 0x03, 0xff,
    0x8e, 0x40, 0x05, 0x70, 0x0f, 0xfe, 0x3b, 0x00,
    0x34, 0xcc, 0x01, 0xff, 0xc6, 0x30, 0x03, 0xad,
    0x80, 0x7f, 0xf1, 0xb0, 0x04, 0x88, 0xc0, 0x1f,
    0xfc, 0x64, 0x07, 0x0c, 0x15, 0x00, 0xff, 0xe0,
    0xa4, 0x02, 0x80, 0x2c, 0x10, 0x2c, 0x40, 0x3f,
    0xc3, 0x15, 0x21, 0x20, 0xa4, 0x02, 0x63, 0x60,
    0x1f, 0xe4, 0x7a, 0x13, 0x30, 0x58, 0x05, 0x60,
    0xac, 0x01, 0xe9, 0x00, 0xa1, 0x03, 0xc2, 0x44,
    0x02, 0x71, 0x09, 0x60, 0x0c, 0x2c, 0x00, 0x47,
    0x08, 0x37, 0x60, 0x0e, 0x60, 0x04, 0xd0, 0x04,
    0x30, 0x05, 0x40, 0x8e, 0xe8, 0x00, 0xf4, 0x88,
    0x01, 0x10, 0x01, 0x32, 0x70, 0xa5, 0x52, 0x00,
    0x3e, 0x1d, 0x02, 0xe4, 0x00, 0xd6, 0x66, 0xef,
    0x50, 0x0f, 0xe3, 0xab, 0x00, 0xfc, 0x74, 0x20,
    0x1f, 0xf2, 0xb0, 0x00,

    /* U+8BBE "设" */
    0x01, 0x00, 0xff, 0xe5, 0x56, 0xc9, 0x00, 0x66,
    0x60, 0x80, 0x45, 0xa8, 0x01, 0xeb, 0x16, 0xd7,
    0x00, 0xbe, 0x7a, 0xee, 0xc2, 0xb7, 0x00, 0xf6,
    0x88, 0x41, 0x00, 0x75, 0x5d, 0x9c, 0x00, 0xa0,
    0x1e, 0x18, 0x00, 0x30, 0x07, 0x08, 0x07, 0x18,
    0x07, 0xcc, 0xc7, 0x40, 0x01, 0x80, 0x7f, 0xf1,
    0x19, 0x28, 0x02, 0x70, 0x40, 0x0f, 0xfa, 0x6a,
    0xe4, 0xb0, 0x80, 0x48, 0x38, 0x03, 0xd1, 0x09,
    0x80, 0x9a, 0xa0, 0x01, 0xc8, 0x24, 0x11, 0x40,
    0x21, 0x00, 0x33, 0xb3, 0x98, 0x07, 0x08, 0x13,
    0x9d, 0x80, 0x6b, 0x10, 0x08, 0x5c, 0xc0, 0x3c,
    0x3d, 0x18, 0x01, 0xc7, 0xd2, 0x7d, 0xc8, 0x00,
    0xf8, 0xff, 0x6a, 0xbe, 0xb9, 0x3c, 0x20, 0x0f,
    0xc4, 0x75, 0xb7, 0x55, 0xc6, 0x00, 0x37, 0x00,
    0xff, 0x96, 0x00, 0x39, 0xc0, 0x16, 0xa0, 0x1f,
    0xf1, 0x29, 0x80, 0x4e, 0x00, 0x35, 0x00, 0xff,
    0x94, 0x2f, 0x48, 0x0a, 0x00, 0x1e, 0x01, 0xfe,
    0x4d, 0x60, 0x73, 0xc4, 0xf0, 0x05, 0x18, 0x07,
    0xf3, 0xdc, 0x18, 0x03, 0x86, 0xc8, 0x21, 0x40,
    0x3e, 0xb0, 0x0a, 0x14, 0x02, 0x32, 0x00, 0xb8,
    0xc0, 0x3e, 0x70, 0x03, 0xb8, 0x02, 0x2d, 0x21,
    0x00, 0x36, 0x74, 0xb1, 0x80, 0x52, 0x0d, 0x00,
    0x13, 0x69, 0xcf, 0x58, 0x80, 0x05, 0xa7, 0x8c,
    0x00, 0x91, 0x00, 0x03, 0x6d, 0x4f, 0x30, 0x27,
    0x38, 0x04, 0x9a, 0x60, 0x13, 0x8a, 0x41, 0xe6,
    0x18, 0x03, 0xa3, 0xe9, 0x20, 0x00,

    /* U+8BC1 "证" */
    0x00, 0xff, 0xe7, 0x4e, 0x30, 0x07, 0xff, 0x08,
    0x68, 0x03, 0xa4, 0x67, 0x00, 0x3f, 0xf8, 0x3a,
    0xba, 0x20, 0x1a, 0x00, 0xe0, 0x26, 0xab, 0xbb,
    0xfd, 0x74, 0xca, 0xec, 0x01, 0x94, 0x40, 0x82,
    0x6a, 0xb8, 0x80, 0x17, 0x55, 0x9c, 0x03, 0xb6,
    0x2c, 0x03, 0xff, 0x90, 0x3f, 0xc2, 0x01, 0xff,
    0xc5, 0x4b, 0xb6, 0x1b, 0x58, 0x07, 0xff, 0x15,
    0x2e, 0xd4, 0x00, 0xa0, 0x01, 0xa9, 0x88, 0x07,
    0xff, 0x22, 0xa9, 0x8e, 0x01, 0xe1, 0x20, 0x0f,
    0xfe, 0x1b, 0x80, 0x7b, 0x74, 0x80, 0x1f, 0xfc,
    0x7b, 0xc3, 0x0b, 0x30, 0x0f, 0xfe, 0x35, 0xe7,
    0xfc, 0x60, 0x1f, 0xfe, 0xd2, 0x00, 0xff, 0xe4,
    0x9c, 0x50, 0x07, 0xff, 0x1b, 0xc0, 0x18, 0x90,
    0x01, 0xff, 0xc6, 0x40, 0x0b, 0x40, 0x3f, 0xf8,
    0xd0, 0x60, 0x0d, 0x10, 0x0f, 0xf8, 0x75, 0x40,
    0x34, 0x08, 0x51, 0x80, 0x7f, 0xf0, 0x28, 0xa9,
    0xc0, 0x35, 0x22, 0xa5, 0x50, 0xd5, 0x57, 0x4c,
    0xaa, 0xaa, 0x0a, 0xab, 0x44, 0x02, 0x4b, 0x04,
    0xaa, 0xff, 0xe2, 0x08,

    /* U+8BC6 "识" */
    0x00, 0xff, 0xe8, 0x4e, 0x38, 0x07, 0xff, 0x09,
    0x40, 0x3f, 0x48, 0xc6, 0x88, 0x00, 0xba, 0x08,
    0x03, 0x9e, 0xb0, 0x40, 0x3e, 0x80, 0x2b, 0x00,
    0x85, 0xf2, 0xef, 0xa0, 0x0e, 0x80, 0x3e, 0x51,
    0x01, 0x00, 0xe4, 0xbb, 0xe2, 0x00, 0x50, 0x07,
    0xed, 0x79, 0x00, 0xff, 0xe5, 0xaa, 0x80, 0x3f,
    0xf9, 0x35, 0x4b, 0x92, 0xd4, 0x00, 0xff, 0xe3,
    0xd5, 0x40, 0x04, 0x40, 0x07, 0xff, 0x30, 0x80,
    0x3f, 0xff, 0xe0, 0x1f, 0x92, 0xab, 0x88, 0x03,
    0xff, 0x8e, 0x95, 0x5c, 0x40, 0x20, 0x1f, 0xfc,
    0x23, 0x68, 0x15, 0x00, 0x10, 0x76, 0xf0, 0x80,
    0x7f, 0xf0, 0x06, 0x64, 0x88, 0xad, 0x60, 0xeb,
    0x30, 0x0f, 0xfe, 0x01, 0xb7, 0xe0, 0x50, 0x01,
    0x9c, 0xad, 0xfd, 0x00, 0x3f, 0xe5, 0x99, 0x21,
    0x30, 0x0d, 0x08, 0x2a, 0x86, 0xd8, 0x03, 0xe9,
    0x00, 0x99, 0xc2, 0x00, 0x14, 0x20, 0x15, 0x80,
    0x24, 0xc0, 0x38, 0x9c, 0x00, 0xb2, 0x08, 0xa1,
    0x48, 0x01, 0x85, 0x80, 0x1e, 0x01, 0xc5, 0x20,
    0x74, 0x03, 0x41, 0x4a, 0x01, 0xeb, 0x00, 0x18,
    0x80, 0x73, 0x27, 0x80, 0x2c, 0xf5, 0x40, 0x3e,
    0x23, 0x00, 0x08, 0x07, 0xac, 0xc1, 0xf7, 0x44,
    0x01, 0xfd, 0x09, 0x20, 0x1f, 0xe7, 0x70, 0x07,
    0xfc, 0x96, 0xc0, 0x1f, 0xfd, 0x10,

    /* U+8EAB "身" */
    0x00, 0xff, 0x10, 0x80, 0x7f, 0xf2, 0xbf, 0xb9,
    0x62, 0x01, 0xff, 0xc7, 0x20, 0x2a, 0x10, 0x40,
    0x0f, 0xfe, 0x06, 0x5a, 0x80, 0x81, 0xe8, 0x84,
    0x5d, 0x00, 0x7f, 0xf0, 0x12, 0xae, 0xca, 0xd7,
    0x54, 0x60, 0x5c, 0x00, 0xff, 0xe0, 0xd5, 0x7c,
    0xa0, 0x0f, 0x00, 0xff, 0xe5, 0x88, 0x07, 0xff,
    0x06, 0xab, 0xe5, 0x00, 0xff, 0xe2, 0x55, 0x7c,
    0xa0, 0x13, 0x71, 0x80, 0x7f, 0xf2, 0x1e, 0x47,
    0x18, 0x03, 0xfa, 0xe6, 0x7c, 0xa0, 0x0a, 0x00,
    0x11, 0x00, 0x3f, 0xa2, 0x3e, 0x50, 0x0c, 0x38,
    0x80, 0x1f, 0xc6, 0x23, 0xe0, 0x0c, 0x3a, 0x20,
    0x1f, 0xfc, 0x57, 0x00, 0x0e, 0x18, 0x06, 0x3b,
    0xb8, 0x0c, 0xd5, 0x77, 0xdc, 0x60, 0x0d, 0x20,
    0x0e, 0x3b, 0xbb, 0x32, 0xbb, 0xd4, 0xe2, 0x01,
    0x08, 0x07, 0xff, 0x10, 0xfc, 0xc0, 0x40, 0x3f,
    0xf8, 0xd1, 0x82, 0x9a, 0xa0, 0x1f, 0xfc, 0x44,
    0xd7, 0x2a, 0xb2, 0x00, 0xff, 0xe1, 0x9d, 0xd8,
    0x2b, 0x54, 0x03, 0xff, 0x86, 0x75, 0x83, 0x7a,
    0xa6, 0xf3, 0x25, 0x00, 0xff, 0x35, 0xc6, 0x7d,
    0x20, 0x00, 0xdf, 0x18, 0x40, 0x48, 0x03, 0xcc,
    0xb7, 0x66, 0x00, 0xf9, 0x4c, 0x13, 0x40, 0x3e,
    0x63, 0x00, 0xff, 0xb7, 0xec, 0xc0, 0x3c,

    /* U+8FC7 "过" */
    0x00, 0xff, 0xe7, 0x53, 0x00, 0x7f, 0xf0, 0x2b,
    0xf9, 0xc0, 0x3d, 0xd3, 0xca, 0x01, 0xff, 0xc0,
    0x16, 0x00, 0xf2, 0x28, 0xd2, 0x80, 0x7f, 0xf2,
    0x24, 0x01, 0x60, 0x1f, 0xfc, 0x17, 0xb0, 0x0e,
    0x32, 0x01, 0x00, 0xff, 0xe0, 0x1c, 0x25, 0x00,
    0x74, 0xa4, 0x84, 0xd5, 0x7c, 0x80, 0x09, 0x55,
    0x00, 0x80, 0x66, 0x86, 0x09, 0xaa, 0xf9, 0x00,
    0x15, 0x58, 0x40, 0x37, 0xe3, 0x80, 0x12, 0x04,
    0x03, 0xff, 0x80, 0x55, 0x4b, 0x20, 0x88, 0x02,
    0x2f, 0x28, 0x07, 0xfc, 0x55, 0x4b, 0x00, 0x24,
    0x00, 0x20, 0x29, 0x40, 0x3f, 0xf8, 0x82, 0x01,
    0x28, 0x02, 0x00, 0x3f, 0xf9, 0x26, 0x04, 0x01,
    0xff, 0xc9, 0x91, 0x80, 0x0f, 0xfe, 0x4a, 0xf3,
    0x80, 0x7f, 0xf8, 0x91, 0x54, 0x8c, 0x00, 0x10,
    0x0f, 0xfe, 0x22, 0x37, 0x59, 0x80, 0x7f, 0x94,
    0x15, 0xdc, 0x01, 0xc7, 0x62, 0x00, 0x90, 0x0f,
    0x16, 0x51, 0x57, 0xc6, 0x28, 0x07, 0x4c, 0x6b,
    0x00, 0x72, 0x69, 0x87, 0x01, 0x51, 0xd7, 0xed,
    0xd4, 0xf7, 0xdc, 0xd5, 0x61, 0x42, 0x06, 0x30,
    0x02, 0xe1, 0x01, 0x22, 0xb3, 0x1d, 0x98, 0xab,
    0x40, 0x87, 0x14, 0x80, 0x63, 0xdb, 0x63, 0x20,
    0x0f, 0x94, 0x80, 0x07, 0x80, 0x1f, 0x24, 0xe6,
    0xff, 0xfd, 0x40, 0x00,

    /* U+901A "通" */
    0x00, 0xff, 0xe3, 0x88, 0x07, 0x14, 0x98, 0x07,
    0xff, 0x09, 0xb8, 0xc0, 0x31, 0x1e, 0x50, 0x80,
    0x16, 0xab, 0xf5, 0xc8, 0x62, 0x00, 0x6b, 0x05,
    0xc0, 0x02, 0xd5, 0x26, 0x2a, 0xb3, 0x80, 0x14,
    0x03, 0x85, 0x80, 0x9c, 0x03, 0x37, 0x7e, 0xcd,
    0x9b, 0x6d, 0x20, 0x07, 0x50, 0x03, 0xc0, 0x32,
    0xe4, 0x13, 0x25, 0xc9, 0x80, 0x7c, 0x6e, 0x94,
    0x03, 0xac, 0x00, 0x78, 0x00, 0xdb, 0xa2, 0x00,
    0xf5, 0x50, 0x80, 0x05, 0x3b, 0x57, 0x20, 0x7d,
    0x66, 0x5a, 0x60, 0x18, 0x7f, 0xc8, 0x01, 0x96,
    0xa8, 0x21, 0x35, 0x40, 0x03, 0x18, 0x0d, 0x54,
    0x43, 0x6a, 0x01, 0xff, 0xc1, 0x10, 0x00, 0xd5,
    0x40, 0x07, 0x50, 0x09, 0x6a, 0x80, 0x09, 0xaa,
    0x00, 0x7f, 0xde, 0x01, 0x96, 0xa8, 0x00, 0x9a,
    0xa0, 0x07, 0xff, 0xd1, 0x6e, 0x80, 0x13, 0x74,
    0x01, 0xff, 0xc4, 0x5b, 0xa0, 0x04, 0xdd, 0x00,
    0x7f, 0xf8, 0x96, 0x80, 0x1e, 0x01, 0xcc, 0x07,
    0x10, 0x30, 0x07, 0x80, 0x09, 0x5d, 0x48, 0x00,
    0x80, 0x10, 0xdc, 0x16, 0x4b, 0xe8, 0xcb, 0x80,
    0xed, 0x10, 0x6b, 0xe1, 0x80, 0x07, 0xd0, 0x24,
    0x19, 0xc0, 0x67, 0xae, 0x61, 0xde, 0x30, 0xb9,
    0x92, 0x0a, 0x02, 0x20, 0x01, 0x14, 0x20, 0x28,
    0xcf, 0x11, 0x9d, 0xcd, 0x88, 0x14, 0x52, 0x01,
    0x97, 0xa9, 0x4c, 0x40, 0x3e, 0x25, 0x00, 0xb0,
    0x80, 0x3c, 0xb5, 0x9d, 0xff, 0xf6, 0x80, 0x00,

    /* U+9879 "项" */
    0x00, 0xff, 0xe4, 0x11, 0x00, 0x3f, 0xe1, 0x00,
    0xff, 0xe0, 0x7e, 0xa8, 0x07, 0xfa, 0xb1, 0x6e,
    0xff, 0xb4, 0x82, 0x90, 0x00, 0x33, 0x3d, 0x68,
    0x71, 0x77, 0x89, 0x11, 0x17, 0xbf, 0xf2, 0x00,
    0x06, 0x21, 0x6c, 0xd7, 0x73, 0x40, 0x31, 0x83,
    0x98, 0x07, 0xf0, 0x88, 0xc0, 0x21, 0x10, 0x52,
    0x00, 0x05, 0x20, 0x00, 0xf8, 0x20, 0x1f, 0xfc,
    0x25, 0xbd, 0xa5, 0x0a, 0xaa, 0x0f, 0xcc, 0x03,
    0xff, 0x86, 0xd5, 0xd7, 0x55, 0x08, 0x19, 0x00,
    0x7f, 0xf1, 0x57, 0x25, 0x80, 0x21, 0x10, 0x07,
    0xff, 0x14, 0xcc, 0xc2, 0x01, 0xff, 0xcd, 0x30,
    0x0f, 0xfe, 0x6b, 0x80, 0x7f, 0xf2, 0x84, 0x00,
    0x20, 0x1f, 0xfc, 0xaf, 0x00, 0x18, 0x07, 0xff,
    0x14, 0x80, 0x31, 0x00, 0x88, 0x03, 0xfe, 0x20,
    0x01, 0x66, 0x88, 0x06, 0x70, 0x50, 0x0f, 0xe1,
    0xef, 0xc0, 0x09, 0x34, 0xc0, 0x21, 0x20, 0xc0,
    0x0c, 0xe0, 0x18, 0x54, 0x02, 0x5d, 0x80, 0x03,
    0x4d, 0x30, 0x03, 0x21, 0x23, 0x6c, 0x03, 0xb4,
    0x13, 0x28, 0x80, 0x29, 0x60, 0x90, 0x69, 0x5b,
    0x8a, 0x00, 0xf3, 0xd5, 0x98, 0x07, 0xd4, 0x25,
    0x25, 0x84, 0x2f, 0xa2, 0x01, 0x85, 0x40, 0x3e,
    0x1b, 0x44, 0x68, 0x00, 0x70, 0x80, 0xa8, 0x03,
    0xff, 0x80, 0xdc, 0xf5, 0x60, 0x18, 0x7c, 0x00,
    0x80, 0x1f, 0xc3, 0x19, 0xf9, 0x85, 0x00, 0xf1,
    0x40, 0x20, 0x07, 0xf0, 0xce, 0x49, 0x80, 0x7f,
    0x3f, 0xd8, 0x07, 0xf8, 0x40, 0x3f, 0xf8, 0xc0,

    /* U+FF08 "（" */
    0x00, 0xf8, 0x80, 0x38, 0xf0, 0x40, 0x33, 0x6f,
    0x98, 0x04, 0x93, 0x66, 0x01, 0x1d, 0xa2, 0x80,
    0x6f, 0x09, 0x00, 0xc8, 0x66, 0x20, 0x0d, 0x01,
    0x40, 0x18, 0x4c, 0x10, 0x03, 0x20, 0x00, 0x80,
    0x31, 0x00, 0x80, 0x77, 0x81, 0x00, 0x7c, 0x20,
    0x1d, 0xc0, 0x60, 0x1c, 0x40, 0x20, 0x1c, 0x80,
    0x02, 0x00, 0xe5, 0x0a, 0x00, 0xe8, 0x05, 0x00,
    0xe2, 0x52, 0x40, 0x0e, 0xb2, 0x90, 0x0e, 0x1f,
    0x38, 0x00, 0xe2, 0xd6, 0x60, 0x07, 0x1f, 0xe2,
    0x80, 0x70, 0xd2, 0x80,

    /* U+FF09 "）" */
    0x20, 0x0f, 0x87, 0x0c, 0x03, 0x8f, 0xf5, 0x40,
    0x38, 0xee, 0x90, 0x03, 0x95, 0x2c, 0xc0, 0x3a,
    0x43, 0xc0, 0x38, 0x8c, 0xc8, 0x01, 0xd4, 0x10,
    0x01, 0xc8, 0x06, 0x20, 0x18, 0x80, 0x08, 0x01,
    0xc2, 0x04, 0x01, 0xc4, 0x1e, 0x01, 0xc2, 0x1e,
    0x01, 0xc4, 0x02, 0x01, 0xf1, 0x00, 0x63, 0x00,
    0x20, 0x06, 0xb0, 0x50, 0x0e, 0x50, 0x80, 0x0c,
    0x84, 0xa4, 0x01, 0xa4, 0xac, 0x03, 0x41, 0xf8,
    0x80, 0x4c, 0xcd, 0x20, 0x09, 0x73, 0xcc, 0x03,
    0x2d, 0x08, 0x07, 0x00,

    /* U+FF0C "，" */
    0x04, 0x61, 0x06, 0xb9, 0xf1, 0xd0, 0x00, 0xa6,
    0x80, 0x46, 0xd4, 0x40, 0x40, 0xbc, 0x08, 0x00,
    0x97, 0x00, 0x33, 0x20, 0x23, 0x34, 0x01, 0x34,
    0x20, 0x00,

    /* U+FF1A "：" */
    0x00, 0xe2, 0xdf, 0xb0, 0x82, 0x04, 0x60, 0x0e,
    0x81, 0x04, 0x62, 0xef, 0xb0, 0x0f, 0xfe, 0x54,
    0xe3, 0x84, 0xb1, 0xc2, 0x10, 0x04, 0x5e, 0x00,
    0x17, 0x4d, 0xbf, 0x10,

    /* U+FF1B "；" */
    0x00, 0xf8, 0xb7, 0xec, 0x01, 0x04, 0x08, 0xc0,
    0x1f, 0x40, 0x82, 0x30, 0x17, 0x7d, 0x80, 0x7f,
    0xf3, 0xe7, 0x24, 0x01, 0x0c, 0x6c, 0x80, 0x40,
    0x11, 0x84, 0x80, 0x42, 0x07, 0xa8, 0x0a, 0x00,
    0x22, 0x19, 0x80, 0x0a, 0xfe, 0x00, 0xb9, 0xc3,
    0x00, 0x4e, 0x10, 0x00,

    /* U+FF1F "？" */
    0x00, 0x8d, 0xe6, 0x4e, 0x60, 0x18, 0x73, 0x07,
    0x43, 0x19, 0x60, 0x16, 0x98, 0xa1, 0xc3, 0x82,
    0x50, 0x19, 0x81, 0x00, 0x2b, 0x00, 0x28, 0x30,
    0x02, 0x40, 0x21, 0x00, 0x85, 0x73, 0x4c, 0x02,
    0x70, 0x08, 0x40, 0xc8, 0x03, 0x48, 0x01, 0xc0,
    0x3e, 0xb3, 0x04, 0x80, 0x0f, 0x5a, 0x03, 0xd8,
    0x07, 0x99, 0x0b, 0x20, 0x03, 0xed, 0x2c, 0x30,
    0x0f, 0xcd, 0x42, 0x01, 0xfc, 0xc4, 0x01, 0xfe,
    0xe7, 0x00, 0xff, 0x29, 0x00, 0x7f, 0x84, 0x03,
    0xfc, 0xfd, 0xc2, 0x00, 0xfd, 0x20, 0x34, 0x01,
    0xf9, 0x00, 0x18, 0x01, 0xfa, 0xb7, 0x90, 0x03,
    0x80
};

/*---------------------
 *  GLYPH DESCRIPTION
 *--------------------*/

static const lv_font_fmt_txt_glyph_dsc_t glyph_dsc[] = {
    {.bitmap_index = 0, .adv_w = 0, .box_w = 0, .box_h = 0, .ofs_x = 0, .ofs_y = 0} /* id = 0 reserved */,
    {.bitmap_index = 0, .adv_w = 96, .box_w = 0, .box_h = 0, .ofs_x = 0, .ofs_y = 0},
    {.bitmap_index = 0, .adv_w = 136, .box_w = 5, .box_h = 17, .ofs_x = 2, .ofs_y = 0},
    {.bitmap_index = 40, .adv_w = 371, .box_w = 23, .box_h = 19, .ofs_x = 0, .ofs_y = -2},
    {.bitmap_index = 209, .adv_w = 232, .box_w = 14, .box_h = 14, .ofs_x = 0, .ofs_y = 1},
    {.bitmap_index = 240, .adv_w = 142, .box_w = 7, .box_h = 2, .ofs_x = 1, .ofs_y = 6},
    {.bitmap_index = 245, .adv_w = 129, .box_w = 4, .box_h = 4, .ofs_x = 2, .ofs_y = 0},
    {.bitmap_index = 254, .adv_w = 154, .box_w = 10, .box_h = 23, .ofs_x = 0, .ofs_y = -4},
    {.bitmap_index = 327, .adv_w = 228, .box_w = 13, .box_h = 17, .ofs_x = 1, .ofs_y = 0},
    {.bitmap_index = 425, .adv_w = 179, .box_w = 10, .box_h = 18, .ofs_x = 1, .ofs_y = 0},
    {.bitmap_index = 458, .adv_w = 228, .box_w = 13, .box_h = 17, .ofs_x = 1, .ofs_y = 0},
    {.bitmap_index = 542, .adv_w = 228, .box_w = 12, .box_h = 17, .ofs_x = 1, .ofs_y = 0},
    {.bitmap_index = 633, .adv_w = 228, .box_w = 14, .box_h = 17, .ofs_x = 0, .ofs_y = 0},
    {.bitmap_index = 689, .adv_w = 228, .box_w = 14, .box_h = 17, .ofs_x = 0, .ofs_y = 0},
    {.bitmap_index = 779, .adv_w = 228, .box_w = 13, .box_h = 19, .ofs_x = 1, .ofs_y = 0},
    {.bitmap_index = 878, .adv_w = 226, .box_w = 12, .box_h = 17, .ofs_x = 1, .ofs_y = 0},
    {.bitmap_index = 941, .adv_w = 228, .box_w = 12, .box_h = 17, .ofs_x = 1, .ofs_y = 0},
    {.bitmap_index = 1040, .adv_w = 229, .box_w = 13, .box_h = 19, .ofs_x = 1, .ofs_y = -2},
    {.bitmap_index = 1145, .adv_w = 129, .box_w = 4, .box_h = 13, .ofs_x = 2, .ofs_y = 0},
    {.bitmap_index = 1167, .adv_w = 232, .box_w = 12, .box_h = 13, .ofs_x = 1, .ofs_y = 2},
    {.bitmap_index = 1225, .adv_w = 232, .box_w = 13, .box_h = 13, .ofs_x = 1, .ofs_y = 2},
    {.bitmap_index = 1285, .adv_w = 286, .box_w = 18, .box_h = 17, .ofs_x = 0, .ofs_y = 0},
    {.bitmap_index = 1395, .adv_w = 272, .box_w = 16, .box_h = 17, .ofs_x = 1, .ofs_y = 0},
    {.bitmap_index = 1494, .adv_w = 270, .box_w = 15, .box_h = 17, .ofs_x = 1, .ofs_y = 0},
    {.bitmap_index = 1592, .adv_w = 303, .box_w = 17, .box_h = 17, .ofs_x = 1, .ofs_y = 0},
    {.bitmap_index = 1695, .adv_w = 256, .box_w = 14, .box_h = 17, .ofs_x = 1, .ofs_y = 0},
    {.bitmap_index = 1771, .adv_w = 249, .box_w = 14, .box_h = 17, .ofs_x = 1, .ofs_y = 0},
    {.bitmap_index = 1835, .adv_w = 291, .box_w = 17, .box_h = 17, .ofs_x = 1, .ofs_y = 0},
    {.bitmap_index = 1950, .adv_w = 332, .box_w = 19, .box_h = 17, .ofs_x = 1, .ofs_y = 0},
    {.bitmap_index = 2008, .adv_w = 164, .box_w = 9, .box_h = 17, .ofs_x = 1, .ofs_y = 0},
    {.bitmap_index = 2037, .adv_w = 164, .box_w = 11, .box_h = 21, .ofs_x = -1, .ofs_y = -4},
    {.bitmap_index = 2088, .adv_w = 295, .box_w = 18, .box_h = 17, .ofs_x = 1, .ofs_y = 0},
    {.bitmap_index = 2197, .adv_w = 247, .box_w = 14, .box_h = 17, .ofs_x = 1, .ofs_y = 0},
    {.bitmap_index = 2243, .adv_w = 384, .box_w = 23, .box_h = 17, .ofs_x = 0, .ofs_y = 0},
    {.bitmap_index = 2375, .adv_w = 313, .box_w = 19, .box_h = 17, .ofs_x = 0, .ofs_y = 0},
    {.bitmap_index = 2483, .adv_w = 301, .box_w = 17, .box_h = 17, .ofs_x = 1, .ofs_y = 0},
    {.bitmap_index = 2601, .adv_w = 258, .box_w = 15, .box_h = 17, .ofs_x = 1, .ofs_y = 0},
    {.bitmap_index = 2672, .adv_w = 301, .box_w = 17, .box_h = 24, .ofs_x = 1, .ofs_y = -7},
    {.bitmap_index = 2830, .adv_w = 288, .box_w = 17, .box_h = 17, .ofs_x = 1, .ofs_y = 0},
    {.bitmap_index = 2940, .adv_w = 229, .box_w = 13, .box_h = 17, .ofs_x = 1, .ofs_y = 0},
    {.bitmap_index = 3038, .adv_w = 267, .box_w = 17, .box_h = 17, .ofs_x = 0, .ofs_y = 0},
    {.bitmap_index = 3098, .adv_w = 314, .box_w = 19, .box_h = 17, .ofs_x = 0, .ofs_y = 0},
    {.bitmap_index = 3181, .adv_w = 282, .box_w = 18, .box_h = 17, .ofs_x = 0, .ofs_y = 0},
    {.bitmap_index = 3295, .adv_w = 419, .box_w = 27, .box_h = 17, .ofs_x = 0, .ofs_y = 0},
    {.bitmap_index = 3482, .adv_w = 279, .box_w = 18, .box_h = 17, .ofs_x = 0, .ofs_y = 0},
    {.bitmap_index = 3599, .adv_w = 269, .box_w = 17, .box_h = 17, .ofs_x = 0, .ofs_y = 0},
    {.bitmap_index = 3690, .adv_w = 241, .box_w = 15, .box_h = 17, .ofs_x = 0, .ofs_y = 0},
    {.bitmap_index = 3789, .adv_w = 225, .box_w = 13, .box_h = 13, .ofs_x = 1, .ofs_y = 0},
    {.bitmap_index = 3863, .adv_w = 258, .box_w = 16, .box_h = 20, .ofs_x = 0, .ofs_y = 0},
    {.bitmap_index = 3964, .adv_w = 217, .box_w = 13, .box_h = 13, .ofs_x = 0, .ofs_y = 0},
    {.bitmap_index = 4037, .adv_w = 253, .box_w = 16, .box_h = 20, .ofs_x = 0, .ofs_y = 0},
    {.bitmap_index = 4132, .adv_w = 220, .box_w = 13, .box_h = 13, .ofs_x = 0, .ofs_y = 0},
    {.bitmap_index = 4208, .adv_w = 154, .box_w = 12, .box_h = 19, .ofs_x = 0, .ofs_y = 0},
    {.bitmap_index = 4264, .adv_w = 229, .box_w = 14, .box_h = 19, .ofs_x = 0, .ofs_y = -6},
    {.bitmap_index = 4386, .adv_w = 264, .box_w = 16, .box_h = 20, .ofs_x = 0, .ofs_y = 0},
    {.bitmap_index = 4459, .adv_w = 134, .box_w = 8, .box_h = 19, .ofs_x = 0, .ofs_y = 0},
    {.bitmap_index = 4501, .adv_w = 129, .box_w = 9, .box_h = 25, .ofs_x = -3, .ofs_y = -6},
    {.bitmap_index = 4559, .adv_w = 250, .box_w = 16, .box_h = 20, .ofs_x = 0, .ofs_y = 0},
    {.bitmap_index = 4650, .adv_w = 136, .box_w = 8, .box_h = 20, .ofs_x = 0, .ofs_y = 0},
    {.bitmap_index = 4679, .adv_w = 387, .box_w = 24, .box_h = 13, .ofs_x = 0, .ofs_y = 0},
    {.bitmap_index = 4770, .adv_w = 263, .box_w = 16, .box_h = 13, .ofs_x = 0, .ofs_y = 0},
    {.bitmap_index = 4833, .adv_w = 239, .box_w = 14, .box_h = 13, .ofs_x = 0, .ofs_y = 0},
    {.bitmap_index = 4916, .adv_w = 258, .box_w = 16, .box_h = 19, .ofs_x = 0, .ofs_y = -6},
    {.bitmap_index = 5014, .adv_w = 246, .box_w = 16, .box_h = 19, .ofs_x = 0, .ofs_y = -6},
    {.bitmap_index = 5109, .adv_w = 192, .box_w = 12, .box_h = 13, .ofs_x = 0, .ofs_y = 0},
    {.bitmap_index = 5160, .adv_w = 192, .box_w = 11, .box_h = 13, .ofs_x = 1, .ofs_y = 0},
    {.bitmap_index = 5228, .adv_w = 151, .box_w = 10, .box_h = 17, .ofs_x = 0, .ofs_y = 0},
    {.bitmap_index = 5269, .adv_w = 260, .box_w = 16, .box_h = 14, .ofs_x = 0, .ofs_y = 0},
    {.bitmap_index = 5335, .adv_w = 222, .box_w = 15, .box_h = 13, .ofs_x = -1, .ofs_y = 0},
    {.bitmap_index = 5412, .adv_w = 336, .box_w = 22, .box_h = 13, .ofs_x = -1, .ofs_y = 0},
    {.bitmap_index = 5535, .adv_w = 230, .box_w = 15, .box_h = 13, .ofs_x = 0, .ofs_y = 0},
    {.bitmap_index = 5616, .adv_w = 223, .box_w = 15, .box_h = 19, .ofs_x = -1, .ofs_y = -6},
    {.bitmap_index = 5723, .adv_w = 199, .box_w = 12, .box_h = 13, .ofs_x = 0, .ofs_y = 0},
    {.bitmap_index = 5793, .adv_w = 130, .box_w = 2, .box_h = 27, .ofs_x = 3, .ofs_y = -6},
    {.bitmap_index = 5799, .adv_w = 129, .box_w = 4, .box_h = 4, .ofs_x = 2, .ofs_y = 7},
    {.bitmap_index = 5808, .adv_w = 228, .box_w = 13, .box_h = 2, .ofs_x = 1, .ofs_y = 6},
    {.bitmap_index = 5815, .adv_w = 356, .box_w = 21, .box_h = 2, .ofs_x = 1, .ofs_y = 6},
    {.bitmap_index = 5823, .adv_w = 384, .box_w = 20, .box_h = 3, .ofs_x = 2, .ofs_y = 8},
    {.bitmap_index = 5849, .adv_w = 384, .box_w = 8, .box_h = 7, .ofs_x = 0, .ofs_y = -2},
    {.bitmap_index = 5874, .adv_w = 384, .box_w = 12, .box_h = 24, .ofs_x = 12, .ofs_y = -3},
    {.bitmap_index = 5985, .adv_w = 384, .box_w = 12, .box_h = 24, .ofs_x = 0, .ofs_y = -3},
    {.bitmap_index = 6096, .adv_w = 384, .box_w = 9, .box_h = 22, .ofs_x = 15, .ofs_y = -2},
    {.bitmap_index = 6153, .adv_w = 384, .box_w = 9, .box_h = 22, .ofs_x = 0, .ofs_y = -2},
    {.bitmap_index = 6210, .adv_w = 384, .box_w = 24, .box_h = 23, .ofs_x = 0, .ofs_y = -2},
    {.bitmap_index = 6351, .adv_w = 384, .box_w = 24, .box_h = 23, .ofs_x = 0, .ofs_y = -2},
    {.bitmap_index = 6562, .adv_w = 384, .box_w = 24, .box_h = 24, .ofs_x = 0, .ofs_y = -3},
    {.bitmap_index = 6732, .adv_w = 384, .box_w = 23, .box_h = 24, .ofs_x = 0, .ofs_y = -3},
    {.bitmap_index = 6915, .adv_w = 384, .box_w = 24, .box_h = 24, .ofs_x = 0, .ofs_y = -3},
    {.bitmap_index = 7138, .adv_w = 384, .box_w = 24, .box_h = 22, .ofs_x = 0, .ofs_y = -2},
    {.bitmap_index = 7329, .adv_w = 384, .box_w = 23, .box_h = 23, .ofs_x = 2, .ofs_y = -2},
    {.bitmap_index = 7481, .adv_w = 384, .box_w = 23, .box_h = 24, .ofs_x = 1, .ofs_y = -3},
    {.bitmap_index = 7617, .adv_w = 384, .box_w = 24, .box_h = 23, .ofs_x = 0, .ofs_y = -2},
    {.bitmap_index = 7797, .adv_w = 384, .box_w = 24, .box_h = 23, .ofs_x = 0, .ofs_y = -2},
    {.bitmap_index = 7960, .adv_w = 384, .box_w = 24, .box_h = 19, .ofs_x = 0, .ofs_y = 0},
    {.bitmap_index = 8017, .adv_w = 384, .box_w = 23, .box_h = 23, .ofs_x = 1, .ofs_y = -2},
    {.bitmap_index = 8160, .adv_w = 384, .box_w = 24, .box_h = 23, .ofs_x = 0, .ofs_y = -2},
    {.bitmap_index = 8341, .adv_w = 384, .box_w = 24, .box_h = 24, .ofs_x = 0, .ofs_y = -3},
    {.bitmap_index = 8503, .adv_w = 384, .box_w = 24, .box_h = 24, .ofs_x = 0, .ofs_y = -3},
    {.bitmap_index = 8699, .adv_w = 384, .box_w = 26, .box_h = 23, .ofs_x = 0, .ofs_y = -2},
    {.bitmap_index = 8875, .adv_w = 384, .box_w = 26, .box_h = 23, .ofs_x = 0, .ofs_y = -2},
    {.bitmap_index = 9093, .adv_w = 384, .box_w = 25, .box_h = 24, .ofs_x = 0, .ofs_y = -3},
    {.bitmap_index = 9325, .adv_w = 384, .box_w = 17, .box_h = 22, .ofs_x = 4, .ofs_y = -2},
    {.bitmap_index = 9385, .adv_w = 384, .box_w = 24, .box_h = 23, .ofs_x = 0, .ofs_y = -2},
    {.bitmap_index = 9554, .adv_w = 384, .box_w = 23, .box_h = 24, .ofs_x = 1, .ofs_y = -3},
    {.bitmap_index = 9776, .adv_w = 384, .box_w = 24, .box_h = 23, .ofs_x = 0, .ofs_y = -2},
    {.bitmap_index = 9942, .adv_w = 384, .box_w = 24, .box_h = 23, .ofs_x = 0, .ofs_y = -2},
    {.bitmap_index = 10166, .adv_w = 384, .box_w = 24, .box_h = 24, .ofs_x = 0, .ofs_y = -3},
    {.bitmap_index = 10366, .adv_w = 384, .box_w = 24, .box_h = 22, .ofs_x = 0, .ofs_y = -2},
    {.bitmap_index = 10544, .adv_w = 384, .box_w = 24, .box_h = 24, .ofs_x = 0, .ofs_y = -3},
    {.bitmap_index = 10761, .adv_w = 384, .box_w = 24, .box_h = 23, .ofs_x = 0, .ofs_y = -2},
    {.bitmap_index = 10950, .adv_w = 384, .box_w = 24, .box_h = 23, .ofs_x = 0, .ofs_y = -2},
    {.bitmap_index = 11143, .adv_w = 384, .box_w = 25, .box_h = 24, .ofs_x = 0, .ofs_y = -3},
    {.bitmap_index = 11383, .adv_w = 384, .box_w = 24, .box_h = 23, .ofs_x = 0, .ofs_y = -2},
    {.bitmap_index = 11592, .adv_w = 384, .box_w = 26, .box_h = 24, .ofs_x = 0, .ofs_y = -3},
    {.bitmap_index = 11849, .adv_w = 384, .box_w = 17, .box_h = 23, .ofs_x = 4, .ofs_y = -2},
    {.bitmap_index = 11928, .adv_w = 384, .box_w = 23, .box_h = 23, .ofs_x = 1, .ofs_y = -2},
    {.bitmap_index = 12154, .adv_w = 384, .box_w = 24, .box_h = 24, .ofs_x = 0, .ofs_y = -3},
    {.bitmap_index = 12342, .adv_w = 384, .box_w = 23, .box_h = 23, .ofs_x = 1, .ofs_y = -2},
    {.bitmap_index = 12548, .adv_w = 384, .box_w = 24, .box_h = 23, .ofs_x = 0, .ofs_y = -2},
    {.bitmap_index = 12696, .adv_w = 384, .box_w = 26, .box_h = 25, .ofs_x = 0, .ofs_y = -4},
    {.bitmap_index = 12878, .adv_w = 384, .box_w = 24, .box_h = 24, .ofs_x = 0, .ofs_y = -3},
    {.bitmap_index = 13053, .adv_w = 384, .box_w = 24, .box_h = 24, .ofs_x = 0, .ofs_y = -3},
    {.bitmap_index = 13233, .adv_w = 384, .box_w = 24, .box_h = 24, .ofs_x = 0, .ofs_y = -3},
    {.bitmap_index = 13433, .adv_w = 384, .box_w = 26, .box_h = 25, .ofs_x = 0, .ofs_y = -4},
    {.bitmap_index = 13641, .adv_w = 384, .box_w = 8, .box_h = 24, .ofs_x = 15, .ofs_y = -3},
    {.bitmap_index = 13717, .adv_w = 384, .box_w = 8, .box_h = 24, .ofs_x = 1, .ofs_y = -3},
    {.bitmap_index = 13793, .adv_w = 384, .box_w = 5, .box_h = 10, .ofs_x = 1, .ofs_y = -6},
    {.bitmap_index = 13819, .adv_w = 384, .box_w = 5, .box_h = 15, .ofs_x = 4, .ofs_y = 0},
    {.bitmap_index = 13847, .adv_w = 384, .box_w = 6, .box_h = 19, .ofs_x = 3, .ofs_y = -4},
    {.bitmap_index = 13891, .adv_w = 384, .box_w = 12, .box_h = 20, .ofs_x = 0, .ofs_y = -1}
};

/*---------------------
 *  CHARACTER MAPPING
 *--------------------*/

static const uint8_t glyph_id_ofs_list_0[] = {
    0, 1, 0, 0, 0, 2, 0, 0,
    0, 0, 0, 3, 0, 4, 5, 6,
    7, 8, 9, 10, 11, 12, 13, 14,
    15, 16, 17, 0, 18, 0, 19
};

static const uint16_t unicode_list_3[] = {
    0x00, 0x3b, 0x1f97, 0x1f98, 0x1faa, 0x2f85, 0x2f8e, 0x2f8f,
    0x2f94, 0x2f95, 0x4e7f, 0x4e81, 0x4ee0, 0x51af, 0x5225, 0x535a,
    0x5374, 0x5445, 0x588b, 0x5adc, 0x5d69, 0x5d8c, 0x5dbc, 0x5e86,
    0x5ed9, 0x5f5b, 0x5f85, 0x60eb, 0x6569, 0x65fe, 0x66e5, 0x6720,
    0x6844, 0x723a, 0x738a, 0x75ff, 0x7a5d, 0x7b25, 0x7c7f, 0x7e57,
    0x7e63, 0x816e, 0x82f3, 0x8b28, 0x8b42, 0x8b45, 0x8b4a, 0x8e2f,
    0x8f4b, 0x8f9e, 0x97fd, 0xfe8c, 0xfe8d, 0xfe90, 0xfe9e, 0xfe9f,
    0xfea3
};

/*Collect the unicode lists and glyph_id offsets*/
static const lv_font_fmt_txt_cmap_t cmaps[] =
{
    {
        .range_start = 32, .range_length = 31, .glyph_id_start = 1,
        .unicode_list = NULL, .glyph_id_ofs_list = glyph_id_ofs_list_0, .list_length = 31, .type = LV_FONT_FMT_TXT_CMAP_FORMAT0_FULL
    },
    {
        .range_start = 65, .range_length = 26, .glyph_id_start = 21,
        .unicode_list = NULL, .glyph_id_ofs_list = NULL, .list_length = 0, .type = LV_FONT_FMT_TXT_CMAP_FORMAT0_TINY
    },
    {
        .range_start = 97, .range_length = 26, .glyph_id_start = 47,
        .unicode_list = NULL, .glyph_id_ofs_list = NULL, .list_length = 0, .type = LV_FONT_FMT_TXT_CMAP_FORMAT0_TINY
    },
    {
        .range_start = 124, .range_length = 65188, .glyph_id_start = 73,
        .unicode_list = unicode_list_3, .glyph_id_ofs_list = NULL, .list_length = 57, .type = LV_FONT_FMT_TXT_CMAP_SPARSE_TINY
    }
};



/*--------------------
 *  ALL CUSTOM DATA
 *--------------------*/

#if LVGL_VERSION_MAJOR == 8
/*Store all the custom data of the font*/
static  lv_font_fmt_txt_glyph_cache_t cache;
#endif

#if LVGL_VERSION_MAJOR >= 8
static const lv_font_fmt_txt_dsc_t font_dsc = {
#else
static lv_font_fmt_txt_dsc_t font_dsc = {
#endif
    .glyph_bitmap = glyph_bitmap,
    .glyph_dsc = glyph_dsc,
    .cmaps = cmaps,
    .kern_dsc = NULL,
    .kern_scale = 0,
    .cmap_num = 4,
    .bpp = 4,
    .kern_classes = 0,
    .bitmap_format = 1,
#if LVGL_VERSION_MAJOR == 8
    .cache = &cache
#endif

};



/*-----------------
 *  PUBLIC FONT
 *----------------*/

/*Initialize a public general font descriptor*/
#if LVGL_VERSION_MAJOR >= 8
const lv_font_t lv_font_SourceHanSerifSC_24 = {
#else
lv_font_t lv_font_SourceHanSerifSC_24 = {
#endif
    .get_glyph_dsc = lv_font_get_glyph_dsc_fmt_txt,    /*Function pointer to get glyph's data*/
    .get_glyph_bitmap = lv_font_get_bitmap_fmt_txt,    /*Function pointer to get glyph's bitmap*/
    .line_height = 28,          /*The maximum line height required by the font*/
    .base_line = 7,             /*Baseline measured from the bottom of the line*/
#if !(LVGL_VERSION_MAJOR == 6 && LVGL_VERSION_MINOR == 0)
    .subpx = LV_FONT_SUBPX_NONE,
#endif
#if LV_VERSION_CHECK(7, 4, 0) || LVGL_VERSION_MAJOR >= 8
    .underline_position = -2,
    .underline_thickness = 1,
#endif

#if LV_VERSION_CHECK(9, 3, 0)
    .static_bitmap = 0,    /*Bitmaps are stored as const so they are always static if not compressed */
#endif

    .dsc = &font_dsc,          /*The custom font data. Will be accessed by `get_glyph_bitmap/dsc` */
#if LV_VERSION_CHECK(8, 2, 0) || LVGL_VERSION_MAJOR >= 9
    .fallback = NULL,
#endif
    .user_data = NULL,
};



#endif /*#if LV_FONT_SOURCEHANSERIFSC_24*/
