#ifdef __has_include
#if __has_include("lvgl.h")
#ifndef LV_LVGL_H_INCLUDE_SIMPLE
#define LV_LVGL_H_INCLUDE_SIMPLE
#endif
#endif
#endif

#if defined(LV_LVGL_H_INCLUDE_SIMPLE)
 #include "lvgl.h"
#else
 #include "lvgl/lvgl.h"
#endif

#ifndef LV_ATTRIBUTE_MEM_ALIGN
#define LV_ATTRIBUTE_MEM_ALIGN
#endif

#ifndef LV_ATTRIBUTE_IMAGE_ICON_BRAND_80X80_ARGB8888
#define LV_ATTRIBUTE_IMAGE_ICON_BRAND_80X80_ARGB8888
#endif

const LV_ATTRIBUTE_MEM_ALIGN LV_ATTRIBUTE_LARGE_CONST LV_ATTRIBUTE_IMAGE_ICON_BRAND_80X80_ARGB8888 uint8_t icon_brand_80x80_ARGB8888_map[] = {
    0x00,0x00,0x00,0x00,0x00,0x00,0x00,0x00,0x00,0x00,0x00,0x00,0x00,0x00,0x00,0x00,
    0x00,0x00,0x00,0x00,0x00,0x00,0x00,0x00,0x00,0x00,0x00,0x00,0x00,0x00,0x00,0x00,
    0x00,0x00,0x00,0x00,0x00,0x00,0x00,0x00,0x00,0x00,0x00,0x00,0x00,0x00,0x00,0x00,
    0x00,0x00,0x00,0x00,0x00,0x00,0x00,0x00,0x00,0x00,0x00,0x00,0x00,0x00,0x00,0x00,
    0x00,0x00,0x00,0x00,0x00,0x00,0x00,0x00,0x00,0x00,0x00,0x00,0x00,0x00,0x00,0x00,
    0x00,0x00,0x00,0x00,0x00,0x00,0x00,0x00,0x00,0x00,0x00,0x00,0x00,0x00,0x00,0x00,
    0x00,0x00,0x00,0x00,0x00,0x00,0x00,0x00,0x00,0x00,0x00,0x00,0x00,0x00,0x00,0x00,
    0x00,0x00,0x00,0x00,0x00,0x00,0x00,0x00,0x00,0x00,0x00,0x00,0x00,0x00,0x00,0x00,
    0x00,0x00,0x00,0x00,0x00,0x00,0x00,0x00,0x00,0x00,0x00,0x00,0x00,0x00,0x00,0x00,
    0x00,0x00,0x00,0x00,0x00,0x00,0x00,0x00,0x00,0x00,0x00,0x00,0x00,0x00,0x00,0x00,
    0x00,0x00,0x00,0x00,0x00,0x00,0x00,0x00,0x00,0x00,0x00,0x00,0x00,0x00,0x00,0x00,
    0x00,0x00,0x00,0x00,0x00,0x00,0x00,0x00,0x00,0x00,0x00,0x00,0x00,0x00,0x00,0x00,
    0x00,0x00,0x00,0x00,0x00,0x00,0x00,0x00,0x00,0x00,0x00,0x00,0x00,0x00,0x00,0x00,
    0x00,0x00,0x00,0x00,0x00,0x00,0x00,0x00,0x00,0x00,0x00,0x00,0x00,0x00,0x00,0x00,
    0x00,0x00,0x00,0x00,0x00,0x00,0x00,0x00,0x00,0x00,0x00,0x00,0x00,0x00,0x00,0x00,
    0x00,0x00,0x00,0x00,0x00,0x00,0x00,0x00,0x00,0x00,0x00,0x00,0x00,0x00,0x00,0x00,
    0x00,0x00,0x00,0x00,0x00,0x00,0x00,0x00,0x00,0x00,0x00,0x00,0x00,0x00,0x00,0x00,
    0x00,0x00,0x00,0x00,0x00,0x00,0x00,0x00,0x00,0x00,0x00,0x00,0x00,0x00,0x00,0x00,
    0x00,0x00,0x00,0x00,0x00,0x00,0x00,0x00,0x00,0x00,0x00,0x00,0x00,0x00,0x00,0x00,
    0x00,0x00,0x00,0x00,0x00,0x00,0x00,0x00,0x00,0x00,0x00,0x00,0x00,0x00,0x00,0x00,
    0x00,0x00,0x00,0x00,0x00,0x00,0x00,0x00,0x00,0x00,0x00,0x00,0x00,0x00,0x00,0x00,
    0x00,0x00,0x00,0x00,0x00,0x00,0x00,0x00,0x00,0x00,0x00,0x00,0x00,0x00,0x00,0x00,
    0x00,0x00,0x00,0x00,0x00,0x00,0x00,0x00,0x00,0x00,0x00,0x00,0x00,0x00,0x00,0x00,
    0x00,0x00,0x00,0x00,0x00,0x00,0x00,0x00,0x00,0x00,0x00,0x00,0x00,0x00,0x00,0x00,
    0x00,0x00,0x00,0x00,0x00,0x00,0x00,0x00,0x00,0x00,0x00,0x00,0x00,0x00,0x00,0x00,
    0x00,0x00,0x00,0x00,0x00,0x00,0x00,0x00,0x00,0x00,0x00,0x00,0x00,0x00,0x00,0x00,
    0x00,0x00,0x00,0x00,0x00,0x00,0x00,0x00,0x00,0x00,0x00,0x00,0x00,0x00,0x00,0x00,
    0x00,0x00,0x00,0x00,0x00,0x00,0x00,0x00,0x00,0x00,0x00,0x00,0x00,0x00,0x00,0x00,
    0x00,0x00,0x00,0x00,0x00,0x00,0x00,0x00,0x00,0x00,0x00,0x00,0x00,0x00,0x00,0x00,
    0x00,0x00,0x00,0x00,0x00,0x00,0x00,0x00,0x00,0x00,0x00,0x00,0x00,0x00,0x00,0x00,
    0x00,0x00,0x00,0x00,0x00,0x00,0x00,0x00,0x00,0x00,0x00,0x00,0x00,0x00,0x00,0x00,
    0x00,0x00,0x00,0x00,0x00,0x00,0x00,0x00,0x00,0x00,0x00,0x00,0x00,0x00,0x00,0x00,
    0x00,0x00,0x00,0x00,0x00,0x00,0x00,0x00,0x00,0x00,0x00,0x00,0x00,0x00,0x00,0x00,
    0x00,0x00,0x00,0x00,0x00,0x00,0x00,0x00,0x00,0x00,0x00,0x00,0x00,0x00,0x00,0x00,
    0x00,0x00,0x00,0x00,0x00,0x00,0x00,0x00,0x00,0x00,0x00,0x00,0x00,0x00,0x00,0x00,
    0x00,0x00,0x00,0x00,0x00,0x00,0x00,0x00,0x00,0x00,0x00,0x00,0x00,0x00,0x00,0x00,
    0x00,0x00,0x00,0x00,0x00,0x00,0x00,0x00,0x00,0x00,0x00,0x00,0x00,0x00,0x00,0x00,
    0x00,0x00,0x00,0x00,0x00,0x00,0x00,0x00,0x00,0x00,0x00,0x00,0x00,0x00,0x00,0x00,
    0x00,0x00,0x00,0x00,0x00,0x00,0x00,0x00,0x00,0x00,0x00,0x00,0x00,0x00,0x00,0x00,
    0x00,0x00,0x00,0x00,0x00,0x00,0x00,0x00,0x00,0x00,0x00,0x00,0x00,0x00,0x00,0x00,
    0x00,0x00,0x00,0x00,0x00,0x00,0x00,0x00,0x00,0x00,0x00,0x00,0x00,0x00,0x00,0x00,
    0x00,0x00,0x00,0x00,0x00,0x00,0x00,0x00,0x00,0x00,0x00,0x00,0x00,0x00,0x00,0x00,
    0x00,0x00,0x00,0x00,0x00,0x00,0x00,0x00,0x00,0x00,0x00,0x00,0x00,0x00,0x00,0x00,
    0x00,0x00,0x00,0x00,0x00,0x00,0x00,0x00,0x00,0x00,0x00,0x00,0x00,0x00,0x00,0x00,
    0x00,0x00,0x00,0x00,0x00,0x00,0x00,0x00,0x00,0x00,0x00,0x00,0x00,0x00,0x00,0x00,
    0x00,0x00,0x00,0x00,0x00,0x00,0x00,0x00,0x00,0x00,0x00,0x00,0x00,0x00,0x00,0x00,
    0x00,0x00,0x00,0x00,0x00,0x00,0x00,0x00,0x00,0x00,0x00,0x00,0x00,0x00,0x00,0x00,
    0x00,0x00,0x00,0x00,0x00,0x00,0x00,0x00,0x00,0x00,0x00,0x00,0x00,0x00,0x00,0x00,
    0x00,0x00,0x00,0x00,0x00,0x00,0x00,0x00,0x00,0x00,0x00,0x00,0x00,0x00,0x00,0x00,
    0x00,0x00,0x00,0x00,0x00,0x00,0x00,0x00,0x00,0x00,0x00,0x00,0x00,0x00,0x00,0x00,
    0x00,0x00,0x00,0x00,0x00,0x00,0x00,0x00,0x00,0x00,0x00,0x00,0x00,0x00,0x00,0x00,
    0x00,0x00,0x00,0x00,0x00,0x00,0x00,0x00,0x00,0x00,0x00,0x00,0x00,0x00,0x00,0x00,
    0x00,0x00,0x00,0x00,0x00,0x00,0x00,0x00,0x00,0x00,0x00,0x00,0x00,0x00,0x00,0x00,
    0x00,0x00,0x00,0x00,0x00,0x00,0x00,0x00,0x00,0x00,0x00,0x00,0x00,0x00,0x00,0x00,
    0x00,0x00,0x00,0x00,0x00,0x00,0x00,0x00,0x00,0x00,0x00,0x00,0x00,0x00,0x00,0x00,
    0x00,0x00,0x00,0x00,0x00,0x00,0x00,0x00,0x00,0x00,0x00,0x00,0x00,0x00,0x00,0x00,
    0x00,0x00,0x00,0x00,0x00,0x00,0x00,0x00,0x00,0x00,0x00,0x00,0x00,0x00,0x00,0x00,
    0x00,0x00,0x00,0x00,0x00,0x00,0x00,0x00,0x00,0x00,0x00,0x00,0x00,0x00,0x00,0x00,
    0x00,0x00,0x00,0x00,0x00,0x00,0x00,0x00,0x00,0x00,0x00,0x00,0x00,0x00,0x00,0x00,
    0x00,0x00,0x00,0x00,0x00,0x00,0x00,0x00,0x00,0x00,0x00,0x00,0x00,0x00,0x00,0x00,
    0x00,0x00,0x00,0x00,0x00,0x00,0x00,0x00,0x00,0x00,0x00,0x00,0x00,0x00,0x00,0x00,
    0x00,0x00,0x00,0x00,0x00,0x00,0x00,0x00,0x00,0x00,0x00,0x00,0x00,0x00,0x00,0x00,
    0x00,0x00,0x00,0x00,0x00,0x00,0x00,0x00,0x00,0x00,0x00,0x00,0x00,0x00,0x00,0x00,
    0x00,0x00,0x00,0x00,0x00,0x00,0x00,0x00,0x00,0x00,0x00,0x00,0x00,0x00,0x00,0x00,
    0x00,0x00,0x00,0x00,0x00,0x00,0x00,0x00,0x00,0x00,0x00,0x00,0x00,0x00,0x00,0x00,
    0x00,0x00,0x00,0x00,0x00,0x00,0x00,0x00,0x00,0x00,0x00,0x00,0x00,0x00,0x00,0x00,
    0x00,0x00,0x00,0x00,0x00,0x00,0x00,0x00,0x00,0x00,0x00,0x00,0x00,0x00,0x00,0x00,
    0x00,0x00,0x00,0x00,0x00,0x00,0x00,0x00,0x00,0x00,0x00,0x00,0x00,0x00,0x00,0x00,
    0x00,0x00,0x00,0x00,0x00,0x00,0x00,0x00,0x00,0x00,0x00,0x00,0x00,0x00,0x00,0x00,
    0x00,0x00,0x00,0x00,0x00,0x00,0x00,0x00,0x00,0x00,0x00,0x00,0x00,0x00,0x00,0x00,
    0x00,0x00,0x00,0x00,0x00,0x00,0x00,0x00,0x00,0x00,0x00,0x00,0x00,0x00,0x00,0x00,
    0x00,0x00,0x00,0x00,0x00,0x00,0x00,0x00,0x00,0x00,0x00,0x00,0x00,0x00,0x00,0x00,
    0x00,0x00,0x00,0x00,0x00,0x00,0x00,0x00,0x00,0x00,0x00,0x00,0x00,0x00,0x00,0x00,
    0x00,0x00,0x00,0x00,0x00,0x00,0x00,0x00,0x00,0x00,0x00,0x00,0x00,0x00,0x00,0x00,
    0x00,0x00,0x00,0x00,0x00,0x00,0x00,0x00,0x00,0x00,0x00,0x00,0x00,0x00,0x00,0x00,
    0x00,0x00,0x00,0x00,0x00,0x00,0x00,0x00,0x00,0x00,0x00,0x00,0x00,0x00,0x00,0x00,
    0x00,0x00,0x00,0x00,0x00,0x00,0x00,0x00,0x00,0x00,0x00,0x00,0x00,0x00,0x00,0x00,
    0x00,0x00,0x00,0x00,0x00,0x00,0x00,0x00,0x00,0x00,0x00,0x00,0x00,0x00,0x00,0x00,
    0x00,0x00,0x00,0x00,0x00,0x00,0x00,0x00,0x00,0x00,0x00,0x00,0x00,0x00,0x00,0x00,
    0x00,0x00,0x00,0x00,0x00,0x00,0x00,0x00,0x00,0x00,0x00,0x00,0x00,0x00,0x00,0x00,
    0x00,0x00,0x00,0x00,0x00,0x00,0x00,0x00,0x00,0x00,0x00,0x00,0x00,0x00,0x00,0x00,
    0x00,0x00,0x00,0x00,0x00,0x00,0x00,0x00,0x00,0x00,0x00,0x00,0x00,0x00,0x00,0x00,
    0x00,0x00,0x00,0x00,0x00,0x00,0x00,0x00,0x00,0x00,0x00,0x00,0x00,0x00,0x00,0x00,
    0x00,0x00,0x00,0x00,0x00,0x00,0x00,0x00,0x00,0x00,0x00,0x00,0x00,0x00,0x00,0x00,
    0x00,0x00,0x00,0x00,0x00,0x00,0x00,0x00,0x00,0x00,0x00,0x00,0x00,0x00,0x00,0x00,
    0x00,0x00,0x00,0x00,0x00,0x00,0x00,0x00,0x00,0x00,0x00,0x00,0x00,0x00,0x00,0x00,
    0x00,0x00,0x00,0x00,0x00,0x00,0x00,0x00,0x00,0x00,0x00,0x00,0x00,0x00,0x00,0x00,
    0x00,0x00,0x00,0x00,0x00,0x00,0x00,0x00,0x00,0x00,0x00,0x00,0x00,0x00,0x00,0x00,
    0x00,0x00,0x00,0x00,0x00,0x00,0x00,0x00,0x00,0x00,0x00,0x00,0x00,0x00,0x00,0x00,
    0x00,0x00,0x00,0x00,0x00,0x00,0x00,0x00,0x00,0x00,0x00,0x00,0x00,0x00,0x00,0x00,
    0x00,0x00,0x00,0x00,0x00,0x00,0x00,0x00,0x00,0x00,0x00,0x00,0x00,0x00,0x00,0x00,
    0x00,0x00,0x00,0x00,0x00,0x00,0x00,0x00,0x00,0x00,0x00,0x00,0x00,0x00,0x00,0x00,
    0x00,0x00,0x00,0x00,0x00,0x00,0x00,0x00,0x00,0x00,0x00,0x00,0x00,0x00,0x00,0x00,
    0x00,0x00,0x00,0x00,0x00,0x00,0x00,0x00,0x00,0x00,0x00,0x00,0x00,0x00,0x00,0x00,
    0x00,0x00,0x00,0x00,0x00,0x00,0x00,0x00,0x00,0x00,0x00,0x00,0x00,0x00,0x00,0x00,
    0x00,0x00,0x00,0x00,0x00,0x00,0x00,0x00,0x00,0x00,0x00,0x00,0x00,0x00,0x00,0x00,
    0x00,0x00,0x00,0x00,0x00,0x00,0x00,0x00,0x00,0x00,0x00,0x00,0x00,0x00,0x00,0x00,
    0x00,0x00,0x00,0x00,0x00,0x00,0x00,0x00,0x00,0x00,0x00,0x00,0x00,0x00,0x00,0x00,
    0x00,0x00,0x00,0x00,0x00,0x00,0x00,0x00,0x00,0x00,0x00,0x00,0x00,0x00,0x00,0x00,
    0x00,0x00,0x00,0x00,0x00,0x00,0x00,0x00,0x00,0x00,0x00,0x00,0x00,0x00,0x00,0x00,
    0x00,0x00,0x00,0x00,0x00,0x00,0x00,0x00,0x00,0x00,0x00,0x00,0x00,0x00,0x00,0x00,
    0x00,0x00,0x00,0x00,0x00,0x00,0x00,0x00,0x00,0x00,0x00,0x00,0x00,0x00,0x00,0x00,
    0x00,0x00,0x00,0x00,0x00,0x00,0x00,0x00,0x00,0x00,0x00,0x00,0x00,0x00,0x00,0x00,
    0x00,0x00,0x00,0x00,0x00,0x00,0x00,0x00,0x00,0x00,0x00,0x00,0x00,0x00,0x00,0x00,
    0x00,0x00,0x00,0x00,0x00,0x00,0x00,0x00,0x00,0x00,0x00,0x00,0x00,0x00,0x00,0x00,
    0x00,0x00,0x00,0x00,0x00,0x00,0x00,0x00,0x00,0x00,0x00,0x00,0x00,0x00,0x00,0x00,
    0x00,0x00,0x00,0x00,0x00,0x00,0x00,0x00,0x00,0x00,0x00,0x00,0x00,0x00,0x00,0x00,
    0x00,0x00,0x00,0x00,0x00,0x00,0x00,0x00,0x00,0x00,0x00,0x00,0x00,0x00,0x00,0x00,
    0x00,0x00,0x00,0x00,0x00,0x00,0x00,0x00,0x00,0x00,0x00,0x00,0x00,0x00,0x00,0x00,
    0x00,0x00,0x00,0x00,0x00,0x00,0x00,0x00,0x00,0x00,0x00,0x00,0x00,0x00,0x00,0x00,
    0x00,0x00,0x00,0x00,0x00,0x00,0x00,0x00,0x00,0x00,0x00,0x00,0x00,0x00,0x00,0x00,
    0x00,0x00,0x00,0x00,0x00,0x00,0x00,0x00,0x00,0x00,0x00,0x00,0x00,0x00,0x00,0x00,
    0x00,0x00,0x00,0x00,0x00,0x00,0x00,0x00,0x00,0x00,0x00,0x00,0x00,0x00,0x00,0x00,
    0x00,0x00,0x00,0x00,0x00,0x00,0x00,0x00,0x00,0x00,0x00,0x00,0x00,0x00,0x00,0x00,
    0x00,0x00,0x00,0x00,0x00,0x00,0x00,0x00,0x00,0x00,0x00,0x00,0x00,0x00,0x00,0x00,
    0x00,0x00,0x00,0x00,0x00,0x00,0x00,0x00,0x00,0x00,0x00,0x00,0x00,0x00,0x00,0x00,
    0x00,0x00,0x00,0x00,0x00,0x00,0x00,0x00,0x00,0x00,0x00,0x00,0x00,0x00,0x00,0x00,
    0x00,0x00,0x00,0x00,0x00,0x00,0x00,0x00,0x00,0x00,0x00,0x00,0x00,0x00,0x00,0x00,
    0x00,0x00,0x00,0x00,0x00,0x00,0x00,0x00,0x00,0x00,0x00,0x00,0x00,0x00,0x00,0x00,
    0x00,0x00,0x00,0x00,0x00,0x00,0x00,0x00,0x00,0x00,0x00,0x00,0x00,0x00,0x00,0x00,
    0x00,0x00,0x00,0x00,0x00,0x00,0x00,0x00,0x00,0x00,0x00,0x00,0x00,0x00,0x00,0x00,
    0x00,0x00,0x00,0x00,0x00,0x00,0x00,0x00,0x00,0x00,0x00,0x00,0x00,0x00,0x00,0x00,
    0x00,0x00,0x00,0x00,0x00,0x00,0x00,0x00,0x00,0x00,0x00,0x00,0x00,0x00,0x00,0x00,
    0x00,0x00,0x00,0x00,0x00,0x00,0x00,0x00,0x00,0x00,0x00,0x00,0x00,0x00,0x00,0x00,
    0x00,0x00,0x00,0x00,0x00,0x00,0x00,0x00,0x00,0x00,0x00,0x00,0x00,0x00,0x00,0x00,
    0x00,0x00,0x00,0x00,0x00,0x00,0x00,0x00,0x00,0x00,0x00,0x00,0x00,0x00,0x00,0x00,
    0x00,0x00,0x00,0x00,0x00,0x00,0x00,0x00,0x00,0x00,0x00,0x00,0x00,0x00,0x00,0x00,
    0x00,0x00,0x00,0x00,0x00,0x00,0x00,0x00,0x00,0x00,0x00,0x00,0x00,0x00,0x00,0x00,
    0x00,0x00,0x00,0x00,0x00,0x00,0x00,0x00,0x00,0x00,0x00,0x00,0x00,0x00,0x00,0x00,
    0x00,0x00,0x00,0x00,0x00,0x00,0x00,0x00,0x00,0x00,0x00,0x00,0x00,0x00,0x00,0x00,
    0x00,0x00,0x00,0x00,0x00,0x00,0x00,0x00,0x00,0x00,0x00,0x00,0x00,0x00,0x00,0x00,
    0x00,0x00,0x00,0x00,0x00,0x00,0x00,0x00,0x00,0x00,0x00,0x00,0x00,0x00,0x00,0x00,
    0x00,0x00,0x00,0x00,0x00,0x00,0x00,0x00,0x00,0x00,0x00,0x00,0x00,0x00,0x00,0x00,
    0x00,0x00,0x00,0x00,0x00,0x00,0x00,0x00,0x00,0x00,0x00,0x00,0x00,0x00,0x00,0x00,
    0x00,0x00,0x00,0x00,0x00,0x00,0x00,0x00,0x00,0x00,0x00,0x00,0x00,0x00,0x00,0x00,
    0x00,0x00,0x00,0x00,0x00,0x00,0x00,0x00,0x00,0x00,0x00,0x00,0x00,0x00,0x00,0x00,
    0x00,0x00,0x00,0x00,0x00,0x00,0x00,0x00,0x00,0x00,0x00,0x00,0x00,0x00,0x00,0x00,
    0x00,0x00,0x00,0x00,0x00,0x00,0x00,0x00,0x00,0x00,0x00,0x00,0x00,0x00,0x00,0x00,
    0x00,0x00,0x00,0x00,0x00,0x00,0x00,0x00,0x00,0x00,0x00,0x00,0x00,0x00,0x00,0x00,
    0x00,0x00,0x00,0x00,0x00,0x00,0x00,0x00,0x00,0x00,0x00,0x00,0x00,0x00,0x00,0x00,
    0x00,0x00,0x00,0x00,0x00,0x00,0x00,0x00,0x00,0x00,0x00,0x00,0x00,0x00,0x00,0x00,
    0x00,0x00,0x00,0x00,0x00,0x00,0x00,0x00,0x00,0x00,0x00,0x00,0x00,0x00,0x00,0x00,
    0x00,0x00,0x00,0x00,0x00,0x00,0x00,0x00,0x00,0x00,0x00,0x00,0x00,0x00,0x00,0x00,
    0x00,0x00,0x00,0x00,0x00,0x00,0x00,0x00,0x00,0x00,0x00,0x00,0x00,0x00,0x00,0x00,
    0x00,0x00,0x00,0x00,0x00,0x00,0x00,0x00,0x00,0x00,0x00,0x00,0x00,0x00,0x00,0x00,
    0x00,0x00,0x00,0x00,0x00,0x00,0x00,0x00,0x00,0x00,0x00,0x00,0x00,0x00,0x00,0x00,
    0x00,0x00,0x00,0x00,0x00,0x00,0x00,0x00,0x00,0x00,0x00,0x00,0x00,0x00,0x00,0x00,
    0x00,0x00,0x00,0x00,0x00,0x00,0x00,0x00,0x00,0x00,0x00,0x00,0x00,0x00,0x00,0x00,
    0x00,0x00,0x00,0x00,0x00,0x00,0x00,0x00,0x00,0x00,0x00,0x00,0x00,0x00,0x00,0x00,
    0x00,0x00,0x00,0x00,0x00,0x00,0x00,0x00,0x00,0x00,0x00,0x00,0x00,0x00,0x00,0x00,
    0x00,0x00,0x00,0x00,0x00,0x00,0x00,0x00,0x00,0x00,0x00,0x00,0x00,0x00,0x00,0x00,
    0x00,0x00,0x00,0x00,0x00,0x00,0x00,0x00,0x00,0x00,0x00,0x00,0x00,0x00,0x00,0x00,
    0x00,0x00,0x00,0x00,0x00,0x00,0x00,0x00,0x00,0x00,0x00,0x00,0x00,0x00,0x00,0x00,
    0x00,0x00,0x00,0x00,0x00,0x00,0x00,0x00,0x00,0x00,0x00,0x00,0x00,0x00,0x00,0x00,
    0x00,0x00,0x00,0x00,0x00,0x00,0x00,0x00,0x00,0x00,0x00,0x00,0x00,0x00,0x00,0x00,
    0x00,0x00,0x00,0x00,0x00,0x00,0x00,0x00,0x00,0x00,0x00,0x00,0x00,0x00,0x00,0x00,
    0x00,0x00,0x00,0x00,0x00,0x00,0x00,0x00,0x00,0x00,0x00,0x00,0x00,0x00,0x00,0x00,
    0x00,0x00,0x00,0x00,0x00,0x00,0x00,0x00,0x00,0x00,0x00,0x00,0x00,0x00,0x00,0x00,
    0x00,0x00,0x00,0x00,0x00,0x00,0x00,0x00,0x00,0x00,0x00,0x00,0x00,0x00,0x00,0x00,
    0x00,0x00,0x00,0x00,0x00,0x00,0x00,0x00,0x00,0x00,0x00,0x00,0x00,0x00,0x00,0x00,
    0x00,0x00,0x00,0x00,0x00,0x00,0x00,0x00,0x00,0x00,0x00,0x00,0x00,0x00,0x00,0x00,
    0x00,0x00,0x00,0x00,0x00,0x00,0x00,0x00,0x00,0x00,0x00,0x00,0x00,0x00,0x00,0x00,
    0x00,0x00,0x00,0x00,0x00,0x00,0x00,0x00,0x00,0x00,0x00,0x00,0x00,0x00,0x00,0x00,
    0x00,0x00,0x00,0x00,0x00,0x00,0x00,0x00,0x00,0x00,0x00,0x00,0x00,0x00,0x00,0x00,
    0x00,0x00,0x00,0x00,0x00,0x00,0x00,0x00,0x00,0x00,0x00,0x00,0x00,0x00,0x00,0x00,
    0x00,0x00,0x00,0x00,0x00,0x00,0x00,0x00,0x00,0x00,0x00,0x00,0x00,0x00,0x00,0x00,
    0x00,0x00,0x00,0x00,0x00,0x00,0x00,0x00,0xff,0x7f,0x00,0x02,0xff,0x7f,0x00,0x02,
    0xff,0x7f,0x00,0x02,0xff,0x7f,0x00,0x02,0xff,0x7f,0x00,0x02,0xff,0x7f,0x00,0x02,
    0xff,0x7f,0x00,0x02,0xff,0x7f,0x00,0x02,0xff,0x7f,0x00,0x02,0xff,0x7f,0x00,0x02,
    0xff,0x7f,0x00,0x02,0xff,0x7f,0x00,0x02,0xff,0x7f,0x00,0x02,0xff,0x7f,0x00,0x02,
    0xff,0x7f,0x00,0x02,0xff,0x7f,0x00,0x02,0xff,0x7f,0x00,0x02,0xff,0x7f,0x00,0x02,
    0xff,0x7f,0x00,0x02,0xff,0x7f,0x00,0x02,0xff,0x7f,0x00,0x02,0xff,0x7f,0x00,0x02,
    0xff,0x7f,0x00,0x02,0xff,0x7f,0x00,0x02,0xff,0x7f,0x00,0x02,0xff,0x7f,0x00,0x02,
    0xff,0x7f,0x00,0x02,0xff,0x7f,0x00,0x02,0x00,0x00,0x00,0x00,0x00,0x00,0x00,0x00,
    0x00,0x00,0x00,0x00,0x00,0x00,0x00,0x00,0x00,0x00,0x00,0x00,0x00,0x00,0x00,0x00,
    0x00,0x00,0x00,0x00,0x00,0x00,0x00,0x00,0x00,0x00,0x00,0x00,0x00,0x00,0x00,0x00,
    0x00,0x00,0x00,0x00,0x00,0x00,0x00,0x00,0x00,0x00,0x00,0x00,0x00,0x00,0x00,0x00,
    0x00,0x00,0x00,0x00,0x00,0x00,0x00,0x00,0x00,0x00,0x00,0x00,0x00,0x00,0x00,0x00,
    0x00,0x00,0x00,0x00,0x00,0x00,0x00,0x00,0x00,0x00,0x00,0x00,0x00,0x00,0x00,0x00,
    0x00,0x00,0x00,0x00,0x00,0x00,0x00,0x00,0x00,0x00,0x00,0x00,0x00,0x00,0x00,0x00,
    0x00,0x00,0x00,0x00,0x00,0x00,0x00,0x00,0x00,0x00,0x00,0x00,0x00,0x00,0x00,0x00,
    0x00,0x00,0x00,0x00,0x00,0x00,0x00,0x00,0x00,0x00,0x00,0x00,0x00,0x00,0x00,0x00,
    0x00,0x00,0x00,0x00,0x00,0x00,0x00,0x00,0x00,0x00,0x00,0x00,0x00,0x00,0x00,0x00,
    0x00,0x00,0x00,0x00,0x00,0x00,0x00,0x00,0x00,0x00,0x00,0x00,0x00,0x00,0x00,0x00,
    0x00,0x00,0x00,0x00,0x00,0x00,0x00,0x00,0x00,0x00,0x00,0x00,0x00,0x00,0x00,0x00,
    0x00,0x00,0x00,0x00,0x00,0x00,0x00,0x00,0x00,0x00,0x00,0x00,0x00,0x00,0x00,0x00,
    0x00,0x00,0x00,0x00,0x00,0x00,0x00,0x00,0x00,0x00,0x00,0x00,0x00,0x00,0x00,0x00,
    0x00,0x00,0x00,0x00,0x00,0x00,0x00,0x00,0x00,0x00,0x00,0x00,0x00,0x00,0x00,0x00,
    0x00,0x00,0x00,0x00,0x00,0x00,0x00,0x00,0x00,0x00,0x00,0x00,0x00,0x00,0x00,0x00,
    0x00,0x00,0x00,0x00,0x00,0x00,0x00,0x00,0x00,0x00,0x00,0x00,0x00,0x00,0x00,0x00,
    0x00,0x00,0x00,0x00,0x00,0x00,0x00,0x00,0x00,0x00,0x00,0x00,0x00,0x00,0x00,0x00,
    0x00,0x00,0x00,0x00,0x00,0x00,0x00,0x00,0x00,0x00,0x00,0x00,0x00,0x00,0x00,0x00,
    0x00,0x00,0x00,0x00,0x00,0x00,0x00,0x00,0x00,0x00,0x00,0x00,0x00,0x00,0x00,0x00,
    0x00,0x00,0x00,0x00,0x00,0x00,0x00,0x00,0x00,0x00,0x00,0x00,0x00,0x00,0x00,0x00,
    0x00,0x00,0x00,0x00,0x00,0x00,0x00,0x00,0x00,0x00,0x00,0x00,0x00,0x00,0x00,0x00,
    0x00,0x00,0x00,0x00,0x00,0x00,0x00,0x00,0x00,0x00,0x00,0x00,0x00,0x00,0x00,0x00,
    0x00,0x00,0x00,0x00,0x00,0x00,0x00,0x00,0x00,0x00,0x00,0x00,0x00,0x00,0x00,0x00,
    0x00,0x00,0x00,0x00,0x00,0x00,0x00,0x00,0x00,0x00,0x00,0x00,0x00,0x00,0x00,0x00,
    0x00,0x00,0x00,0x00,0x00,0x00,0x00,0x00,0x00,0x00,0x00,0x00,0x00,0x00,0x00,0x00,
    0x00,0x00,0x00,0x00,0x00,0x00,0x00,0x00,0x00,0x00,0x00,0x00,0x00,0x00,0x00,0x00,
    0x00,0x00,0x00,0x00,0x00,0x00,0x00,0x00,0x00,0x00,0x00,0x00,0x00,0x00,0x00,0x00,
    0x00,0x00,0x00,0x00,0x00,0x00,0x00,0x00,0x00,0x00,0x00,0x00,0x00,0x00,0x00,0x00,
    0x00,0x00,0x00,0x00,0x00,0x00,0x00,0x00,0x00,0x00,0x00,0x00,0x00,0x00,0x00,0x00,
    0x00,0x00,0x00,0x00,0x00,0x00,0x00,0x00,0x00,0x00,0x00,0x00,0x00,0x00,0x00,0x00,
    0x00,0x00,0x00,0x00,0x00,0x00,0x00,0x00,0x00,0x00,0x00,0x00,0x00,0x00,0x00,0x00,
    0x00,0x00,0x00,0x00,0x00,0x00,0x00,0x00,0x00,0x00,0x00,0x00,0x00,0x00,0x00,0x00,
    0x00,0x00,0x00,0x00,0xff,0x73,0x17,0x0b,0xff,0x78,0x18,0x35,0xff,0x78,0x18,0x35,
    0xff,0x78,0x18,0x35,0xff,0x78,0x18,0x35,0xff,0x78,0x18,0x35,0xff,0x78,0x18,0x35,
    0xff,0x78,0x18,0x35,0xff,0x78,0x18,0x35,0xff,0x78,0x18,0x35,0xff,0x78,0x18,0x35,
    0xff,0x78,0x18,0x35,0xff,0x78,0x18,0x35,0xff,0x78,0x18,0x35,0xff,0x78,0x18,0x35,
    0xff,0x78,0x18,0x35,0xff,0x78,0x18,0x35,0xff,0x78,0x18,0x35,0xff,0x78,0x18,0x35,
    0xff,0x78,0x18,0x35,0xff,0x78,0x18,0x35,0xff,0x78,0x18,0x35,0xff,0x78,0x18,0x35,
    0xff,0x78,0x18,0x35,0xff,0x78,0x18,0x35,0xff,0x78,0x18,0x35,0xff,0x78,0x18,0x35,
    0xff,0x78,0x18,0x35,0xff,0x78,0x18,0x35,0xff,0x73,0x17,0x0b,0x00,0x00,0x00,0x00,
    0x00,0x00,0x00,0x00,0x00,0x00,0x00,0x00,0x00,0x00,0x00,0x00,0x00,0x00,0x00,0x00,
    0x00,0x00,0x00,0x00,0x00,0x00,0x00,0x00,0x00,0x00,0x00,0x00,0x00,0x00,0x00,0x00,
    0x00,0x00,0x00,0x00,0x00,0x00,0x00,0x00,0x00,0x00,0x00,0x00,0x00,0x00,0x00,0x00,
    0x00,0x00,0x00,0x00,0x00,0x00,0x00,0x00,0x00,0x00,0x00,0x00,0x00,0x00,0x00,0x00,
    0x00,0x00,0x00,0x00,0x00,0x00,0x00,0x00,0x00,0x00,0x00,0x00,0x00,0x00,0x00,0x00,
    0x00,0x00,0x00,0x00,0x00,0x00,0x00,0x00,0x00,0x00,0x00,0x00,0x00,0x00,0x00,0x00,
    0x00,0x00,0x00,0x00,0x00,0x00,0x00,0x00,0x00,0x00,0x00,0x00,0x00,0x00,0x00,0x00,
    0x00,0x00,0x00,0x00,0x00,0x00,0x00,0x00,0x00,0x00,0x00,0x00,0x00,0x00,0x00,0x00,
    0x00,0x00,0x00,0x00,0x00,0x00,0x00,0x00,0x00,0x00,0x00,0x00,0x00,0x00,0x00,0x00,
    0x00,0x00,0x00,0x00,0x00,0x00,0x00,0x00,0x00,0x00,0x00,0x00,0x00,0x00,0x00,0x00,
    0x00,0x00,0x00,0x00,0x00,0x00,0x00,0x00,0x00,0x00,0x00,0x00,0x00,0x00,0x00,0x00,
    0x00,0x00,0x00,0x00,0x00,0x00,0x00,0x00,0x00,0x00,0x00,0x00,0xff,0x7f,0x00,0x02,
    0x00,0x00,0x00,0x00,0xff,0x78,0x13,0x35,0xff,0x7b,0x17,0xff,0xff,0x7b,0x17,0xff,
    0xff,0x7b,0x17,0xfe,0xff,0x7b,0x17,0xff,0xff,0x7b,0x17,0xff,0xff,0x7b,0x17,0xff,
    0xff,0x7b,0x17,0xff,0xff,0x7b,0x17,0xff,0xff,0x7b,0x17,0xff,0xff,0x7b,0x17,0xff,
    0xff,0x7b,0x17,0xff,0xff,0x7b,0x17,0xff,0xff,0x7b,0x17,0xff,0xff,0x7b,0x17,0xff,
    0xff,0x7b,0x17,0xff,0xff,0x7b,0x17,0xff,0xff,0x7b,0x17,0xff,0xff,0x7b,0x17,0xff,
    0xff,0x7b,0x17,0xff,0xff,0x7b,0x17,0xff,0xff,0x7b,0x17,0xff,0xff,0x7b,0x17,0xff,
    0xff,0x7b,0x17,0xff,0xff,0x7b,0x17,0xff,0xff,0x7b,0x17,0xff,0xff,0x7b,0x17,0xfe,
    0xff,0x7b,0x17,0xff,0xff,0x7b,0x17,0xff,0xff,0x7a,0x13,0x34,0x00,0x00,0x00,0x00,
    0xff,0x7f,0x00,0x02,0x00,0x00,0x00,0x00,0x00,0x00,0x00,0x00,0x00,0x00,0x00,0x00,
    0x00,0x00,0x00,0x00,0x00,0x00,0x00,0x00,0x00,0x00,0x00,0x00,0x00,0x00,0x00,0x00,
    0x00,0x00,0x00,0x00,0x00,0x00,0x00,0x00,0x00,0x00,0x00,0x00,0x00,0x00,0x00,0x00,
    0x00,0x00,0x00,0x00,0x00,0x00,0x00,0x00,0x00,0x00,0x00,0x00,0x00,0x00,0x00,0x00,
    0x00,0x00,0x00,0x00,0x00,0x00,0x00,0x00,0x00,0x00,0x00,0x00,0x00,0x00,0x00,0x00,
    0x00,0x00,0x00,0x00,0x00,0x00,0x00,0x00,0x00,0x00,0x00,0x00,0x00,0x00,0x00,0x00,
    0x00,0x00,0x00,0x00,0x00,0x00,0x00,0x00,0x00,0x00,0x00,0x00,0x00,0x00,0x00,0x00,
    0x00,0x00,0x00,0x00,0x00,0x00,0x00,0x00,0x00,0x00,0x00,0x00,0x00,0x00,0x00,0x00,
    0x00,0x00,0x00,0x00,0x00,0x00,0x00,0x00,0x00,0x00,0x00,0x00,0x00,0x00,0x00,0x00,
    0x00,0x00,0x00,0x00,0x00,0x00,0x00,0x00,0x00,0x00,0x00,0x00,0x00,0x00,0x00,0x00,
    0x00,0x00,0x00,0x00,0x00,0x00,0x00,0x00,0x00,0x00,0x00,0x00,0x00,0x00,0x00,0x00,
    0x00,0x00,0x00,0x00,0x00,0x00,0x00,0x00,0x00,0x00,0x00,0x00,0xff,0x7f,0x00,0x02,
    0x00,0x00,0x00,0x00,0xff,0x78,0x14,0x33,0xfe,0x77,0x16,0xfc,0xff,0x76,0x16,0xfe,
    0xfe,0x77,0x16,0xfc,0xff,0x76,0x16,0xfd,0xff,0x76,0x16,0xfd,0xff,0x76,0x16,0xfd,
    0xff,0x76,0x16,0xfd,0xff,0x76,0x16,0xfd,0xff,0x76,0x16,0xfd,0xff,0x76,0x16,0xfd,
    0xff,0x76,0x16,0xfd,0xff,0x76,0x16,0xfd,0xff,0x76,0x16,0xfd,0xff,0x76,0x16,0xfd,
    0xff,0x76,0x16,0xfd,0xff,0x76,0x16,0xfd,0xff,0x76,0x16,0xfd,0xff,0x76,0x16,0xfd,
    0xff,0x76,0x16,0xfd,0xff,0x76,0x16,0xfd,0xff,0x76,0x16,0xfd,0xff,0x76,0x16,0xfd,
    0xff,0x76,0x16,0xfd,0xff,0x76,0x16,0xfd,0xff,0x76,0x16,0xfd,0xfe,0x77,0x16,0xfc,
    0xff,0x76,0x16,0xfe,0xfe,0x77,0x16,0xfc,0xff,0x78,0x14,0x33,0x00,0x00,0x00,0x00,
    0xff,0x7f,0x00,0x02,0x00,0x00,0x00,0x00,0x00,0x00,0x00,0x00,0x00,0x00,0x00,0x00,
    0x00,0x00,0x00,0x00,0x00,0x00,0x00,0x00,0x00,0x00,0x00,0x00,0x00,0x00,0x00,0x00,
    0x00,0x00,0x00,0x00,0x00,0x00,0x00,0x00,0x00,0x00,0x00,0x00,0x00,0x00,0x00,0x00,
    0x00,0x00,0x00,0x00,0x00,0x00,0x00,0x00,0x00,0x00,0x00,0x00,0x00,0x00,0x00,0x00,
    0x00,0x00,0x00,0x00,0x00,0x00,0x00,0x00,0x00,0x00,0x00,0x00,0x00,0x00,0x00,0x00,
    0x00,0x00,0x00,0x00,0x00,0x00,0x00,0x00,0x00,0x00,0x00,0x00,0x00,0x00,0x00,0x00,
    0x00,0x00,0x00,0x00,0x00,0x00,0x00,0x00,0x00,0x00,0x00,0x00,0x00,0x00,0x00,0x00,
    0x00,0x00,0x00,0x00,0x00,0x00,0x00,0x00,0x00,0x00,0x00,0x00,0x00,0x00,0x00,0x00,
    0x00,0x00,0x00,0x00,0x00,0x00,0x00,0x00,0x00,0x00,0x00,0x00,0x00,0x00,0x00,0x00,
    0x00,0x00,0x00,0x00,0x00,0x00,0x00,0x00,0x00,0x00,0x00,0x00,0x00,0x00,0x00,0x00,
    0x00,0x00,0x00,0x00,0x00,0x00,0x00,0x00,0x00,0x00,0x00,0x00,0x00,0x00,0x00,0x00,
    0x00,0x00,0x00,0x00,0x00,0x00,0x00,0x00,0x00,0x00,0x00,0x00,0xff,0x7f,0x00,0x02,
    0x00,0x00,0x00,0x00,0xff,0x78,0x14,0x33,0xff,0x76,0x16,0xfe,0xff,0x77,0x16,0xff,
    0xff,0x77,0x16,0xfe,0xff,0x77,0x16,0xff,0xff,0x77,0x16,0xfe,0xfe,0x77,0x16,0xfc,
    0xfe,0x77,0x16,0xfc,0xfe,0x77,0x16,0xfc,0xfe,0x77,0x16,0xfc,0xfe,0x77,0x16,0xfc,
    0xfe,0x77,0x16,0xfc,0xfe,0x77,0x16,0xfc,0xfe,0x77,0x16,0xfc,0xfe,0x77,0x16,0xfc,
    0xfe,0x77,0x16,0xfc,0xfe,0x77,0x16,0xfc,0xfe,0x77,0x16,0xfc,0xfe,0x77,0x16,0xfc,
    0xfe,0x77,0x16,0xfc,0xfe,0x77,0x16,0xfc,0xfe,0x77,0x16,0xfc,0xfe,0x77,0x16,0xfc,
    0xfe,0x77,0x16,0xfc,0xff,0x77,0x16,0xfe,0xff,0x77,0x16,0xff,0xff,0x77,0x16,0xfe,
    0xff,0x77,0x16,0xff,0xff,0x76,0x16,0xfe,0xff,0x78,0x14,0x33,0x00,0x00,0x00,0x00,
    0xff,0x7f,0x00,0x02,0x00,0x00,0x00,0x00,0x00,0x00,0x00,0x00,0x00,0x00,0x00,0x00,
    0x00,0x00,0x00,0x00,0x00,0x00,0x00,0x00,0x00,0x00,0x00,0x00,0x00,0x00,0x00,0x00,
    0x00,0x00,0x00,0x00,0x00,0x00,0x00,0x00,0x00,0x00,0x00,0x00,0x00,0x00,0x00,0x00,
    0x00,0x00,0x00,0x00,0x00,0x00,0x00,0x00,0x00,0x00,0x00,0x00,0x00,0x00,0x00,0x00,
    0x00,0x00,0x00,0x00,0x00,0x00,0x00,0x00,0x00,0x00,0x00,0x00,0x00,0x00,0x00,0x00,
    0x00,0x00,0x00,0x00,0x00,0x00,0x00,0x00,0x00,0x00,0x00,0x00,0x00,0x00,0x00,0x00,
    0x00,0x00,0x00,0x00,0x00,0x00,0x00,0x00,0x00,0x00,0x00,0x00,0x00,0x00,0x00,0x00,
    0x00,0x00,0x00,0x00,0x00,0x00,0x00,0x00,0x00,0x00,0x00,0x00,0x00,0x00,0x00,0x00,
    0x00,0x00,0x00,0x00,0x00,0x00,0x00,0x00,0x00,0x00,0x00,0x00,0x00,0x00,0x00,0x00,
    0x00,0x00,0x00,0x00,0x00,0x00,0x00,0x00,0x00,0x00,0x00,0x00,0x00,0x00,0x00,0x00,
    0x00,0x00,0x00,0x00,0x00,0x00,0x00,0x00,0x00,0x00,0x00,0x00,0x00,0x00,0x00,0x00,
    0x00,0x00,0x00,0x00,0x00,0x00,0x00,0x00,0x00,0x00,0x00,0x00,0xff,0x7f,0x00,0x02,
    0x00,0x00,0x00,0x00,0xff,0x78,0x14,0x33,0xff,0x76,0x16,0xfe,0xff,0x77,0x16,0xff,
    0xff,0x77,0x16,0xfe,0xff,0x77,0x16,0xff,0xff,0x78,0x16,0xff,0xff,0x7c,0x17,0xff,
    0xff,0x7c,0x17,0xff,0xff,0x7c,0x17,0xff,0xff,0x7c,0x17,0xff,0xff,0x7c,0x17,0xff,
    0xff,0x7c,0x17,0xff,0xff,0x7c,0x17,0xff,0xff,0x7c,0x17,0xff,0xff,0x7c,0x17,0xff,
    0xff,0x7c,0x17,0xff,0xff,0x7c,0x17,0xff,0xff,0x7c,0x17,0xff,0xff,0x7c,0x17,0xff,
    0xff,0x7c,0x17,0xff,0xff,0x7c,0x17,0xff,0xff,0x7c,0x17,0xff,0xff,0x7c,0x17,0xff,
    0xff,0x7c,0x17,0xff,0xff,0x78,0x16,0xff,0xff,0x77,0x16,0xff,0xff,0x77,0x16,0xfe,
    0xff,0x77,0x16,0xff,0xff,0x76,0x16,0xfe,0xff,0x78,0x14,0x33,0x00,0x00,0x00,0x00,
    0xff,0x7f,0x00,0x02,0x00,0x00,0x00,0x00,0x00,0x00,0x00,0x00,0x00,0x00,0x00,0x00,
    0x00,0x00,0x00,0x00,0x00,0x00,0x00,0x00,0x00,0x00,0x00,0x00,0x00,0x00,0x00,0x00,
    0x00,0x00,0x00,0x00,0x00,0x00,0x00,0x00,0x00,0x00,0x00,0x00,0x00,0x00,0x00,0x00,
    0x00,0x00,0x00,0x00,0x00,0x00,0x00,0x00,0x00,0x00,0x00,0x00,0x00,0x00,0x00,0x00,
    0x00,0x00,0x00,0x00,0x00,0x00,0x00,0x00,0x00,0x00,0x00,0x00,0x00,0x00,0x00,0x00,
    0x00,0x00,0x00,0x00,0x00,0x00,0x00,0x00,0x00,0x00,0x00,0x00,0x00,0x00,0x00,0x00,
    0x00,0x00,0x00,0x00,0x00,0x00,0x00,0x00,0x00,0x00,0x00,0x00,0x00,0x00,0x00,0x00,
    0x00,0x00,0x00,0x00,0x00,0x00,0x00,0x00,0x00,0x00,0x00,0x00,0x00,0x00,0x00,0x00,
    0x00,0x00,0x00,0x00,0x00,0x00,0x00,0x00,0x00,0x00,0x00,0x00,0x00,0x00,0x00,0x00,
    0x00,0x00,0x00,0x00,0x00,0x00,0x00,0x00,0x00,0x00,0x00,0x00,0x00,0x00,0x00,0x00,
    0x00,0x00,0x00,0x00,0x00,0x00,0x00,0x00,0x00,0x00,0x00,0x00,0x00,0x00,0x00,0x00,
    0x00,0x00,0x00,0x00,0x00,0x00,0x00,0x00,0x00,0x00,0x00,0x00,0xff,0x7f,0x00,0x02,
    0x00,0x00,0x00,0x00,0xff,0x78,0x14,0x33,0xff,0x76,0x16,0xfe,0xff,0x77,0x16,0xff,
    0xff,0x76,0x16,0xfe,0xff,0x78,0x16,0xff,0xff,0x77,0x15,0xf4,0xff,0x76,0x16,0xc4,
    0xfe,0x77,0x16,0xc5,0xfe,0x77,0x16,0xc5,0xfe,0x77,0x16,0xc5,0xfe,0x77,0x16,0xc5,
    0xfe,0x77,0x16,0xc5,0xfe,0x77,0x16,0xc5,0xfe,0x77,0x16,0xc5,0xfe,0x77,0x16,0xc5,
    0xfe,0x77,0x16,0xc5,0xfe,0x77,0x16,0xc5,0xfe,0x77,0x16,0xc5,0xfe,0x77,0x16,0xc5,
    0xfe,0x77,0x16,0xc5,0xfe,0x77,0x16,0xc5,0xfe,0x77,0x16,0xc5,0xfe,0x77,0x16,0xc5,
    0xff,0x76,0x16,0xc4,0xff,0x77,0x15,0xf4,0xff,0x78,0x16,0xff,0xff,0x76,0x16,0xfe,
    0xff,0x77,0x16,0xff,0xff,0x76,0x16,0xfe,0xff,0x78,0x14,0x33,0x00,0x00,0x00,0x00,
    0xff,0x7f,0x00,0x02,0x00,0x00,0x00,0x00,0x00,0x00,0x00,0x00,0x00,0x00,0x00,0x00,
    0x00,0x00,0x00,0x00,0x00,0x00,0x00,0x00,0x00,0x00,0x00,0x00,0x00,0x00,0x00,0x00,
    0x00,0x00,0x00,0x00,0x00,0x00,0x00,0x00,0x00,0x00,0x00,0x00,0x00,0x00,0x00,0x00,
    0x00,0x00,0x00,0x00,0x00,0x00,0x00,0x00,0x00,0x00,0x00,0x00,0x00,0x00,0x00,0x00,
    0x00,0x00,0x00,0x00,0x00,0x00,0x00,0x00,0x00,0x00,0x00,0x00,0x00,0x00,0x00,0x00,
    0x00,0x00,0x00,0x00,0x00,0x00,0x00,0x00,0x00,0x00,0x00,0x00,0x00,0x00,0x00,0x00,
    0x00,0x00,0x00,0x00,0x00,0x00,0x00,0x00,0x00,0x00,0x00,0x00,0x00,0x00,0x00,0x00,
    0x00,0x00,0x00,0x00,0x00,0x00,0x00,0x00,0x00,0x00,0x00,0x00,0x00,0x00,0x00,0x00,
    0x00,0x00,0x00,0x00,0x00,0x00,0x00,0x00,0x00,0x00,0x00,0x00,0x00,0x00,0x00,0x00,
    0x00,0x00,0x00,0x00,0x00,0x00,0x00,0x00,0x00,0x00,0x00,0x00,0x00,0x00,0x00,0x00,
    0x00,0x00,0x00,0x00,0x00,0x00,0x00,0x00,0x00,0x00,0x00,0x00,0x00,0x00,0x00,0x00,
    0x00,0x00,0x00,0x00,0x00,0x00,0x00,0x00,0x00,0x00,0x00,0x00,0xff,0x7f,0x00,0x02,
    0x00,0x00,0x00,0x00,0xff,0x78,0x14,0x33,0xff,0x76,0x16,0xfe,0xff,0x77,0x16,0xff,
    0xfe,0x77,0x16,0xfc,0xff,0x7c,0x17,0xff,0xfe,0x76,0x14,0xcf,0x00,0x00,0x00,0x00,
    0xff,0x00,0x00,0x01,0x00,0x00,0x00,0x00,0x00,0x00,0x00,0x00,0x00,0x00,0x00,0x00,
    0x00,0x00,0x00,0x00,0x00,0x00,0x00,0x00,0x00,0x00,0x00,0x00,0x00,0x00,0x00,0x00,
    0x00,0x00,0x00,0x00,0x00,0x00,0x00,0x00,0x00,0x00,0x00,0x00,0x00,0x00,0x00,0x00,
    0x00,0x00,0x00,0x00,0x00,0x00,0x00,0x00,0x00,0x00,0x00,0x00,0xff,0x00,0x00,0x01,
    0x00,0x00,0x00,0x00,0xfe,0x76,0x16,0xcf,0xff,0x7c,0x17,0xff,0xfe,0x77,0x16,0xfc,
    0xff,0x77,0x16,0xff,0xff,0x76,0x16,0xfe,0xff,0x78,0x14,0x33,0x00,0x00,0x00,0x00,
    0xff,0x7f,0x00,0x02,0x00,0x00,0x00,0x00,0x00,0x00,0x00,0x00,0x00,0x00,0x00,0x00,
    0x00,0x00,0x00,0x00,0x00,0x00,0x00,0x00,0x00,0x00,0x00,0x00,0x00,0x00,0x00,0x00,
    0x00,0x00,0x00,0x00,0x00,0x00,0x00,0x00,0x00,0x00,0x00,0x00,0x00,0x00,0x00,0x00,
    0x00,0x00,0x00,0x00,0x00,0x00,0x00,0x00,0x00,0x00,0x00,0x00,0x00,0x00,0x00,0x00,
    0x00,0x00,0x00,0x00,0x00,0x00,0x00,0x00,0x00,0x00,0x00,0x00,0x00,0x00,0x00,0x00,
    0x00,0x00,0x00,0x00,0x00,0x00,0x00,0x00,0x00,0x00,0x00,0x00,0x00,0x00,0x00,0x00,
    0x00,0x00,0x00,0x00,0x00,0x00,0x00,0x00,0x00,0x00,0x00,0x00,0x00,0x00,0x00,0x00,
    0x00,0x00,0x00,0x00,0x00,0x00,0x00,0x00,0x00,0x00,0x00,0x00,0x00,0x00,0x00,0x00,
    0x00,0x00,0x00,0x00,0x00,0x00,0x00,0x00,0x00,0x00,0x00,0x00,0x00,0x00,0x00,0x00,
    0x00,0x00,0x00,0x00,0x00,0x00,0x00,0x00,0x00,0x00,0x00,0x00,0x00,0x00,0x00,0x00,
    0x00,0x00,0x00,0x00,0x00,0x00,0x00,0x00,0x00,0x00,0x00,0x00,0x00,0x00,0x00,0x00,
    0x00,0x00,0x00,0x00,0x00,0x00,0x00,0x00,0x00,0x00,0x00,0x00,0xff,0x7f,0x00,0x02,
    0x00,0x00,0x00,0x00,0xff,0x78,0x14,0x33,0xff,0x76,0x16,0xfe,0xff,0x77,0x16,0xff,
    0xfe,0x77,0x16,0xfc,0xff,0x7c,0x17,0xff,0xfe,0x76,0x14,0xcf,0x00,0x00,0x00,0x00,
    0xff,0x00,0x00,0x01,0x00,0x00,0x00,0x00,0x00,0x00,0x00,0x00,0x00,0x00,0x00,0x00,
    0x00,0x00,0x00,0x00,0x00,0x00,0x00,0x00,0x00,0x00,0x00,0x00,0x00,0x00,0x00,0x00,
    0x00,0x00,0x00,0x00,0x00,0x00,0x00,0x00,0x00,0x00,0x00,0x00,0x00,0x00,0x00,0x00,
    0x00,0x00,0x00,0x00,0x00,0x00,0x00,0x00,0x00,0x00,0x00,0x00,0xff,0x00,0x00,0x01,
    0x00,0x00,0x00,0x00,0xfe,0x77,0x16,0xcf,0xff,0x7c,0x17,0xff,0xfe,0x77,0x16,0xfc,
    0xff,0x77,0x16,0xff,0xff,0x76,0x16,0xfe,0xff,0x78,0x14,0x33,0x00,0x00,0x00,0x00,
    0xff,0x7f,0x00,0x02,0x00,0x00,0x00,0x00,0x00,0x00,0x00,0x00,0x00,0x00,0x00,0x00,
    0x00,0x00,0x00,0x00,0x00,0x00,0x00,0x00,0x00,0x00,0x00,0x00,0x00,0x00,0x00,0x00,
    0x00,0x00,0x00,0x00,0x00,0x00,0x00,0x00,0x00,0x00,0x00,0x00,0x00,0x00,0x00,0x00,
    0x00,0x00,0x00,0x00,0x00,0x00,0x00,0x00,0x00,0x00,0x00,0x00,0x00,0x00,0x00,0x00,
    0x00,0x00,0x00,0x00,0x00,0x00,0x00,0x00,0x00,0x00,0x00,0x00,0x00,0x00,0x00,0x00,
    0x00,0x00,0x00,0x00,0x00,0x00,0x00,0x00,0x00,0x00,0x00,0x00,0x00,0x00,0x00,0x00,
    0x00,0x00,0x00,0x00,0x00,0x00,0x00,0x00,0x00,0x00,0x00,0x00,0x00,0x00,0x00,0x00,
    0x00,0x00,0x00,0x00,0x00,0x00,0x00,0x00,0x00,0x00,0x00,0x00,0x00,0x00,0x00,0x00,
    0x00,0x00,0x00,0x00,0x00,0x00,0x00,0x00,0x00,0x00,0x00,0x00,0x00,0x00,0x00,0x00,
    0x00,0x00,0x00,0x00,0x00,0x00,0x00,0x00,0x00,0x00,0x00,0x00,0x00,0x00,0x00,0x00,
    0x00,0x00,0x00,0x00,0x00,0x00,0x00,0x00,0x00,0x00,0x00,0x00,0x00,0x00,0x00,0x00,
    0x00,0x00,0x00,0x00,0x00,0x00,0x00,0x00,0x00,0x00,0x00,0x00,0xff,0x7f,0x00,0x02,
    0x00,0x00,0x00,0x00,0xff,0x78,0x14,0x33,0xff,0x76,0x16,0xfe,0xff,0x77,0x16,0xff,
    0xfe,0x77,0x16,0xfc,0xff,0x7c,0x17,0xff,0xfe,0x76,0x14,0xcf,0x00,0x00,0x00,0x00,
    0xff,0x00,0x00,0x02,0xff,0x00,0x00,0x01,0xff,0x00,0x00,0x01,0xff,0x00,0x00,0x01,
    0xff,0x00,0x00,0x01,0xff,0x00,0x00,0x01,0xff,0x00,0x00,0x01,0xff,0x00,0x00,0x01,
    0xff,0x00,0x00,0x01,0xff,0x00,0x00,0x01,0xff,0x00,0x00,0x01,0xff,0x00,0x00,0x01,
    0xff,0x00,0x00,0x01,0xff,0x00,0x00,0x01,0xff,0x00,0x00,0x01,0xff,0x00,0x00,0x02,
    0x00,0x00,0x00,0x00,0xfe,0x77,0x16,0xcf,0xff,0x7c,0x17,0xff,0xfe,0x77,0x16,0xfc,
    0xff,0x77,0x16,0xff,0xff,0x76,0x16,0xfe,0xff,0x78,0x14,0x33,0x00,0x00,0x00,0x00,
    0xff,0x7f,0x00,0x02,0x00,0x00,0x00,0x00,0x00,0x00,0x00,0x00,0x00,0x00,0x00,0x00,
    0x00,0x00,0x00,0x00,0x00,0x00,0x00,0x00,0x00,0x00,0x00,0x00,0x00,0x00,0x00,0x00,
    0x00,0x00,0x00,0x00,0x00,0x00,0x00,0x00,0x00,0x00,0x00,0x00,0x00,0x00,0x00,0x00,
    0x00,0x00,0x00,0x00,0x00,0x00,0x00,0x00,0x00,0x00,0x00,0x00,0x00,0x00,0x00,0x00,
    0x00,0x00,0x00,0x00,0x00,0x00,0x00,0x00,0x00,0x00,0x00,0x00,0x00,0x00,0x00,0x00,
    0x00,0x00,0x00,0x00,0x00,0x00,0x00,0x00,0x00,0x00,0x00,0x00,0x00,0x00,0x00,0x00,
    0x00,0x00,0x00,0x00,0x00,0x00,0x00,0x00,0x00,0x00,0x00,0x00,0x00,0x00,0x00,0x00,
    0x00,0x00,0x00,0x00,0x00,0x00,0x00,0x00,0x00,0x00,0x00,0x00,0x00,0x00,0x00,0x00,
    0x00,0x00,0x00,0x00,0x00,0x00,0x00,0x00,0x00,0x00,0x00,0x00,0x00,0x00,0x00,0x00,
    0x00,0x00,0x00,0x00,0x00,0x00,0x00,0x00,0x00,0x00,0x00,0x00,0x00,0x00,0x00,0x00,
    0x00,0x00,0x00,0x00,0x00,0x00,0x00,0x00,0x00,0x00,0x00,0x00,0x00,0x00,0x00,0x00,
    0x00,0x00,0x00,0x00,0x00,0x00,0x00,0x00,0x00,0x00,0x00,0x00,0xff,0x7f,0x00,0x02,
    0x00,0x00,0x00,0x00,0xff,0x78,0x14,0x33,0xff,0x76,0x16,0xfe,0xff,0x77,0x16,0xff,
    0xfe,0x77,0x16,0xfc,0xff,0x7c,0x17,0xff,0xfe,0x76,0x14,0xcf,0x00,0x00,0x00,0x00,
    0xff,0x00,0x00,0x01,0x00,0x00,0x00,0x00,0x00,0x00,0x00,0x00,0x00,0x00,0x00,0x00,
    0x00,0x00,0x00,0x00,0x00,0x00,0x00,0x00,0x00,0x00,0x00,0x00,0x00,0x00,0x00,0x00,
    0x00,0x00,0x00,0x00,0x00,0x00,0x00,0x00,0x00,0x00,0x00,0x00,0x00,0x00,0x00,0x00,
    0x00,0x00,0x00,0x00,0x00,0x00,0x00,0x00,0x00,0x00,0x00,0x00,0xff,0x00,0x00,0x01,
    0x00,0x00,0x00,0x00,0xfe,0x77,0x16,0xcf,0xff,0x7c,0x17,0xff,0xfe,0x77,0x16,0xfc,
    0xff,0x77,0x16,0xff,0xff,0x76,0x16,0xfe,0xff,0x78,0x14,0x33,0x00,0x00,0x00,0x00,
    0xff,0x7f,0x00,0x02,0x00,0x00,0x00,0x00,0x00,0x00,0x00,0x00,0x00,0x00,0x00,0x00,
    0x00,0x00,0x00,0x00,0x00,0x00,0x00,0x00,0x00,0x00,0x00,0x00,0x00,0x00,0x00,0x00,
    0x00,0x00,0x00,0x00,0x00,0x00,0x00,0x00,0x00,0x00,0x00,0x00,0x00,0x00,0x00,0x00,
    0x00,0x00,0x00,0x00,0x00,0x00,0x00,0x00,0x00,0x00,0x00,0x00,0x00,0x00,0x00,0x00,
    0x00,0x00,0x00,0x00,0x00,0x00,0x00,0x00,0x00,0x00,0x00,0x00,0x00,0x00,0x00,0x00,
    0x00,0x00,0x00,0x00,0x00,0x00,0x00,0x00,0x00,0x00,0x00,0x00,0x00,0x00,0x00,0x00,
    0x00,0x00,0x00,0x00,0x00,0x00,0x00,0x00,0x00,0x00,0x00,0x00,0x00,0x00,0x00,0x00,
    0x00,0x00,0x00,0x00,0x00,0x00,0x00,0x00,0x00,0x00,0x00,0x00,0x00,0x00,0x00,0x00,
    0x00,0x00,0x00,0x00,0x00,0x00,0x00,0x00,0xff,0x00,0x00,0x01,0xff,0x7f,0x00,0x04,
    0xff,0x7f,0x00,0x04,0xff,0x7f,0x00,0x04,0xff,0x7f,0x00,0x04,0xff,0x7f,0x00,0x04,
    0xff,0x7f,0x00,0x04,0xff,0x7f,0x00,0x04,0xff,0x7f,0x00,0x04,0xff,0x7f,0x00,0x04,
    0xff,0x7f,0x00,0x04,0xff,0x7f,0x00,0x04,0xff,0x7f,0x00,0x04,0xff,0x7f,0x00,0x06,
    0x00,0x00,0x00,0x00,0xff,0x76,0x12,0x36,0xff,0x76,0x16,0xfe,0xff,0x77,0x16,0xff,
    0xfe,0x77,0x16,0xfc,0xff,0x7c,0x17,0xff,0xff,0x76,0x14,0xd0,0x00,0x00,0x00,0x00,
    0xff,0x66,0x00,0x05,0xff,0x7f,0x00,0x04,0xff,0x7f,0x00,0x04,0xff,0x7f,0x00,0x04,
    0xff,0x7f,0x00,0x04,0xff,0x7f,0x00,0x04,0xff,0x7f,0x00,0x04,0xff,0x7f,0x00,0x04,
    0xff,0x7f,0x00,0x04,0xff,0x7f,0x00,0x04,0xff,0x7f,0x00,0x04,0xff,0x7f,0x00,0x04,
    0xff,0x7f,0x00,0x04,0xff,0x7f,0x00,0x04,0xff,0x7f,0x00,0x04,0xff,0x66,0x00,0x05,
    0x00,0x00,0x00,0x00,0xff,0x76,0x16,0xd0,0xff,0x7c,0x17,0xff,0xfe,0x77,0x16,0xfc,
    0xff,0x77,0x16,0xff,0xff,0x76,0x16,0xfe,0xff,0x76,0x12,0x36,0x00,0x00,0x00,0x00,
    0xff,0x7f,0x00,0x06,0xff,0x7f,0x00,0x04,0xff,0x7f,0x00,0x04,0xff,0x7f,0x00,0x04,
    0xff,0x7f,0x00,0x04,0xff,0x7f,0x00,0x04,0xff,0x7f,0x00,0x04,0xff,0x7f,0x00,0x04,
    0xff,0x7f,0x00,0x04,0xff,0x7f,0x00,0x04,0xff,0x7f,0x00,0x04,0xff,0x7f,0x00,0x04,
    0xff,0x7f,0x00,0x04,0xff,0x00,0x00,0x01,0x00,0x00,0x00,0x00,0x00,0x00,0x00,0x00,
    0x00,0x00,0x00,0x00,0x00,0x00,0x00,0x00,0x00,0x00,0x00,0x00,0x00,0x00,0x00,0x00,
    0x00,0x00,0x00,0x00,0x00,0x00,0x00,0x00,0x00,0x00,0x00,0x00,0x00,0x00,0x00,0x00,
    0x00,0x00,0x00,0x00,0x00,0x00,0x00,0x00,0x00,0x00,0x00,0x00,0x00,0x00,0x00,0x00,
    0x00,0x00,0x00,0x00,0x00,0x00,0x00,0x00,0x00,0x00,0x00,0x00,0x00,0x00,0x00,0x00,
    0x00,0x00,0x00,0x00,0x00,0x00,0x00,0x00,0x00,0x00,0x00,0x00,0x00,0x00,0x00,0x00,
    0x00,0x00,0x00,0x00,0x00,0x00,0x00,0x00,0x00,0x00,0x00,0x00,0x00,0x00,0x00,0x00,
    0x00,0x00,0x00,0x00,0x00,0x00,0x00,0x00,0x00,0x00,0x00,0x00,0x00,0x00,0x00,0x00,
    0x00,0x00,0x00,0x00,0x00,0x00,0x00,0x00,0x00,0x00,0x00,0x00,0xff,0x7f,0x00,0x02,
    0x00,0x00,0x00,0x00,0xff,0x74,0x15,0x30,0xff,0x76,0x16,0xfd,0xff,0x77,0x16,0xff,
    0xfe,0x76,0x16,0xfc,0xff,0x7c,0x17,0xff,0xff,0x77,0x15,0xcb,0x00,0x00,0x00,0x00,
    0xff,0x7f,0x00,0x02,0x00,0x00,0x00,0x00,0x00,0x00,0x00,0x00,0x00,0x00,0x00,0x00,
    0x00,0x00,0x00,0x00,0x00,0x00,0x00,0x00,0x00,0x00,0x00,0x00,0x00,0x00,0x00,0x00,
    0x00,0x00,0x00,0x00,0x00,0x00,0x00,0x00,0x00,0x00,0x00,0x00,0x00,0x00,0x00,0x00,
    0x00,0x00,0x00,0x00,0x00,0x00,0x00,0x00,0x00,0x00,0x00,0x00,0xff,0xff,0x00,0x01,
    0x00,0x00,0x00,0x00,0xff,0x77,0x15,0xcb,0xff,0x7c,0x17,0xff,0xfe,0x76,0x16,0xfc,
    0xff,0x77,0x16,0xff,0xff,0x76,0x16,0xfd,0xff,0x74,0x15,0x30,0x00,0x00,0x00,0x00,
    0xff,0x7f,0x00,0x02,0x00,0x00,0x00,0x00,0x00,0x00,0x00,0x00,0x00,0x00,0x00,0x00,
    0x00,0x00,0x00,0x00,0x00,0x00,0x00,0x00,0x00,0x00,0x00,0x00,0x00,0x00,0x00,0x00,
    0x00,0x00,0x00,0x00,0x00,0x00,0x00,0x00,0x00,0x00,0x00,0x00,0x00,0x00,0x00,0x00,
    0x00,0x00,0x00,0x00,0x00,0x00,0x00,0x00,0x00,0x00,0x00,0x00,0x00,0x00,0x00,0x00,
    0x00,0x00,0x00,0x00,0x00,0x00,0x00,0x00,0x00,0x00,0x00,0x00,0x00,0x00,0x00,0x00,
    0x00,0x00,0x00,0x00,0x00,0x00,0x00,0x00,0x00,0x00,0x00,0x00,0x00,0x00,0x00,0x00,
    0x00,0x00,0x00,0x00,0x00,0x00,0x00,0x00,0x00,0x00,0x00,0x00,0x00,0x00,0x00,0x00,
    0x00,0x00,0x00,0x00,0x00,0x00,0x00,0x00,0x00,0x00,0x00,0x00,0x00,0x00,0x00,0x00,
    0xff,0xff,0x00,0x01,0x00,0x00,0x00,0x00,0xff,0x74,0x15,0x18,0xff,0x74,0x13,0x83,
    0xff,0x74,0x13,0x81,0xff,0x74,0x13,0x81,0xff,0x74,0x13,0x81,0xff,0x74,0x13,0x81,
    0xff,0x74,0x13,0x81,0xff,0x74,0x13,0x81,0xff,0x74,0x13,0x81,0xff,0x74,0x13,0x81,
    0xff,0x74,0x13,0x81,0xff,0x74,0x13,0x81,0xff,0x74,0x13,0x81,0xff,0x75,0x13,0x82,
    0xff,0x75,0x14,0x7c,0xff,0x75,0x13,0x9a,0xff,0x77,0x16,0xfe,0xff,0x77,0x16,0xff,
    0xff,0x76,0x16,0xfd,0xff,0x79,0x16,0xff,0xff,0x77,0x16,0xe7,0xff,0x74,0x14,0x7f,
    0xff,0x74,0x13,0x81,0xff,0x74,0x13,0x81,0xff,0x74,0x13,0x81,0xff,0x74,0x13,0x81,
    0xff,0x74,0x13,0x81,0xff,0x74,0x13,0x81,0xff,0x74,0x13,0x81,0xff,0x74,0x13,0x81,
    0xff,0x74,0x13,0x81,0xff,0x74,0x13,0x81,0xff,0x74,0x13,0x81,0xff,0x74,0x13,0x81,
    0xff,0x74,0x13,0x81,0xff,0x74,0x13,0x81,0xff,0x74,0x13,0x81,0xff,0x74,0x13,0x81,
    0xff,0x74,0x14,0x7f,0xff,0x77,0x16,0xe7,0xff,0x79,0x16,0xff,0xff,0x76,0x16,0xfd,
    0xff,0x77,0x16,0xff,0xff,0x77,0x16,0xfe,0xff,0x75,0x13,0x9a,0xff,0x75,0x14,0x7c,
    0xff,0x75,0x13,0x82,0xff,0x74,0x13,0x81,0xff,0x74,0x13,0x81,0xff,0x74,0x13,0x81,
    0xff,0x74,0x13,0x81,0xff,0x74,0x13,0x81,0xff,0x74,0x13,0x81,0xff,0x74,0x13,0x81,
    0xff,0x74,0x13,0x81,0xff,0x74,0x13,0x81,0xff,0x74,0x13,0x81,0xff,0x74,0x13,0x81,
    0xff,0x74,0x13,0x83,0xff,0x74,0x15,0x18,0x00,0x00,0x00,0x00,0xff,0xff,0x00,0x01,
    0x00,0x00,0x00,0x00,0x00,0x00,0x00,0x00,0x00,0x00,0x00,0x00,0x00,0x00,0x00,0x00,
    0x00,0x00,0x00,0x00,0x00,0x00,0x00,0x00,0x00,0x00,0x00,0x00,0x00,0x00,0x00,0x00,
    0x00,0x00,0x00,0x00,0x00,0x00,0x00,0x00,0x00,0x00,0x00,0x00,0x00,0x00,0x00,0x00,
    0x00,0x00,0x00,0x00,0x00,0x00,0x00,0x00,0x00,0x00,0x00,0x00,0x00,0x00,0x00,0x00,
    0xff,0x7f,0x00,0x02,0x00,0x00,0x00,0x00,0xff,0x70,0x13,0x34,0xff,0x81,0x17,0xff,
    0xff,0x80,0x17,0xfd,0xff,0x7f,0x17,0xff,0xff,0x7f,0x17,0xff,0xff,0x7f,0x17,0xff,
    0xff,0x7f,0x17,0xff,0xff,0x7f,0x17,0xff,0xff,0x7f,0x17,0xff,0xff,0x7f,0x17,0xff,
    0xff,0x7f,0x17,0xff,0xff,0x7f,0x17,0xff,0xff,0x7f,0x17,0xff,0xff,0x7f,0x17,0xff,
    0xff,0x7f,0x17,0xff,0xff,0x7d,0x17,0xff,0xff,0x77,0x16,0xff,0xff,0x77,0x16,0xff,
    0xff,0x77,0x16,0xff,0xff,0x77,0x16,0xff,0xff,0x78,0x16,0xff,0xff,0x7f,0x17,0xff,
    0xff,0x7f,0x17,0xff,0xff,0x7f,0x17,0xff,0xff,0x7f,0x17,0xff,0xff,0x7f,0x17,0xff,
    0xff,0x7f,0x17,0xff,0xff,0x7f,0x17,0xff,0xff,0x7f,0x17,0xff,0xff,0x7f,0x17,0xff,
    0xff,0x7f,0x17,0xff,0xff,0x7f,0x17,0xff,0xff,0x7f,0x17,0xff,0xff,0x7f,0x17,0xff,
    0xff,0x7f,0x17,0xff,0xff,0x7f,0x17,0xff,0xff,0x7f,0x17,0xff,0xff,0x7f,0x17,0xff,
    0xff,0x7f,0x17,0xff,0xff,0x78,0x16,0xff,0xff,0x77,0x16,0xff,0xff,0x77,0x16,0xff,
    0xff,0x77,0x16,0xff,0xff,0x77,0x16,0xff,0xff,0x7d,0x17,0xff,0xff,0x7f,0x17,0xff,
    0xff,0x7f,0x17,0xff,0xff,0x7f,0x17,0xff,0xff,0x7f,0x17,0xff,0xff,0x7f,0x17,0xff,
    0xff,0x7f,0x17,0xff,0xff,0x7f,0x17,0xff,0xff,0x7f,0x17,0xff,0xff,0x7f,0x17,0xff,
    0xff,0x7f,0x17,0xff,0xff,0x7f,0x17,0xff,0xff,0x7f,0x17,0xff,0xff,0x80,0x17,0xfd,
    0xff,0x81,0x17,0xff,0xff,0x75,0x13,0x34,0x00,0x00,0x00,0x00,0xff,0x7f,0x00,0x02,
    0x00,0x00,0x00,0x00,0x00,0x00,0x00,0x00,0x00,0x00,0x00,0x00,0x00,0x00,0x00,0x00,
    0x00,0x00,0x00,0x00,0x00,0x00,0x00,0x00,0x00,0x00,0x00,0x00,0x00,0x00,0x00,0x00,
    0x00,0x00,0x00,0x00,0x00,0x00,0x00,0x00,0x00,0x00,0x00,0x00,0x00,0x00,0x00,0x00,
    0x00,0x00,0x00,0x00,0x00,0x00,0x00,0x00,0x00,0x00,0x00,0x00,0x00,0x00,0x00,0x00,
    0xff,0x7f,0x00,0x02,0x00,0x00,0x00,0x00,0xff,0x74,0x15,0x30,0xff,0x76,0x16,0xff,
    0xff,0x77,0x16,0xfa,0xff,0x76,0x16,0xfb,0xff,0x76,0x16,0xfb,0xff,0x76,0x16,0xfb,
    0xff,0x76,0x16,0xfb,0xff,0x76,0x16,0xfb,0xff,0x76,0x16,0xfb,0xff,0x76,0x16,0xfb,
    0xff,0x76,0x16,0xfb,0xff,0x76,0x16,0xfb,0xff,0x76,0x16,0xfb,0xff,0x76,0x16,0xfb,
    0xff,0x76,0x16,0xfb,0xfe,0x76,0x16,0xfc,0xff,0x77,0x16,0xff,0xff,0x77,0x16,0xff,
    0xff,0x77,0x16,0xff,0xff,0x77,0x16,0xff,0xff,0x77,0x16,0xfe,0xff,0x76,0x16,0xfb,
    0xff,0x76,0x16,0xfb,0xff,0x76,0x16,0xfb,0xff,0x76,0x16,0xfb,0xff,0x76,0x16,0xfb,
    0xff,0x76,0x16,0xfb,0xff,0x76,0x16,0xfb,0xff,0x76,0x16,0xfb,0xff,0x76,0x16,0xfb,
    0xff,0x76,0x16,0xfb,0xff,0x76,0x16,0xfb,0xff,0x76,0x16,0xfb,0xff,0x76,0x16,0xfb,
    0xff,0x76,0x16,0xfb,0xff,0x76,0x16,0xfb,0xff,0x76,0x16,0xfb,0xff,0x76,0x16,0xfb,
    0xff,0x76,0x16,0xfb,0xff,0x77,0x16,0xfe,0xff,0x77,0x16,0xff,0xff,0x77,0x16,0xff,
    0xff,0x77,0x16,0xff,0xff,0x77,0x16,0xff,0xfe,0x76,0x16,0xfc,0xff,0x76,0x16,0xfb,
    0xff,0x76,0x16,0xfb,0xff,0x76,0x16,0xfb,0xff,0x76,0x16,0xfb,0xff,0x76,0x16,0xfb,
    0xff,0x76,0x16,0xfb,0xff,0x76,0x16,0xfb,0xff,0x76,0x16,0xfb,0xff,0x76,0x16,0xfb,
    0xff,0x76,0x16,0xfb,0xff,0x76,0x16,0xfb,0xff,0x76,0x16,0xfb,0xff,0x77,0x16,0xfa,
    0xff,0x77,0x16,0xff,0xff,0x77,0x15,0x2f,0x00,0x00,0x00,0x00,0xff,0x7f,0x00,0x02,
    0x00,0x00,0x00,0x00,0x00,0x00,0x00,0x00,0x00,0x00,0x00,0x00,0x00,0x00,0x00,0x00,
    0x00,0x00,0x00,0x00,0x00,0x00,0x00,0x00,0x00,0x00,0x00,0x00,0x00,0x00,0x00,0x00,
    0x00,0x00,0x00,0x00,0x00,0x00,0x00,0x00,0x00,0x00,0x00,0x00,0x00,0x00,0x00,0x00,
    0x00,0x00,0x00,0x00,0x00,0x00,0x00,0x00,0x00,0x00,0x00,0x00,0x00,0x00,0x00,0x00,
    0xff,0x7f,0x00,0x02,0x00,0x00,0x00,0x00,0xff,0x74,0x15,0x30,0xff,0x79,0x16,0xff,
    0xff,0x77,0x16,0xfe,0xff,0x77,0x16,0xff,0xff,0x77,0x16,0xff,0xff,0x76,0x16,0xfe,
    0xff,0x76,0x16,0xfb,0xff,0x76,0x16,0xfb,0xff,0x76,0x16,0xfb,0xff,0x76,0x16,0xfb,
    0xff,0x76,0x16,0xfb,0xff,0x76,0x16,0xfb,0xff,0x76,0x16,0xfb,0xff,0x76,0x16,0xfb,
    0xff,0x76,0x16,0xfb,0xff,0x76,0x16,0xfb,0xff,0x76,0x16,0xfb,0xff,0x76,0x16,0xfb,
    0xff,0x76,0x16,0xfb,0xff,0x76,0x16,0xfb,0xff,0x76,0x16,0xfb,0xff,0x76,0x16,0xfb,
    0xff,0x76,0x16,0xfb,0xff,0x76,0x16,0xfb,0xff,0x76,0x16,0xfb,0xff,0x76,0x16,0xfb,
    0xff,0x76,0x16,0xfb,0xff,0x76,0x16,0xfb,0xff,0x76,0x16,0xfb,0xff,0x76,0x16,0xfb,
    0xff,0x76,0x16,0xfb,0xff,0x76,0x16,0xfb,0xff,0x76,0x16,0xfb,0xff,0x76,0x16,0xfb,
    0xff,0x76,0x16,0xfb,0xff,0x76,0x16,0xfb,0xff,0x76,0x16,0xfb,0xff,0x76,0x16,0xfb,
    0xff,0x76,0x16,0xfb,0xff,0x76,0x16,0xfb,0xff,0x76,0x16,0xfb,0xff,0x76,0x16,0xfb,
    0xff,0x76,0x16,0xfb,0xff,0x76,0x16,0xfb,0xff,0x76,0x16,0xfb,0xff,0x76,0x16,0xfb,
    0xff,0x76,0x16,0xfb,0xff,0x76,0x16,0xfb,0xff,0x76,0x16,0xfb,0xff,0x76,0x16,0xfb,
    0xff,0x76,0x16,0xfb,0xff,0x76,0x16,0xfb,0xff,0x76,0x16,0xfb,0xff,0x76,0x16,0xfb,
    0xff,0x76,0x16,0xfe,0xff,0x77,0x16,0xff,0xff,0x77,0x16,0xff,0xff,0x77,0x16,0xfe,
    0xff,0x79,0x16,0xff,0xff,0x74,0x15,0x30,0x00,0x00,0x00,0x00,0xff,0x7f,0x00,0x02,
    0x00,0x00,0x00,0x00,0x00,0x00,0x00,0x00,0x00,0x00,0x00,0x00,0x00,0x00,0x00,0x00,
    0x00,0x00,0x00,0x00,0x00,0x00,0x00,0x00,0x00,0x00,0x00,0x00,0x00,0x00,0x00,0x00,
    0x00,0x00,0x00,0x00,0x00,0x00,0x00,0x00,0x00,0x00,0x00,0x00,0x00,0x00,0x00,0x00,
    0x00,0x00,0x00,0x00,0x00,0x00,0x00,0x00,0x00,0x00,0x00,0x00,0x00,0x00,0x00,0x00,
    0xff,0x7f,0x00,0x02,0x00,0x00,0x00,0x00,0xff,0x74,0x15,0x30,0xff,0x79,0x16,0xff,
    0xff,0x77,0x16,0xfe,0xff,0x77,0x16,0xff,0xff,0x77,0x16,0xff,0xff,0x78,0x16,0xff,
    0xff,0x7f,0x17,0xff,0xff,0x7f,0x17,0xff,0xff,0x7f,0x17,0xff,0xff,0x7f,0x17,0xff,
    0xff,0x7f,0x17,0xff,0xff,0x7f,0x17,0xff,0xff,0x7f,0x17,0xff,0xff,0x7f,0x17,0xff,
    0xff,0x7f,0x17,0xff,0xff,0x7f,0x17,0xff,0xff,0x7f,0x17,0xff,0xff,0x7f,0x17,0xff,
    0xff,0x7f,0x17,0xff,0xff,0x7f,0x17,0xff,0xff,0x7f,0x17,0xff,0xff,0x7f,0x17,0xff,
    0xff,0x7f,0x17,0xff,0xff,0x7f,0x17,0xff,0xff,0x7f,0x17,0xff,0xff,0x7f,0x17,0xff,
    0xff,0x7f,0x17,0xff,0xff,0x7f,0x17,0xff,0xff,0x7f,0x17,0xff,0xff,0x7f,0x17,0xff,
    0xff,0x7f,0x17,0xff,0xff,0x7f,0x17,0xff,0xff,0x7f,0x17,0xff,0xff,0x7f,0x17,0xff,
    0xff,0x7f,0x17,0xff,0xff,0x7f,0x17,0xff,0xff,0x7f,0x17,0xff,0xff,0x7f,0x17,0xff,
    0xff,0x7f,0x17,0xff,0xff,0x7f,0x17,0xff,0xff,0x7f,0x17,0xff,0xff,0x7f,0x17,0xff,
    0xff,0x7f,0x17,0xff,0xff,0x7f,0x17,0xff,0xff,0x7f,0x17,0xff,0xff,0x7f,0x17,0xff,
    0xff,0x7f,0x17,0xff,0xff,0x7f,0x17,0xff,0xff,0x7f,0x17,0xff,0xff,0x7f,0x17,0xff,
    0xff,0x7f,0x17,0xff,0xff,0x7f,0x17,0xff,0xff,0x7f,0x17,0xff,0xff,0x7f,0x17,0xff,
    0xff,0x78,0x16,0xff,0xff,0x77,0x16,0xff,0xff,0x77,0x16,0xff,0xff,0x77,0x16,0xfe,
    0xff,0x79,0x16,0xff,0xff,0x74,0x15,0x30,0x00,0x00,0x00,0x00,0xff,0x7f,0x00,0x02,
    0x00,0x00,0x00,0x00,0x00,0x00,0x00,0x00,0x00,0x00,0x00,0x00,0x00,0x00,0x00,0x00,
    0x00,0x00,0x00,0x00,0x00,0x00,0x00,0x00,0x00,0x00,0x00,0x00,0x00,0x00,0x00,0x00,
    0x00,0x00,0x00,0x00,0x00,0x00,0x00,0x00,0x00,0x00,0x00,0x00,0x00,0x00,0x00,0x00,
    0x00,0x00,0x00,0x00,0x00,0x00,0x00,0x00,0x00,0x00,0x00,0x00,0x00,0x00,0x00,0x00,
    0xff,0x7f,0x00,0x02,0x00,0x00,0x00,0x00,0xff,0x74,0x15,0x30,0xff,0x79,0x16,0xff,
    0xff,0x77,0x16,0xfe,0xff,0x76,0x16,0xfd,0xff,0x79,0x17,0xff,0xfe,0x77,0x15,0xe5,
    0xff,0x74,0x13,0x81,0xff,0x74,0x13,0x81,0xff,0x74,0x13,0x81,0xff,0x74,0x13,0x81,
    0xff,0x74,0x13,0x81,0xff,0x74,0x13,0x81,0xff,0x74,0x13,0x81,0xff,0x74,0x13,0x81,
    0xff,0x74,0x13,0x81,0xff,0x74,0x13,0x81,0xff,0x74,0x13,0x81,0xff,0x74,0x13,0x81,
    0xff,0x74,0x13,0x81,0xff,0x74,0x13,0x81,0xff,0x74,0x13,0x81,0xff,0x74,0x13,0x81,
    0xff,0x74,0x13,0x81,0xff,0x74,0x13,0x81,0xff,0x74,0x13,0x81,0xff,0x74,0x13,0x81,
    0xff,0x74,0x13,0x81,0xff,0x74,0x13,0x81,0xff,0x74,0x13,0x81,0xff,0x74,0x13,0x81,
    0xff,0x74,0x13,0x81,0xff,0x74,0x13,0x81,0xff,0x74,0x13,0x81,0xff,0x74,0x13,0x81,
    0xff,0x74,0x13,0x81,0xff,0x74,0x13,0x81,0xff,0x74,0x13,0x81,0xff,0x74,0x13,0x81,
    0xff,0x74,0x13,0x81,0xff,0x74,0x13,0x81,0xff,0x74,0x13,0x81,0xff,0x74,0x13,0x81,
    0xff,0x74,0x13,0x81,0xff,0x74,0x13,0x81,0xff,0x74,0x13,0x81,0xff,0x74,0x13,0x81,
    0xff,0x74,0x13,0x81,0xff,0x74,0x13,0x81,0xff,0x74,0x13,0x81,0xff,0x74,0x13,0x81,
    0xff,0x74,0x13,0x81,0xff,0x74,0x13,0x81,0xff,0x74,0x13,0x81,0xff,0x74,0x13,0x81,
    0xff,0x76,0x15,0xe6,0xff,0x79,0x17,0xff,0xff,0x76,0x16,0xfd,0xff,0x77,0x16,0xfe,
    0xff,0x79,0x16,0xff,0xff,0x74,0x15,0x30,0x00,0x00,0x00,0x00,0xff,0x7f,0x00,0x02,
    0x00,0x00,0x00,0x00,0x00,0x00,0x00,0x00,0x00,0x00,0x00,0x00,0x00,0x00,0x00,0x00,
    0x00,0x00,0x00,0x00,0x00,0x00,0x00,0x00,0x00,0x00,0x00,0x00,0x00,0x00,0x00,0x00,
    0x00,0x00,0x00,0x00,0x00,0x00,0x00,0x00,0x00,0x00,0x00,0x00,0x00,0x00,0x00,0x00,
    0x00,0x00,0x00,0x00,0x00,0x00,0x00,0x00,0x00,0x00,0x00,0x00,0x00,0x00,0x00,0x00,
    0xff,0x7f,0x00,0x02,0x00,0x00,0x00,0x00,0xff,0x74,0x15,0x30,0xff,0x79,0x16,0xff,
    0xff,0x77,0x16,0xfe,0xfe,0x77,0x16,0xfc,0xff,0x7c,0x17,0xff,0xff,0x77,0x15,0xc9,
    0x00,0x00,0x00,0x00,0x00,0x00,0x00,0x00,0xff,0x00,0x00,0x01,0x00,0x00,0x00,0x00,
    0x00,0x00,0x00,0x00,0x00,0x00,0x00,0x00,0x00,0x00,0x00,0x00,0x00,0x00,0x00,0x00,
    0x00,0x00,0x00,0x00,0x00,0x00,0x00,0x00,0x00,0x00,0x00,0x00,0x00,0x00,0x00,0x00,
    0x00,0x00,0x00,0x00,0x00,0x00,0x00,0x00,0x00,0x00,0x00,0x00,0x00,0x00,0x00,0x00,
    0x00,0x00,0x00,0x00,0x00,0x00,0x00,0x00,0x00,0x00,0x00,0x00,0x00,0x00,0x00,0x00,
    0x00,0x00,0x00,0x00,0x00,0x00,0x00,0x00,0x00,0x00,0x00,0x00,0x00,0x00,0x00,0x00,
    0x00,0x00,0x00,0x00,0x00,0x00,0x00,0x00,0x00,0x00,0x00,0x00,0x00,0x00,0x00,0x00,
    0x00,0x00,0x00,0x00,0x00,0x00,0x00,0x00,0x00,0x00,0x00,0x00,0x00,0x00,0x00,0x00,
    0x00,0x00,0x00,0x00,0x00,0x00,0x00,0x00,0x00,0x00,0x00,0x00,0x00,0x00,0x00,0x00,
    0x00,0x00,0x00,0x00,0x00,0x00,0x00,0x00,0x00,0x00,0x00,0x00,0x00,0x00,0x00,0x00,
    0x00,0x00,0x00,0x00,0x00,0x00,0x00,0x00,0x00,0x00,0x00,0x00,0x00,0x00,0x00,0x00,
    0x00,0x00,0x00,0x00,0xff,0x00,0x00,0x01,0x00,0x00,0x00,0x00,0x00,0x00,0x00,0x00,
    0xfe,0x76,0x15,0xca,0xff,0x7c,0x17,0xff,0xfe,0x77,0x16,0xfc,0xff,0x77,0x16,0xfe,
    0xff,0x79,0x16,0xff,0xff,0x74,0x15,0x30,0x00,0x00,0x00,0x00,0xff,0x7f,0x00,0x02,
    0x00,0x00,0x00,0x00,0x00,0x00,0x00,0x00,0x00,0x00,0x00,0x00,0x00,0x00,0x00,0x00,
    0x00,0x00,0x00,0x00,0x00,0x00,0x00,0x00,0x00,0x00,0x00,0x00,0x00,0x00,0x00,0x00,
    0x00,0x00,0x00,0x00,0x00,0x00,0x00,0x00,0x00,0x00,0x00,0x00,0x00,0x00,0x00,0x00,
    0x00,0x00,0x00,0x00,0x00,0x00,0x00,0x00,0x00,0x00,0x00,0x00,0x00,0x00,0x00,0x00,
    0xff,0x7f,0x00,0x02,0x00,0x00,0x00,0x00,0xff,0x74,0x15,0x30,0xff,0x79,0x16,0xff,
    0xff,0x77,0x16,0xfe,0xfe,0x77,0x16,0xfc,0xff,0x7c,0x17,0xff,0xff,0x76,0x15,0xcd,
    0xff,0x66,0x00,0x05,0xff,0xaa,0x00,0x03,0xff,0x66,0x00,0x05,0xff,0x7f,0x00,0x04,
    0xff,0x7f,0x00,0x04,0xff,0x7f,0x00,0x04,0xff,0x7f,0x00,0x04,0xff,0x7f,0x00,0x04,
    0xff,0x7f,0x00,0x04,0xff,0x7f,0x00,0x04,0xff,0x7f,0x00,0x04,0xff,0x7f,0x00,0x04,
    0xff,0x7f,0x00,0x04,0xff,0x7f,0x00,0x04,0xff,0x7f,0x00,0x04,0xff,0x7f,0x00,0x04,
    0xff,0x7f,0x00,0x04,0xff,0x7f,0x00,0x04,0xff,0x7f,0x00,0x04,0xff,0x7f,0x00,0x04,
    0xff,0x7f,0x00,0x04,0xff,0x7f,0x00,0x04,0xff,0x7f,0x00,0x04,0xff,0x7f,0x00,0x04,
    0xff,0x7f,0x00,0x04,0xff,0x7f,0x00,0x04,0xff,0x7f,0x00,0x04,0xff,0x7f,0x00,0x04,
    0xff,0x7f,0x00,0x04,0xff,0x7f,0x00,0x04,0xff,0x7f,0x00,0x04,0xff,0x7f,0x00,0x04,
    0xff,0x7f,0x00,0x04,0xff,0x7f,0x00,0x04,0xff,0x7f,0x00,0x04,0xff,0x7f,0x00,0x04,
    0xff,0x7f,0x00,0x04,0xff,0x7f,0x00,0x04,0xff,0x7f,0x00,0x04,0xff,0x7f,0x00,0x04,
    0xff,0x7f,0x00,0x04,0xff,0x7f,0x00,0x04,0xff,0x7f,0x00,0x04,0xff,0x7f,0x00,0x04,
    0xff,0x7f,0x00,0x04,0xff,0x66,0x00,0x05,0xff,0xaa,0x00,0x03,0xff,0x66,0x00,0x05,
    0xff,0x77,0x15,0xcd,0xff,0x7c,0x17,0xff,0xfe,0x77,0x16,0xfc,0xff,0x77,0x16,0xfe,
    0xff,0x79,0x16,0xff,0xff,0x74,0x15,0x30,0x00,0x00,0x00,0x00,0xff,0x7f,0x00,0x02,
    0x00,0x00,0x00,0x00,0x00,0x00,0x00,0x00,0x00,0x00,0x00,0x00,0x00,0x00,0x00,0x00,
    0x00,0x00,0x00,0x00,0x00,0x00,0x00,0x00,0x00,0x00,0x00,0x00,0x00,0x00,0x00,0x00,
    0x00,0x00,0x00,0x00,0x00,0x00,0x00,0x00,0x00,0x00,0x00,0x00,0x00,0x00,0x00,0x00,
    0x00,0x00,0x00,0x00,0x00,0x00,0x00,0x00,0x00,0x00,0x00,0x00,0x00,0x00,0x00,0x00,
    0xff,0x7f,0x00,0x02,0x00,0x00,0x00,0x00,0xff,0x74,0x15,0x30,0xff,0x79,0x16,0xff,
    0xff,0x77,0x16,0xfe,0xfe,0x77,0x16,0xfc,0xff,0x7c,0x17,0xff,0xff,0x76,0x15,0xcc,
    0xff,0x00,0x00,0x01,0x00,0x00,0x00,0x00,0xff,0x00,0x00,0x01,0x00,0x00,0x00,0x00,
    0x00,0x00,0x00,0x00,0x00,0x00,0x00,0x00,0x00,0x00,0x00,0x00,0x00,0x00,0x00,0x00,
    0x00,0x00,0x00,0x00,0x00,0x00,0x00,0x00,0x00,0x00,0x00,0x00,0x00,0x00,0x00,0x00,
    0x00,0x00,0x00,0x00,0x00,0x00,0x00,0x00,0x00,0x00,0x00,0x00,0x00,0x00,0x00,0x00,
    0x00,0x00,0x00,0x00,0x00,0x00,0x00,0x00,0x00,0x00,0x00,0x00,0x00,0x00,0x00,0x00,
    0x00,0x00,0x00,0x00,0x00,0x00,0x00,0x00,0x00,0x00,0x00,0x00,0x00,0x00,0x00,0x00,
    0x00,0x00,0x00,0x00,0x00,0x00,0x00,0x00,0x00,0x00,0x00,0x00,0x00,0x00,0x00,0x00,
    0x00,0x00,0x00,0x00,0x00,0x00,0x00,0x00,0x00,0x00,0x00,0x00,0x00,0x00,0x00,0x00,
    0x00,0x00,0x00,0x00,0x00,0x00,0x00,0x00,0x00,0x00,0x00,0x00,0x00,0x00,0x00,0x00,
    0x00,0x00,0x00,0x00,0x00,0x00,0x00,0x00,0x00,0x00,0x00,0x00,0x00,0x00,0x00,0x00,
    0x00,0x00,0x00,0x00,0x00,0x00,0x00,0x00,0x00,0x00,0x00,0x00,0x00,0x00,0x00,0x00,
    0x00,0x00,0x00,0x00,0xff,0x00,0x00,0x01,0x00,0x00,0x00,0x00,0xff,0x00,0x00,0x01,
    0xff,0x76,0x15,0xcc,0xff,0x7c,0x17,0xff,0xfe,0x77,0x16,0xfc,0xff,0x77,0x16,0xfe,
    0xff,0x79,0x16,0xff,0xff,0x74,0x15,0x30,0x00,0x00,0x00,0x00,0xff,0x7f,0x00,0x02,
    0x00,0x00,0x00,0x00,0x00,0x00,0x00,0x00,0x00,0x00,0x00,0x00,0x00,0x00,0x00,0x00,
    0x00,0x00,0x00,0x00,0x00,0x00,0x00,0x00,0x00,0x00,0x00,0x00,0x00,0x00,0x00,0x00,
    0x00,0x00,0x00,0x00,0x00,0x00,0x00,0x00,0x00,0x00,0x00,0x00,0x00,0x00,0x00,0x00,
    0x00,0x00,0x00,0x00,0x00,0x00,0x00,0x00,0x00,0x00,0x00,0x00,0x00,0x00,0x00,0x00,
    0xff,0x7f,0x00,0x02,0x00,0x00,0x00,0x00,0xff,0x74,0x15,0x30,0xff,0x79,0x16,0xff,
    0xff,0x77,0x16,0xfe,0xfe,0x77,0x16,0xfc,0xff,0x7c,0x17,0xff,0xff,0x76,0x15,0xcc,
    0xff,0x00,0x00,0x01,0x00,0x00,0x00,0x00,0xff,0x00,0x00,0x01,0x00,0x00,0x00,0x00,
    0x00,0x00,0x00,0x00,0x00,0x00,0x00,0x00,0x00,0x00,0x00,0x00,0x00,0x00,0x00,0x00,
    0x00,0x00,0x00,0x00,0x00,0x00,0x00,0x00,0x00,0x00,0x00,0x00,0x00,0x00,0x00,0x00,
    0x00,0x00,0x00,0x00,0x00,0x00,0x00,0x00,0x00,0x00,0x00,0x00,0x00,0x00,0x00,0x00,
    0x00,0x00,0x00,0x00,0x00,0x00,0x00,0x00,0x00,0x00,0x00,0x00,0x00,0x00,0x00,0x00,
    0x00,0x00,0x00,0x00,0x00,0x00,0x00,0x00,0xff,0x00,0x00,0x01,0xff,0x00,0x00,0x01,
    0xff,0x00,0x00,0x01,0xff,0x00,0x00,0x01,0x00,0x00,0x00,0x00,0x00,0x00,0x00,0x00,
    0x00,0x00,0x00,0x00,0x00,0x00,0x00,0x00,0x00,0x00,0x00,0x00,0x00,0x00,0x00,0x00,
    0x00,0x00,0x00,0x00,0x00,0x00,0x00,0x00,0x00,0x00,0x00,0x00,0x00,0x00,0x00,0x00,
    0x00,0x00,0x00,0x00,0x00,0x00,0x00,0x00,0x00,0x00,0x00,0x00,0x00,0x00,0x00,0x00,
    0x00,0x00,0x00,0x00,0x00,0x00,0x00,0x00,0x00,0x00,0x00,0x00,0x00,0x00,0x00,0x00,
    0x00,0x00,0x00,0x00,0xff,0x00,0x00,0x01,0x00,0x00,0x00,0x00,0xff,0x00,0x00,0x01,
    0xff,0x76,0x15,0xcc,0xff,0x7c,0x17,0xff,0xfe,0x77,0x16,0xfc,0xff,0x77,0x16,0xfe,
    0xff,0x79,0x16,0xff,0xff,0x74,0x15,0x30,0x00,0x00,0x00,0x00,0xff,0x7f,0x00,0x02,
    0x00,0x00,0x00,0x00,0x00,0x00,0x00,0x00,0x00,0x00,0x00,0x00,0x00,0x00,0x00,0x00,
    0x00,0x00,0x00,0x00,0x00,0x00,0x00,0x00,0x00,0x00,0x00,0x00,0x00,0x00,0x00,0x00,
    0x00,0x00,0x00,0x00,0x00,0x00,0x00,0x00,0x00,0x00,0x00,0x00,0x00,0x00,0x00,0x00,
    0x00,0x00,0x00,0x00,0x00,0x00,0x00,0x00,0x00,0x00,0x00,0x00,0x00,0x00,0x00,0x00,
    0xff,0x7f,0x00,0x02,0x00,0x00,0x00,0x00,0xff,0x74,0x15,0x30,0xff,0x79,0x16,0xff,
    0xff,0x77,0x16,0xfe,0xfe,0x77,0x16,0xfc,0xff,0x7c,0x17,0xff,0xff,0x76,0x15,0xcc,
    0xff,0x00,0x00,0x01,0x00,0x00,0x00,0x00,0xff,0x00,0x00,0x01,0x00,0x00,0x00,0x00,
    0x00,0x00,0x00,0x00,0x00,0x00,0x00,0x00,0x00,0x00,0x00,0x00,0x00,0x00,0x00,0x00,
    0x00,0x00,0x00,0x00,0x00,0x00,0x00,0x00,0x00,0x00,0x00,0x00,0x00,0x00,0x00,0x00,
    0x00,0x00,0x00,0x00,0x00,0x00,0x00,0x00,0x00,0x00,0x00,0x00,0x00,0x00,0x00,0x00,
    0x00,0x00,0x00,0x00,0x00,0x00,0x00,0x00,0x00,0x00,0x00,0x00,0x00,0x00,0x00,0x00,
    0x00,0x00,0x00,0x00,0x00,0x00,0x00,0x00,0x00,0x00,0x00,0x00,0x00,0x00,0x00,0x00,
    0x00,0x00,0x00,0x00,0x00,0x00,0x00,0x00,0x00,0x00,0x00,0x00,0x00,0x00,0x00,0x00,
    0x00,0x00,0x00,0x00,0x00,0x00,0x00,0x00,0x00,0x00,0x00,0x00,0x00,0x00,0x00,0x00,
    0x00,0x00,0x00,0x00,0x00,0x00,0x00,0x00,0x00,0x00,0x00,0x00,0x00,0x00,0x00,0x00,
    0x00,0x00,0x00,0x00,0x00,0x00,0x00,0x00,0x00,0x00,0x00,0x00,0x00,0x00,0x00,0x00,
    0x00,0x00,0x00,0x00,0x00,0x00,0x00,0x00,0x00,0x00,0x00,0x00,0x00,0x00,0x00,0x00,
    0x00,0x00,0x00,0x00,0xff,0x00,0x00,0x01,0x00,0x00,0x00,0x00,0xff,0x00,0x00,0x01,
    0xff,0x76,0x15,0xcc,0xff,0x7c,0x17,0xff,0xfe,0x77,0x16,0xfc,0xff,0x77,0x16,0xfe,
    0xff,0x79,0x16,0xff,0xff,0x74,0x15,0x30,0x00,0x00,0x00,0x00,0xff,0x7f,0x00,0x02,
    0x00,0x00,0x00,0x00,0x00,0x00,0x00,0x00,0x00,0x00,0x00,0x00,0x00,0x00,0x00,0x00,
    0x00,0x00,0x00,0x00,0x00,0x00,0x00,0x00,0x00,0x00,0x00,0x00,0x00,0x00,0x00,0x00,
    0x00,0x00,0x00,0x00,0x00,0x00,0x00,0x00,0x00,0x00,0x00,0x00,0x00,0x00,0x00,0x00,
    0x00,0x00,0x00,0x00,0x00,0x00,0x00,0x00,0x00,0x00,0x00,0x00,0x00,0x00,0x00,0x00,
    0xff,0x7f,0x00,0x02,0x00,0x00,0x00,0x00,0xff,0x74,0x15,0x30,0xff,0x79,0x16,0xff,
    0xff,0x77,0x16,0xfe,0xfe,0x77,0x16,0xfc,0xff,0x7c,0x17,0xff,0xff,0x76,0x15,0xcc,
    0xff,0x00,0x00,0x01,0x00,0x00,0x00,0x00,0xff,0x00,0x00,0x01,0x00,0x00,0x00,0x00,
    0x00,0x00,0x00,0x00,0x00,0x00,0x00,0x00,0x00,0x00,0x00,0x00,0x00,0x00,0x00,0x00,
    0x00,0x00,0x00,0x00,0x00,0x00,0x00,0x00,0x00,0x00,0x00,0x00,0x00,0x00,0x00,0x00,
    0x00,0x00,0x00,0x00,0x00,0x00,0x00,0x00,0x00,0x00,0x00,0x00,0x00,0x00,0x00,0x00,
    0x00,0x00,0x00,0x00,0x00,0x00,0x00,0x00,0x00,0x00,0x00,0x00,0x00,0x00,0x00,0x00,
    0x00,0x00,0x00,0x00,0x00,0x00,0x00,0x00,0x00,0x00,0x00,0x00,0x00,0x00,0x00,0x00,
    0x00,0x00,0x00,0x00,0x00,0x00,0x00,0x00,0x00,0x00,0x00,0x00,0x00,0x00,0x00,0x00,
    0x00,0x00,0x00,0x00,0x00,0x00,0x00,0x00,0x00,0x00,0x00,0x00,0x00,0x00,0x00,0x00,
    0x00,0x00,0x00,0x00,0x00,0x00,0x00,0x00,0x00,0x00,0x00,0x00,0x00,0x00,0x00,0x00,
    0x00,0x00,0x00,0x00,0x00,0x00,0x00,0x00,0x00,0x00,0x00,0x00,0x00,0x00,0x00,0x00,
    0x00,0x00,0x00,0x00,0x00,0x00,0x00,0x00,0x00,0x00,0x00,0x00,0x00,0x00,0x00,0x00,
    0x00,0x00,0x00,0x00,0xff,0x00,0x00,0x01,0x00,0x00,0x00,0x00,0xff,0x00,0x00,0x01,
    0xff,0x76,0x15,0xcc,0xff,0x7c,0x17,0xff,0xfe,0x77,0x16,0xfc,0xff,0x77,0x16,0xfe,
    0xff,0x79,0x16,0xff,0xff,0x74,0x15,0x30,0x00,0x00,0x00,0x00,0xff,0x7f,0x00,0x02,
    0x00,0x00,0x00,0x00,0x00,0x00,0x00,0x00,0x00,0x00,0x00,0x00,0x00,0x00,0x00,0x00,
    0x00,0x00,0x00,0x00,0x00,0x00,0x00,0x00,0x00,0x00,0x00,0x00,0x00,0x00,0x00,0x00,
    0x00,0x00,0x00,0x00,0x00,0x00,0x00,0x00,0x00,0x00,0x00,0x00,0x00,0x00,0x00,0x00,
    0x00,0x00,0x00,0x00,0x00,0x00,0x00,0x00,0x00,0x00,0x00,0x00,0x00,0x00,0x00,0x00,
    0xff,0x7f,0x00,0x02,0x00,0x00,0x00,0x00,0xff,0x74,0x15,0x30,0xff,0x79,0x16,0xff,
    0xff,0x77,0x16,0xfe,0xfe,0x77,0x16,0xfc,0xff,0x7c,0x17,0xff,0xff,0x76,0x15,0xcc,
    0xff,0x00,0x00,0x01,0x00,0x00,0x00,0x00,0xff,0x00,0x00,0x01,0x00,0x00,0x00,0x00,
    0x00,0x00,0x00,0x00,0x00,0x00,0x00,0x00,0x00,0x00,0x00,0x00,0x00,0x00,0x00,0x00,
    0x00,0x00,0x00,0x00,0x00,0x00,0x00,0x00,0x00,0x00,0x00,0x00,0x00,0x00,0x00,0x00,
    0x00,0x00,0x00,0x00,0x00,0x00,0x00,0x00,0x00,0x00,0x00,0x00,0x00,0x00,0x00,0x00,
    0x00,0x00,0x00,0x00,0x00,0x00,0x00,0x00,0x00,0x00,0x00,0x00,0xff,0x55,0x00,0x03,
    0x00,0x00,0x00,0x00,0xff,0x75,0x14,0x64,0xff,0x77,0x15,0xd2,0xff,0x77,0x16,0xc2,
    0xff,0x77,0x16,0xc2,0xff,0x77,0x15,0xd2,0xff,0x76,0x15,0x5f,0x00,0x00,0x00,0x00,
    0xff,0x55,0x00,0x03,0x00,0x00,0x00,0x00,0x00,0x00,0x00,0x00,0x00,0x00,0x00,0x00,
    0x00,0x00,0x00,0x00,0x00,0x00,0x00,0x00,0x00,0x00,0x00,0x00,0x00,0x00,0x00,0x00,
    0x00,0x00,0x00,0x00,0x00,0x00,0x00,0x00,0x00,0x00,0x00,0x00,0x00,0x00,0x00,0x00,
    0x00,0x00,0x00,0x00,0x00,0x00,0x00,0x00,0x00,0x00,0x00,0x00,0x00,0x00,0x00,0x00,
    0x00,0x00,0x00,0x00,0xff,0x00,0x00,0x01,0x00,0x00,0x00,0x00,0xff,0x00,0x00,0x01,
    0xff,0x76,0x15,0xcc,0xff,0x7c,0x17,0xff,0xfe,0x77,0x16,0xfc,0xff,0x77,0x16,0xfe,
    0xff,0x79,0x16,0xff,0xff,0x74,0x15,0x30,0x00,0x00,0x00,0x00,0xff,0x7f,0x00,0x02,
    0x00,0x00,0x00,0x00,0x00,0x00,0x00,0x00,0x00,0x00,0x00,0x00,0x00,0x00,0x00,0x00,
    0x00,0x00,0x00,0x00,0x00,0x00,0x00,0x00,0x00,0x00,0x00,0x00,0x00,0x00,0x00,0x00,
    0x00,0x00,0x00,0x00,0x00,0x00,0x00,0x00,0x00,0x00,0x00,0x00,0x00,0x00,0x00,0x00,
    0x00,0x00,0x00,0x00,0x00,0x00,0x00,0x00,0x00,0x00,0x00,0x00,0x00,0x00,0x00,0x00,
    0xff,0x7f,0x00,0x02,0x00,0x00,0x00,0x00,0xff,0x74,0x15,0x30,0xff,0x79,0x16,0xff,
    0xff,0x77,0x16,0xfe,0xfe,0x77,0x16,0xfc,0xff,0x7c,0x17,0xff,0xff,0x76,0x15,0xcc,
    0xff,0x00,0x00,0x01,0x00,0x00,0x00,0x00,0xff,0x00,0x00,0x01,0x00,0x00,0x00,0x00,
    0x00,0x00,0x00,0x00,0x00,0x00,0x00,0x00,0x00,0x00,0x00,0x00,0x00,0x00,0x00,0x00,
    0x00,0x00,0x00,0x00,0x00,0x00,0x00,0x00,0x00,0x00,0x00,0x00,0x00,0x00,0x00,0x00,
    0x00,0x00,0x00,0x00,0x00,0x00,0x00,0x00,0x00,0x00,0x00,0x00,0x00,0x00,0x00,0x00,
    0x00,0x00,0x00,0x00,0x00,0x00,0x00,0x00,0x00,0x00,0x00,0x00,0xff,0x7f,0x00,0x04,
    0x00,0x00,0x00,0x00,0xff,0x7a,0x15,0x83,0xff,0x84,0x19,0xff,0xff,0x7b,0x17,0xfb,
    0xff,0x7b,0x17,0xfb,0xff,0x85,0x19,0xff,0xff,0x7b,0x14,0x7c,0x00,0x00,0x00,0x00,
    0xff,0x7f,0x00,0x04,0x00,0x00,0x00,0x00,0x00,0x00,0x00,0x00,0x00,0x00,0x00,0x00,
    0x00,0x00,0x00,0x00,0x00,0x00,0x00,0x00,0x00,0x00,0x00,0x00,0x00,0x00,0x00,0x00,
    0x00,0x00,0x00,0x00,0x00,0x00,0x00,0x00,0x00,0x00,0x00,0x00,0x00,0x00,0x00,0x00,
    0x00,0x00,0x00,0x00,0x00,0x00,0x00,0x00,0x00,0x00,0x00,0x00,0x00,0x00,0x00,0x00,
    0x00,0x00,0x00,0x00,0xff,0x00,0x00,0x01,0x00,0x00,0x00,0x00,0xff,0x00,0x00,0x01,
    0xff,0x76,0x15,0xcc,0xff,0x7c,0x17,0xff,0xfe,0x77,0x16,0xfc,0xff,0x77,0x16,0xfe,
    0xff,0x79,0x16,0xff,0xff,0x74,0x15,0x30,0x00,0x00,0x00,0x00,0xff,0x7f,0x00,0x02,
    0x00,0x00,0x00,0x00,0x00,0x00,0x00,0x00,0x00,0x00,0x00,0x00,0x00,0x00,0x00,0x00,
    0x00,0x00,0x00,0x00,0x00,0x00,0x00,0x00,0x00,0x00,0x00,0x00,0x00,0x00,0x00,0x00,
    0x00,0x00,0x00,0x00,0x00,0x00,0x00,0x00,0x00,0x00,0x00,0x00,0x00,0x00,0x00,0x00,
    0x00,0x00,0x00,0x00,0x00,0x00,0x00,0x00,0x00,0x00,0x00,0x00,0x00,0x00,0x00,0x00,
    0xff,0x7f,0x00,0x02,0x00,0x00,0x00,0x00,0xff,0x74,0x15,0x30,0xff,0x79,0x16,0xff,
    0xff,0x77,0x16,0xfe,0xfe,0x77,0x16,0xfc,0xff,0x7c,0x17,0xff,0xff,0x76,0x15,0xcc,
    0xff,0x00,0x00,0x01,0x00,0x00,0x00,0x00,0xff,0x00,0x00,0x01,0x00,0x00,0x00,0x00,
    0x00,0x00,0x00,0x00,0x00,0x00,0x00,0x00,0x00,0x00,0x00,0x00,0x00,0x00,0x00,0x00,
    0x00,0x00,0x00,0x00,0x00,0x00,0x00,0x00,0x00,0x00,0x00,0x00,0x00,0x00,0x00,0x00,
    0x00,0x00,0x00,0x00,0x00,0x00,0x00,0x00,0x00,0x00,0x00,0x00,0x00,0x00,0x00,0x00,
    0x00,0x00,0x00,0x00,0x00,0x00,0x00,0x00,0x00,0x00,0x00,0x00,0xff,0x7f,0x00,0x04,
    0x00,0x00,0x00,0x00,0xff,0x77,0x15,0x80,0xff,0x7e,0x18,0xff,0xff,0x77,0x16,0xf8,
    0xff,0x77,0x16,0xf8,0xff,0x7e,0x18,0xff,0xff,0x77,0x14,0x7a,0x00,0x00,0x00,0x00,
    0xff,0x7f,0x00,0x04,0x00,0x00,0x00,0x00,0x00,0x00,0x00,0x00,0x00,0x00,0x00,0x00,
    0x00,0x00,0x00,0x00,0x00,0x00,0x00,0x00,0x00,0x00,0x00,0x00,0x00,0x00,0x00,0x00,
    0x00,0x00,0x00,0x00,0x00,0x00,0x00,0x00,0x00,0x00,0x00,0x00,0x00,0x00,0x00,0x00,
    0x00,0x00,0x00,0x00,0x00,0x00,0x00,0x00,0x00,0x00,0x00,0x00,0x00,0x00,0x00,0x00,
    0x00,0x00,0x00,0x00,0xff,0x00,0x00,0x01,0x00,0x00,0x00,0x00,0xff,0x00,0x00,0x01,
    0xff,0x76,0x15,0xcc,0xff,0x7c,0x17,0xff,0xfe,0x77,0x16,0xfc,0xff,0x77,0x16,0xfe,
    0xff,0x79,0x16,0xff,0xff,0x74,0x15,0x30,0x00,0x00,0x00,0x00,0xff,0x7f,0x00,0x02,
    0x00,0x00,0x00,0x00,0x00,0x00,0x00,0x00,0x00,0x00,0x00,0x00,0x00,0x00,0x00,0x00,
    0x00,0x00,0x00,0x00,0x00,0x00,0x00,0x00,0x00,0x00,0x00,0x00,0x00,0x00,0x00,0x00,
    0x00,0x00,0x00,0x00,0x00,0x00,0x00,0x00,0x00,0x00,0x00,0x00,0x00,0x00,0x00,0x00,
    0x00,0x00,0x00,0x00,0x00,0x00,0x00,0x00,0x00,0x00,0x00,0x00,0x00,0x00,0x00,0x00,
    0xff,0x7f,0x00,0x02,0x00,0x00,0x00,0x00,0xff,0x74,0x15,0x30,0xff,0x79,0x16,0xff,
    0xff,0x77,0x16,0xfe,0xfe,0x77,0x16,0xfc,0xff,0x7c,0x17,0xff,0xff,0x76,0x15,0xcc,
    0xff,0x00,0x00,0x01,0x00,0x00,0x00,0x00,0xff,0x00,0x00,0x01,0x00,0x00,0x00,0x00,
    0x00,0x00,0x00,0x00,0x00,0x00,0x00,0x00,0x00,0x00,0x00,0x00,0x00,0x00,0x00,0x00,
    0x00,0x00,0x00,0x00,0x00,0x00,0x00,0x00,0x00,0x00,0x00,0x00,0x00,0x00,0x00,0x00,
    0x00,0x00,0x00,0x00,0x00,0x00,0x00,0x00,0x00,0x00,0x00,0x00,0x00,0x00,0x00,0x00,
    0x00,0x00,0x00,0x00,0x00,0x00,0x00,0x00,0x00,0x00,0x00,0x00,0xff,0x7f,0x00,0x04,
    0x00,0x00,0x00,0x00,0xff,0x75,0x15,0x82,0xff,0x7f,0x18,0xff,0xff,0x76,0x16,0xfb,
    0xff,0x76,0x16,0xfb,0xff,0x7f,0x18,0xff,0xff,0x75,0x14,0x7c,0x00,0x00,0x00,0x00,
    0xff,0x7f,0x00,0x04,0x00,0x00,0x00,0x00,0x00,0x00,0x00,0x00,0x00,0x00,0x00,0x00,
    0x00,0x00,0x00,0x00,0x00,0x00,0x00,0x00,0x00,0x00,0x00,0x00,0x00,0x00,0x00,0x00,
    0x00,0x00,0x00,0x00,0x00,0x00,0x00,0x00,0x00,0x00,0x00,0x00,0x00,0x00,0x00,0x00,
    0x00,0x00,0x00,0x00,0x00,0x00,0x00,0x00,0x00,0x00,0x00,0x00,0x00,0x00,0x00,0x00,
    0x00,0x00,0x00,0x00,0xff,0x00,0x00,0x01,0x00,0x00,0x00,0x00,0xff,0x00,0x00,0x01,
    0xff,0x76,0x15,0xcc,0xff,0x7c,0x17,0xff,0xfe,0x77,0x16,0xfc,0xff,0x77,0x16,0xfe,
    0xff,0x79,0x16,0xff,0xff,0x74,0x15,0x30,0x00,0x00,0x00,0x00,0xff,0x7f,0x00,0x02,
    0x00,0x00,0x00,0x00,0x00,0x00,0x00,0x00,0x00,0x00,0x00,0x00,0x00,0x00,0x00,0x00,
    0x00,0x00,0x00,0x00,0x00,0x00,0x00,0x00,0x00,0x00,0x00,0x00,0x00,0x00,0x00,0x00,
    0x00,0x00,0x00,0x00,0x00,0x00,0x00,0x00,0x00,0x00,0x00,0x00,0x00,0x00,0x00,0x00,
    0x00,0x00,0x00,0x00,0x00,0x00,0x00,0x00,0x00,0x00,0x00,0x00,0x00,0x00,0x00,0x00,
    0xff,0x7f,0x00,0x02,0x00,0x00,0x00,0x00,0xff,0x74,0x15,0x30,0xff,0x79,0x16,0xff,
    0xff,0x77,0x16,0xfe,0xfe,0x77,0x16,0xfc,0xff,0x7c,0x17,0xff,0xff,0x76,0x15,0xcc,
    0xff,0x00,0x00,0x01,0x00,0x00,0x00,0x00,0xff,0x00,0x00,0x01,0x00,0x00,0x00,0x00,
    0x00,0x00,0x00,0x00,0x00,0x00,0x00,0x00,0x00,0x00,0x00,0x00,0x00,0x00,0x00,0x00,
    0x00,0x00,0x00,0x00,0x00,0x00,0x00,0x00,0x00,0x00,0x00,0x00,0x00,0x00,0x00,0x00,
    0x00,0x00,0x00,0x00,0x00,0x00,0x00,0x00,0x00,0x00,0x00,0x00,0x00,0x00,0x00,0x00,
    0x00,0x00,0x00,0x00,0x00,0x00,0x00,0x00,0x00,0x00,0x00,0x00,0xff,0x7f,0x00,0x04,
    0x00,0x00,0x00,0x00,0xff,0x75,0x15,0x82,0xff,0x7f,0x18,0xff,0xff,0x76,0x16,0xfb,
    0xff,0x76,0x16,0xfb,0xff,0x7f,0x18,0xff,0xff,0x75,0x14,0x7c,0x00,0x00,0x00,0x00,
    0xff,0x7f,0x00,0x04,0x00,0x00,0x00,0x00,0x00,0x00,0x00,0x00,0x00,0x00,0x00,0x00,
    0x00,0x00,0x00,0x00,0x00,0x00,0x00,0x00,0x00,0x00,0x00,0x00,0x00,0x00,0x00,0x00,
    0x00,0x00,0x00,0x00,0x00,0x00,0x00,0x00,0x00,0x00,0x00,0x00,0x00,0x00,0x00,0x00,
    0x00,0x00,0x00,0x00,0x00,0x00,0x00,0x00,0x00,0x00,0x00,0x00,0x00,0x00,0x00,0x00,
    0x00,0x00,0x00,0x00,0xff,0x00,0x00,0x01,0x00,0x00,0x00,0x00,0xff,0x00,0x00,0x01,
    0xff,0x76,0x15,0xcc,0xff,0x7c,0x17,0xff,0xfe,0x77,0x16,0xfc,0xff,0x77,0x16,0xfe,
    0xff,0x79,0x16,0xff,0xff,0x74,0x15,0x30,0x00,0x00,0x00,0x00,0xff,0x7f,0x00,0x02,
    0x00,0x00,0x00,0x00,0x00,0x00,0x00,0x00,0x00,0x00,0x00,0x00,0x00,0x00,0x00,0x00,
    0x00,0x00,0x00,0x00,0x00,0x00,0x00,0x00,0x00,0x00,0x00,0x00,0x00,0x00,0x00,0x00,
    0x00,0x00,0x00,0x00,0x00,0x00,0x00,0x00,0x00,0x00,0x00,0x00,0x00,0x00,0x00,0x00,
    0x00,0x00,0x00,0x00,0x00,0x00,0x00,0x00,0x00,0x00,0x00,0x00,0x00,0x00,0x00,0x00,
    0xff,0x7f,0x00,0x02,0x00,0x00,0x00,0x00,0xff,0x74,0x15,0x30,0xff,0x79,0x16,0xff,
    0xff,0x77,0x16,0xfe,0xfe,0x77,0x16,0xfc,0xff,0x7c,0x17,0xff,0xff,0x76,0x15,0xcc,
    0xff,0x00,0x00,0x01,0x00,0x00,0x00,0x00,0xff,0x00,0x00,0x01,0x00,0x00,0x00,0x00,
    0x00,0x00,0x00,0x00,0x00,0x00,0x00,0x00,0x00,0x00,0x00,0x00,0x00,0x00,0x00,0x00,
    0x00,0x00,0x00,0x00,0x00,0x00,0x00,0x00,0x00,0x00,0x00,0x00,0x00,0x00,0x00,0x00,
    0x00,0x00,0x00,0x00,0x00,0x00,0x00,0x00,0x00,0x00,0x00,0x00,0x00,0x00,0x00,0x00,
    0x00,0x00,0x00,0x00,0x00,0x00,0x00,0x00,0x00,0x00,0x00,0x00,0xff,0x7f,0x00,0x04,
    0x00,0x00,0x00,0x00,0xff,0x75,0x15,0x82,0xff,0x7f,0x18,0xff,0xff,0x76,0x16,0xfb,
    0xff,0x76,0x16,0xfb,0xff,0x7f,0x18,0xff,0xff,0x75,0x14,0x7c,0x00,0x00,0x00,0x00,
    0xff,0x7f,0x00,0x04,0x00,0x00,0x00,0x00,0x00,0x00,0x00,0x00,0x00,0x00,0x00,0x00,
    0x00,0x00,0x00,0x00,0x00,0x00,0x00,0x00,0x00,0x00,0x00,0x00,0x00,0x00,0x00,0x00,
    0x00,0x00,0x00,0x00,0x00,0x00,0x00,0x00,0x00,0x00,0x00,0x00,0x00,0x00,0x00,0x00,
    0x00,0x00,0x00,0x00,0x00,0x00,0x00,0x00,0x00,0x00,0x00,0x00,0x00,0x00,0x00,0x00,
    0x00,0x00,0x00,0x00,0xff,0x00,0x00,0x01,0x00,0x00,0x00,0x00,0xff,0x00,0x00,0x01,
    0xff,0x76,0x15,0xcc,0xff,0x7c,0x17,0xff,0xfe,0x77,0x16,0xfc,0xff,0x77,0x16,0xfe,
    0xff,0x79,0x16,0xff,0xff,0x74,0x15,0x30,0x00,0x00,0x00,0x00,0xff,0x7f,0x00,0x02,
    0x00,0x00,0x00,0x00,0x00,0x00,0x00,0x00,0x00,0x00,0x00,0x00,0x00,0x00,0x00,0x00,
    0x00,0x00,0x00,0x00,0x00,0x00,0x00,0x00,0x00,0x00,0x00,0x00,0x00,0x00,0x00,0x00,
    0x00,0x00,0x00,0x00,0x00,0x00,0x00,0x00,0x00,0x00,0x00,0x00,0x00,0x00,0x00,0x00,
    0x00,0x00,0x00,0x00,0x00,0x00,0x00,0x00,0x00,0x00,0x00,0x00,0x00,0x00,0x00,0x00,
    0xff,0x7f,0x00,0x02,0x00,0x00,0x00,0x00,0xff,0x74,0x15,0x30,0xff,0x79,0x16,0xff,
    0xff,0x77,0x16,0xfe,0xfe,0x77,0x16,0xfc,0xff,0x7c,0x17,0xff,0xff,0x76,0x15,0xcc,
    0xff,0x00,0x00,0x01,0x00,0x00,0x00,0x00,0xff,0x00,0x00,0x01,0x00,0x00,0x00,0x00,
    0x00,0x00,0x00,0x00,0x00,0x00,0x00,0x00,0x00,0x00,0x00,0x00,0x00,0x00,0x00,0x00,
    0x00,0x00,0x00,0x00,0x00,0x00,0x00,0x00,0x00,0x00,0x00,0x00,0x00,0x00,0x00,0x00,
    0x00,0x00,0x00,0x00,0x00,0x00,0x00,0x00,0x00,0x00,0x00,0x00,0x00,0x00,0x00,0x00,
    0x00,0x00,0x00,0x00,0x00,0x00,0x00,0x00,0x00,0x00,0x00,0x00,0xff,0x7f,0x00,0x04,
    0x00,0x00,0x00,0x00,0xff,0x75,0x15,0x82,0xff,0x7f,0x18,0xff,0xff,0x76,0x16,0xfb,
    0xff,0x76,0x16,0xfb,0xff,0x7f,0x18,0xff,0xff,0x75,0x14,0x7c,0x00,0x00,0x00,0x00,
    0xff,0x7f,0x00,0x04,0x00,0x00,0x00,0x00,0x00,0x00,0x00,0x00,0x00,0x00,0x00,0x00,
    0x00,0x00,0x00,0x00,0x00,0x00,0x00,0x00,0x00,0x00,0x00,0x00,0x00,0x00,0x00,0x00,
    0x00,0x00,0x00,0x00,0x00,0x00,0x00,0x00,0x00,0x00,0x00,0x00,0x00,0x00,0x00,0x00,
    0x00,0x00,0x00,0x00,0x00,0x00,0x00,0x00,0x00,0x00,0x00,0x00,0x00,0x00,0x00,0x00,
    0x00,0x00,0x00,0x00,0xff,0x00,0x00,0x01,0x00,0x00,0x00,0x00,0xff,0x00,0x00,0x01,
    0xff,0x76,0x15,0xcc,0xff,0x7c,0x17,0xff,0xfe,0x77,0x16,0xfc,0xff,0x77,0x16,0xfe,
    0xff,0x79,0x16,0xff,0xff,0x74,0x15,0x30,0x00,0x00,0x00,0x00,0xff,0x7f,0x00,0x02,
    0x00,0x00,0x00,0x00,0x00,0x00,0x00,0x00,0x00,0x00,0x00,0x00,0x00,0x00,0x00,0x00,
    0x00,0x00,0x00,0x00,0x00,0x00,0x00,0x00,0x00,0x00,0x00,0x00,0x00,0x00,0x00,0x00,
    0x00,0x00,0x00,0x00,0x00,0x00,0x00,0x00,0x00,0x00,0x00,0x00,0x00,0x00,0x00,0x00,
    0x00,0x00,0x00,0x00,0x00,0x00,0x00,0x00,0x00,0x00,0x00,0x00,0x00,0x00,0x00,0x00,
    0xff,0x7f,0x00,0x02,0x00,0x00,0x00,0x00,0xff,0x74,0x15,0x30,0xff,0x79,0x16,0xff,
    0xff,0x77,0x16,0xfe,0xfe,0x77,0x16,0xfc,0xff,0x7c,0x17,0xff,0xff,0x76,0x15,0xcc,
    0xff,0x00,0x00,0x01,0x00,0x00,0x00,0x00,0xff,0x00,0x00,0x01,0x00,0x00,0x00,0x00,
    0x00,0x00,0x00,0x00,0x00,0x00,0x00,0x00,0x00,0x00,0x00,0x00,0x00,0x00,0x00,0x00,
    0x00,0x00,0x00,0x00,0x00,0x00,0x00,0x00,0x00,0x00,0x00,0x00,0x00,0x00,0x00,0x00,
    0xff,0x7f,0x00,0x02,0xff,0x7f,0x00,0x02,0xff,0x7f,0x00,0x02,0xff,0x7f,0x00,0x02,
    0xff,0x7f,0x00,0x02,0xff,0x7f,0x00,0x02,0xff,0x7f,0x00,0x02,0xff,0x7f,0x00,0x06,
    0x00,0x00,0x00,0x00,0xff,0x76,0x15,0x83,0xff,0x7f,0x18,0xff,0xff,0x76,0x16,0xfb,
    0xff,0x76,0x16,0xfb,0xff,0x7f,0x18,0xff,0xff,0x76,0x14,0x7d,0x00,0x00,0x00,0x00,
    0xff,0x7f,0x00,0x06,0xff,0x7f,0x00,0x02,0xff,0x7f,0x00,0x02,0xff,0x7f,0x00,0x02,
    0xff,0x7f,0x00,0x02,0xff,0x7f,0x00,0x02,0xff,0x7f,0x00,0x02,0xff,0xff,0x00,0x01,
    0x00,0x00,0x00,0x00,0x00,0x00,0x00,0x00,0x00,0x00,0x00,0x00,0x00,0x00,0x00,0x00,
    0x00,0x00,0x00,0x00,0x00,0x00,0x00,0x00,0x00,0x00,0x00,0x00,0x00,0x00,0x00,0x00,
    0x00,0x00,0x00,0x00,0xff,0x00,0x00,0x01,0x00,0x00,0x00,0x00,0xff,0x00,0x00,0x01,
    0xff,0x76,0x15,0xcc,0xff,0x7c,0x17,0xff,0xfe,0x77,0x16,0xfc,0xff,0x77,0x16,0xfe,
    0xff,0x79,0x16,0xff,0xff,0x74,0x15,0x30,0x00,0x00,0x00,0x00,0xff,0x7f,0x00,0x02,
    0x00,0x00,0x00,0x00,0x00,0x00,0x00,0x00,0x00,0x00,0x00,0x00,0x00,0x00,0x00,0x00,
    0x00,0x00,0x00,0x00,0x00,0x00,0x00,0x00,0x00,0x00,0x00,0x00,0x00,0x00,0x00,0x00,
    0x00,0x00,0x00,0x00,0x00,0x00,0x00,0x00,0x00,0x00,0x00,0x00,0x00,0x00,0x00,0x00,
    0x00,0x00,0x00,0x00,0x00,0x00,0x00,0x00,0x00,0x00,0x00,0x00,0x00,0x00,0x00,0x00,
    0xff,0x7f,0x00,0x02,0x00,0x00,0x00,0x00,0xff,0x74,0x15,0x30,0xff,0x79,0x16,0xff,
    0xff,0x77,0x16,0xfe,0xfe,0x77,0x16,0xfc,0xff,0x7c,0x17,0xff,0xff,0x76,0x15,0xcc,
    0xff,0x00,0x00,0x01,0x00,0x00,0x00,0x00,0xff,0x00,0x00,0x01,0x00,0x00,0x00,0x00,
    0x00,0x00,0x00,0x00,0x00,0x00,0x00,0x00,0x00,0x00,0x00,0x00,0x00,0x00,0x00,0x00,
    0x00,0x00,0x00,0x00,0x00,0x00,0x00,0x00,0x00,0x00,0x00,0x00,0x00,0x00,0x00,0x00,
    0x00,0x00,0x00,0x00,0x00,0x00,0x00,0x00,0x00,0x00,0x00,0x00,0x00,0x00,0x00,0x00,
    0x00,0x00,0x00,0x00,0x00,0x00,0x00,0x00,0x00,0x00,0x00,0x00,0xff,0x7f,0x00,0x04,
    0x00,0x00,0x00,0x00,0xff,0x76,0x14,0x7f,0xff,0x7f,0x18,0xff,0xff,0x76,0x16,0xfb,
    0xff,0x76,0x16,0xfb,0xff,0x7f,0x18,0xff,0xff,0x77,0x15,0x78,0x00,0x00,0x00,0x00,
    0xff,0x7f,0x00,0x04,0x00,0x00,0x00,0x00,0x00,0x00,0x00,0x00,0x00,0x00,0x00,0x00,
    0x00,0x00,0x00,0x00,0x00,0x00,0x00,0x00,0x00,0x00,0x00,0x00,0x00,0x00,0x00,0x00,
    0x00,0x00,0x00,0x00,0x00,0x00,0x00,0x00,0x00,0x00,0x00,0x00,0x00,0x00,0x00,0x00,
    0x00,0x00,0x00,0x00,0x00,0x00,0x00,0x00,0x00,0x00,0x00,0x00,0x00,0x00,0x00,0x00,
    0x00,0x00,0x00,0x00,0xff,0x00,0x00,0x01,0x00,0x00,0x00,0x00,0xff,0x00,0x00,0x01,
    0xff,0x76,0x15,0xcc,0xff,0x7c,0x17,0xff,0xfe,0x77,0x16,0xfc,0xff,0x77,0x16,0xfe,
    0xff,0x79,0x16,0xff,0xff,0x74,0x15,0x30,0x00,0x00,0x00,0x00,0xff,0x7f,0x00,0x02,
    0x00,0x00,0x00,0x00,0x00,0x00,0x00,0x00,0x00,0x00,0x00,0x00,0x00,0x00,0x00,0x00,
    0x00,0x00,0x00,0x00,0x00,0x00,0x00,0x00,0x00,0x00,0x00,0x00,0x00,0x00,0x00,0x00,
    0x00,0x00,0x00,0x00,0x00,0x00,0x00,0x00,0x00,0x00,0x00,0x00,0x00,0x00,0x00,0x00,
    0x00,0x00,0x00,0x00,0x00,0x00,0x00,0x00,0x00,0x00,0x00,0x00,0x00,0x00,0x00,0x00,
    0xff,0x7f,0x00,0x02,0x00,0x00,0x00,0x00,0xff,0x74,0x15,0x30,0xff,0x79,0x16,0xff,
    0xff,0x77,0x16,0xfe,0xfe,0x77,0x16,0xfc,0xff,0x7c,0x17,0xff,0xff,0x76,0x15,0xcc,
    0xff,0x00,0x00,0x01,0x00,0x00,0x00,0x00,0xff,0x00,0x00,0x01,0x00,0x00,0x00,0x00,
    0x00,0x00,0x00,0x00,0x00,0x00,0x00,0x00,0x00,0x00,0x00,0x00,0x00,0x00,0x00,0x00,
    0x00,0x00,0x00,0x00,0x00,0x00,0x00,0x00,0xff,0x7f,0x00,0x02,0x00,0x00,0x00,0x00,
    0xff,0x77,0x15,0x78,0xff,0x76,0x15,0xbc,0xff,0x76,0x15,0xae,0xff,0x76,0x15,0xb1,
    0xff,0x76,0x15,0xb1,0xff,0x76,0x15,0xb1,0xff,0x76,0x15,0xb1,0xff,0x75,0x15,0xb2,
    0xff,0x76,0x16,0xac,0xff,0x76,0x16,0xd9,0xff,0x79,0x16,0xff,0xff,0x76,0x16,0xfe,
    0xff,0x76,0x16,0xfe,0xff,0x79,0x16,0xff,0xff,0x76,0x15,0xd7,0xff,0x76,0x16,0xac,
    0xff,0x75,0x15,0xb2,0xff,0x76,0x15,0xb1,0xff,0x76,0x15,0xb1,0xff,0x76,0x15,0xb1,
    0xff,0x76,0x15,0xb1,0xff,0x76,0x15,0xae,0xff,0x76,0x15,0xbc,0xff,0x74,0x13,0x74,
    0x00,0x00,0x00,0x00,0xff,0x7f,0x00,0x02,0x00,0x00,0x00,0x00,0x00,0x00,0x00,0x00,
    0x00,0x00,0x00,0x00,0x00,0x00,0x00,0x00,0x00,0x00,0x00,0x00,0x00,0x00,0x00,0x00,
    0x00,0x00,0x00,0x00,0xff,0x00,0x00,0x01,0x00,0x00,0x00,0x00,0xff,0x00,0x00,0x01,
    0xff,0x76,0x15,0xcc,0xff,0x7c,0x17,0xff,0xfe,0x77,0x16,0xfc,0xff,0x77,0x16,0xfe,
    0xff,0x79,0x16,0xff,0xff,0x74,0x15,0x30,0x00,0x00,0x00,0x00,0xff,0x7f,0x00,0x02,
    0x00,0x00,0x00,0x00,0x00,0x00,0x00,0x00,0x00,0x00,0x00,0x00,0x00,0x00,0x00,0x00,
    0x00,0x00,0x00,0x00,0x00,0x00,0x00,0x00,0x00,0x00,0x00,0x00,0x00,0x00,0x00,0x00,
    0x00,0x00,0x00,0x00,0x00,0x00,0x00,0x00,0x00,0x00,0x00,0x00,0x00,0x00,0x00,0x00,
    0x00,0x00,0x00,0x00,0x00,0x00,0x00,0x00,0x00,0x00,0x00,0x00,0x00,0x00,0x00,0x00,
    0xff,0x7f,0x00,0x02,0x00,0x00,0x00,0x00,0xff,0x74,0x15,0x30,0xff,0x79,0x16,0xff,
    0xff,0x77,0x16,0xfe,0xfe,0x77,0x16,0xfc,0xff,0x7c,0x17,0xff,0xff,0x76,0x15,0xcc,
    0xff,0x00,0x00,0x01,0x00,0x00,0x00,0x00,0xff,0x00,0x00,0x01,0x00,0x00,0x00,0x00,
    0x00,0x00,0x00,0x00,0x00,0x00,0x00,0x00,0x00,0x00,0x00,0x00,0x00,0x00,0x00,0x00,
    0x00,0x00,0x00,0x00,0x00,0x00,0x00,0x00,0xff,0x7f,0x00,0x02,0x00,0x00,0x00,0x00,
    0xff,0x7c,0x17,0xae,0xff,0x85,0x18,0xff,0xff,0x7c,0x17,0xfb,0xff,0x7d,0x17,0xff,
    0xff,0x7d,0x17,0xff,0xff,0x7d,0x17,0xff,0xff,0x7d,0x17,0xff,0xff,0x7d,0x17,0xff,
    0xff,0x7d,0x17,0xff,0xff,0x7a,0x17,0xff,0xff,0x77,0x16,0xff,0xff,0x77,0x16,0xff,
    0xff,0x77,0x16,0xff,0xff,0x77,0x16,0xff,0xff,0x7a,0x17,0xff,0xff,0x7d,0x17,0xff,
    0xff,0x7d,0x17,0xff,0xff,0x7d,0x17,0xff,0xff,0x7d,0x17,0xff,0xff,0x7d,0x17,0xff,
    0xff,0x7d,0x17,0xff,0xff,0x7c,0x17,0xfb,0xff,0x85,0x19,0xff,0xff,0x7c,0x16,0xa8,
    0x00,0x00,0x00,0x00,0xff,0x55,0x00,0x03,0x00,0x00,0x00,0x00,0x00,0x00,0x00,0x00,
    0x00,0x00,0x00,0x00,0x00,0x00,0x00,0x00,0x00,0x00,0x00,0x00,0x00,0x00,0x00,0x00,
    0x00,0x00,0x00,0x00,0xff,0x00,0x00,0x01,0x00,0x00,0x00,0x00,0xff,0x00,0x00,0x01,
    0xff,0x76,0x15,0xcc,0xff,0x7c,0x17,0xff,0xfe,0x77,0x16,0xfc,0xff,0x77,0x16,0xfe,
    0xff,0x79,0x16,0xff,0xff,0x74,0x15,0x30,0x00,0x00,0x00,0x00,0xff,0x7f,0x00,0x02,
    0x00,0x00,0x00,0x00,0x00,0x00,0x00,0x00,0x00,0x00,0x00,0x00,0x00,0x00,0x00,0x00,
    0x00,0x00,0x00,0x00,0x00,0x00,0x00,0x00,0x00,0x00,0x00,0x00,0x00,0x00,0x00,0x00,
    0x00,0x00,0x00,0x00,0x00,0x00,0x00,0x00,0x00,0x00,0x00,0x00,0x00,0x00,0x00,0x00,
    0x00,0x00,0x00,0x00,0x00,0x00,0x00,0x00,0x00,0x00,0x00,0x00,0x00,0x00,0x00,0x00,
    0xff,0x7f,0x00,0x02,0x00,0x00,0x00,0x00,0xff,0x74,0x15,0x30,0xff,0x79,0x16,0xff,
    0xff,0x77,0x16,0xfe,0xfe,0x77,0x16,0xfc,0xff,0x7c,0x17,0xff,0xff,0x76,0x15,0xcc,
    0xff,0x00,0x00,0x01,0x00,0x00,0x00,0x00,0xff,0x00,0x00,0x01,0x00,0x00,0x00,0x00,
    0x00,0x00,0x00,0x00,0x00,0x00,0x00,0x00,0x00,0x00,0x00,0x00,0x00,0x00,0x00,0x00,
    0x00,0x00,0x00,0x00,0x00,0x00,0x00,0x00,0xff,0x7f,0x00,0x02,0x00,0x00,0x00,0x00,
    0xff,0x77,0x16,0xab,0xff,0x7c,0x17,0xff,0xff,0x76,0x16,0xf8,0xfe,0x76,0x16,0xfc,
    0xfe,0x76,0x16,0xfc,0xfe,0x76,0x16,0xfc,0xfe,0x76,0x16,0xfc,0xfe,0x76,0x16,0xfc,
    0xfe,0x76,0x16,0xfc,0xff,0x76,0x16,0xfd,0xff,0x77,0x16,0xff,0xff,0x77,0x16,0xff,
    0xff,0x77,0x16,0xff,0xff,0x77,0x16,0xff,0xff,0x76,0x16,0xfd,0xfe,0x76,0x16,0xfc,
    0xfe,0x76,0x16,0xfc,0xfe,0x76,0x16,0xfc,0xfe,0x76,0x16,0xfc,0xfe,0x76,0x16,0xfc,
    0xfe,0x76,0x16,0xfc,0xff,0x76,0x16,0xf8,0xff,0x7d,0x17,0xff,0xff,0x75,0x15,0xa5,
    0x00,0x00,0x00,0x00,0xff,0x55,0x00,0x03,0x00,0x00,0x00,0x00,0x00,0x00,0x00,0x00,
    0x00,0x00,0x00,0x00,0x00,0x00,0x00,0x00,0x00,0x00,0x00,0x00,0x00,0x00,0x00,0x00,
    0x00,0x00,0x00,0x00,0xff,0x00,0x00,0x01,0x00,0x00,0x00,0x00,0xff,0x00,0x00,0x01,
    0xff,0x76,0x15,0xcc,0xff,0x7c,0x17,0xff,0xfe,0x77,0x16,0xfc,0xff,0x77,0x16,0xfe,
    0xff,0x79,0x16,0xff,0xff,0x74,0x15,0x30,0x00,0x00,0x00,0x00,0xff,0x7f,0x00,0x02,
    0x00,0x00,0x00,0x00,0x00,0x00,0x00,0x00,0x00,0x00,0x00,0x00,0x00,0x00,0x00,0x00,
    0x00,0x00,0x00,0x00,0x00,0x00,0x00,0x00,0x00,0x00,0x00,0x00,0x00,0x00,0x00,0x00,
    0x00,0x00,0x00,0x00,0x00,0x00,0x00,0x00,0x00,0x00,0x00,0x00,0x00,0x00,0x00,0x00,
    0x00,0x00,0x00,0x00,0x00,0x00,0x00,0x00,0x00,0x00,0x00,0x00,0x00,0x00,0x00,0x00,
    0xff,0x7f,0x00,0x02,0x00,0x00,0x00,0x00,0xff,0x74,0x15,0x30,0xff,0x79,0x16,0xff,
    0xff,0x77,0x16,0xfe,0xfe,0x77,0x16,0xfc,0xff,0x7c,0x17,0xff,0xff,0x76,0x15,0xcc,
    0xff,0x00,0x00,0x01,0x00,0x00,0x00,0x00,0xff,0x00,0x00,0x01,0x00,0x00,0x00,0x00,
    0x00,0x00,0x00,0x00,0x00,0x00,0x00,0x00,0x00,0x00,0x00,0x00,0x00,0x00,0x00,0x00,
    0x00,0x00,0x00,0x00,0x00,0x00,0x00,0x00,0xff,0x7f,0x00,0x02,0x00,0x00,0x00,0x00,
    0xff,0x76,0x16,0xac,0xff,0x7d,0x17,0xff,0xff,0x76,0x16,0xf9,0xff,0x76,0x16,0xfd,
    0xff,0x76,0x16,0xfd,0xff,0x76,0x16,0xfd,0xff,0x76,0x16,0xfd,0xff,0x76,0x16,0xfd,
    0xff,0x76,0x16,0xfd,0xff,0x76,0x16,0xfe,0xff,0x77,0x16,0xff,0xff,0x77,0x16,0xff,
    0xff,0x77,0x16,0xff,0xff,0x77,0x16,0xff,0xff,0x76,0x16,0xfe,0xff,0x76,0x16,0xfd,
    0xff,0x76,0x16,0xfd,0xff,0x76,0x16,0xfd,0xff,0x76,0x16,0xfd,0xff,0x76,0x16,0xfd,
    0xff,0x76,0x16,0xfd,0xff,0x76,0x16,0xf9,0xff,0x7e,0x17,0xff,0xff,0x76,0x15,0xa6,
    0x00,0x00,0x00,0x00,0xff,0x55,0x00,0x03,0x00,0x00,0x00,0x00,0x00,0x00,0x00,0x00,
    0x00,0x00,0x00,0x00,0x00,0x00,0x00,0x00,0x00,0x00,0x00,0x00,0x00,0x00,0x00,0x00,
    0x00,0x00,0x00,0x00,0xff,0x00,0x00,0x01,0x00,0x00,0x00,0x00,0xff,0x00,0x00,0x01,
    0xff,0x76,0x15,0xcc,0xff,0x7c,0x17,0xff,0xfe,0x77,0x16,0xfc,0xff,0x77,0x16,0xfe,
    0xff,0x79,0x16,0xff,0xff,0x74,0x15,0x30,0x00,0x00,0x00,0x00,0xff,0x7f,0x00,0x02,
    0x00,0x00,0x00,0x00,0x00,0x00,0x00,0x00,0x00,0x00,0x00,0x00,0x00,0x00,0x00,0x00,
    0x00,0x00,0x00,0x00,0x00,0x00,0x00,0x00,0x00,0x00,0x00,0x00,0x00,0x00,0x00,0x00,
    0x00,0x00,0x00,0x00,0x00,0x00,0x00,0x00,0x00,0x00,0x00,0x00,0x00,0x00,0x00,0x00,
    0x00,0x00,0x00,0x00,0x00,0x00,0x00,0x00,0x00,0x00,0x00,0x00,0x00,0x00,0x00,0x00,
    0xff,0x7f,0x00,0x02,0x00,0x00,0x00,0x00,0xff,0x74,0x15,0x30,0xff,0x79,0x16,0xff,
    0xff,0x77,0x16,0xfe,0xfe,0x77,0x16,0xfc,0xff,0x7c,0x17,0xff,0xff,0x76,0x15,0xcc,
    0xff,0x00,0x00,0x01,0x00,0x00,0x00,0x00,0xff,0x00,0x00,0x01,0x00,0x00,0x00,0x00,
    0x00,0x00,0x00,0x00,0x00,0x00,0x00,0x00,0x00,0x00,0x00,0x00,0x00,0x00,0x00,0x00,
    0x00,0x00,0x00,0x00,0x00,0x00,0x00,0x00,0xff,0x7f,0x00,0x02,0x00,0x00,0x00,0x00,
    0xff,0x7b,0x17,0xae,0xff,0x83,0x18,0xff,0xff,0x7b,0x17,0xfb,0xff,0x7c,0x17,0xff,
    0xff,0x7c,0x17,0xff,0xff,0x7c,0x17,0xff,0xff,0x7c,0x17,0xff,0xff,0x7c,0x17,0xff,
    0xff,0x7c,0x17,0xff,0xff,0x7a,0x17,0xff,0xff,0x77,0x16,0xff,0xff,0x77,0x16,0xff,
    0xff,0x77,0x16,0xff,0xff,0x77,0x16,0xff,0xff,0x7a,0x17,0xff,0xff,0x7c,0x17,0xff,
    0xff,0x7c,0x17,0xff,0xff,0x7c,0x17,0xff,0xff,0x7c,0x17,0xff,0xff,0x7c,0x17,0xff,
    0xff,0x7c,0x17,0xff,0xff,0x7b,0x17,0xfb,0xff,0x84,0x19,0xff,0xff,0x7a,0x16,0xa8,
    0x00,0x00,0x00,0x00,0xff,0x55,0x00,0x03,0x00,0x00,0x00,0x00,0x00,0x00,0x00,0x00,
    0x00,0x00,0x00,0x00,0x00,0x00,0x00,0x00,0x00,0x00,0x00,0x00,0x00,0x00,0x00,0x00,
    0x00,0x00,0x00,0x00,0xff,0x00,0x00,0x01,0x00,0x00,0x00,0x00,0xff,0x00,0x00,0x01,
    0xff,0x76,0x15,0xcc,0xff,0x7c,0x17,0xff,0xfe,0x77,0x16,0xfc,0xff,0x77,0x16,0xfe,
    0xff,0x79,0x16,0xff,0xff,0x74,0x15,0x30,0x00,0x00,0x00,0x00,0xff,0x7f,0x00,0x02,
    0x00,0x00,0x00,0x00,0x00,0x00,0x00,0x00,0x00,0x00,0x00,0x00,0x00,0x00,0x00,0x00,
    0x00,0x00,0x00,0x00,0x00,0x00,0x00,0x00,0x00,0x00,0x00,0x00,0x00,0x00,0x00,0x00,
    0x00,0x00,0x00,0x00,0x00,0x00,0x00,0x00,0x00,0x00,0x00,0x00,0x00,0x00,0x00,0x00,
    0x00,0x00,0x00,0x00,0x00,0x00,0x00,0x00,0x00,0x00,0x00,0x00,0x00,0x00,0x00,0x00,
    0xff,0x7f,0x00,0x02,0x00,0x00,0x00,0x00,0xff,0x74,0x15,0x30,0xff,0x79,0x16,0xff,
    0xff,0x77,0x16,0xfe,0xfe,0x77,0x16,0xfc,0xff,0x7c,0x17,0xff,0xff,0x76,0x15,0xcc,
    0xff,0x00,0x00,0x01,0x00,0x00,0x00,0x00,0xff,0x00,0x00,0x01,0x00,0x00,0x00,0x00,
    0x00,0x00,0x00,0x00,0x00,0x00,0x00,0x00,0x00,0x00,0x00,0x00,0x00,0x00,0x00,0x00,
    0x00,0x00,0x00,0x00,0x00,0x00,0x00,0x00,0xff,0x00,0x00,0x01,0x00,0x00,0x00,0x00,
    0xff,0x76,0x12,0x36,0xff,0x75,0x12,0x55,0xff,0x74,0x13,0x4f,0xff,0x75,0x13,0x50,
    0xff,0x75,0x13,0x50,0xff,0x75,0x13,0x50,0xff,0x75,0x13,0x50,0xfe,0x76,0x12,0x52,
    0xff,0x76,0x12,0x45,0xff,0x77,0x15,0xa9,0xff,0x7c,0x17,0xff,0xfe,0x77,0x16,0xfc,
    0xfe,0x77,0x16,0xfc,0xff,0x7d,0x17,0xff,0xff,0x77,0x15,0xa5,0xff,0x76,0x12,0x45,
    0xfe,0x76,0x12,0x52,0xff,0x75,0x13,0x50,0xff,0x75,0x13,0x50,0xff,0x75,0x13,0x50,
    0xff,0x75,0x13,0x50,0xff,0x74,0x13,0x4f,0xff,0x75,0x12,0x55,0xff,0x73,0x13,0x35,
    0x00,0x00,0x00,0x00,0xff,0x00,0x00,0x01,0x00,0x00,0x00,0x00,0x00,0x00,0x00,0x00,
    0x00,0x00,0x00,0x00,0x00,0x00,0x00,0x00,0x00,0x00,0x00,0x00,0x00,0x00,0x00,0x00,
    0x00,0x00,0x00,0x00,0xff,0x00,0x00,0x01,0x00,0x00,0x00,0x00,0xff,0x00,0x00,0x01,
    0xff,0x76,0x15,0xcc,0xff,0x7c,0x17,0xff,0xfe,0x77,0x16,0xfc,0xff,0x77,0x16,0xfe,
    0xff,0x79,0x16,0xff,0xff,0x74,0x15,0x30,0x00,0x00,0x00,0x00,0xff,0x7f,0x00,0x02,
    0x00,0x00,0x00,0x00,0x00,0x00,0x00,0x00,0x00,0x00,0x00,0x00,0x00,0x00,0x00,0x00,
    0x00,0x00,0x00,0x00,0x00,0x00,0x00,0x00,0x00,0x00,0x00,0x00,0x00,0x00,0x00,0x00,
    0x00,0x00,0x00,0x00,0x00,0x00,0x00,0x00,0x00,0x00,0x00,0x00,0x00,0x00,0x00,0x00,
    0x00,0x00,0x00,0x00,0x00,0x00,0x00,0x00,0x00,0x00,0x00,0x00,0x00,0x00,0x00,0x00,
    0xff,0x7f,0x00,0x02,0x00,0x00,0x00,0x00,0xff,0x74,0x15,0x30,0xff,0x79,0x16,0xff,
    0xff,0x77,0x16,0xfe,0xfe,0x77,0x16,0xfc,0xff,0x7c,0x17,0xff,0xff,0x76,0x15,0xcc,
    0xff,0x00,0x00,0x01,0x00,0x00,0x00,0x00,0xff,0x00,0x00,0x01,0x00,0x00,0x00,0x00,
    0x00,0x00,0x00,0x00,0x00,0x00,0x00,0x00,0x00,0x00,0x00,0x00,0x00,0x00,0x00,0x00,
    0x00,0x00,0x00,0x00,0x00,0x00,0x00,0x00,0x00,0x00,0x00,0x00,0x00,0x00,0x00,0x00,
    0x00,0x00,0x00,0x00,0x00,0x00,0x00,0x00,0x00,0x00,0x00,0x00,0x00,0x00,0x00,0x00,
    0x00,0x00,0x00,0x00,0x00,0x00,0x00,0x00,0x00,0x00,0x00,0x00,0xff,0x7f,0x00,0x04,
    0x00,0x00,0x00,0x00,0xff,0x76,0x14,0x7d,0xff,0x7f,0x18,0xff,0xff,0x76,0x16,0xfb,
    0xff,0x76,0x16,0xfb,0xff,0x7f,0x18,0xff,0xfe,0x75,0x15,0x77,0x00,0x00,0x00,0x00,
    0xff,0x7f,0x00,0x04,0x00,0x00,0x00,0x00,0x00,0x00,0x00,0x00,0x00,0x00,0x00,0x00,
    0x00,0x00,0x00,0x00,0x00,0x00,0x00,0x00,0x00,0x00,0x00,0x00,0x00,0x00,0x00,0x00,
    0x00,0x00,0x00,0x00,0x00,0x00,0x00,0x00,0x00,0x00,0x00,0x00,0x00,0x00,0x00,0x00,
    0x00,0x00,0x00,0x00,0x00,0x00,0x00,0x00,0x00,0x00,0x00,0x00,0x00,0x00,0x00,0x00,
    0x00,0x00,0x00,0x00,0xff,0x00,0x00,0x01,0x00,0x00,0x00,0x00,0xff,0x00,0x00,0x01,
    0xff,0x76,0x15,0xcc,0xff,0x7c,0x17,0xff,0xfe,0x77,0x16,0xfc,0xff,0x77,0x16,0xfe,
    0xff,0x79,0x16,0xff,0xff,0x74,0x15,0x30,0x00,0x00,0x00,0x00,0xff,0x7f,0x00,0x02,
    0x00,0x00,0x00,0x00,0x00,0x00,0x00,0x00,0x00,0x00,0x00,0x00,0x00,0x00,0x00,0x00,
    0x00,0x00,0x00,0x00,0x00,0x00,0x00,0x00,0x00,0x00,0x00,0x00,0x00,0x00,0x00,0x00,
    0x00,0x00,0x00,0x00,0x00,0x00,0x00,0x00,0x00,0x00,0x00,0x00,0x00,0x00,0x00,0x00,
    0x00,0x00,0x00,0x00,0x00,0x00,0x00,0x00,0x00,0x00,0x00,0x00,0x00,0x00,0x00,0x00,
    0xff,0x7f,0x00,0x02,0x00,0x00,0x00,0x00,0xff,0x74,0x15,0x30,0xff,0x79,0x16,0xff,
    0xff,0x77,0x16,0xfe,0xfe,0x77,0x16,0xfc,0xff,0x7c,0x17,0xff,0xff,0x76,0x15,0xcc,
    0xff,0x00,0x00,0x01,0x00,0x00,0x00,0x00,0xff,0x00,0x00,0x01,0x00,0x00,0x00,0x00,
    0x00,0x00,0x00,0x00,0x00,0x00,0x00,0x00,0x00,0x00,0x00,0x00,0x00,0x00,0x00,0x00,
    0x00,0x00,0x00,0x00,0x00,0x00,0x00,0x00,0x00,0x00,0x00,0x00,0x00,0x00,0x00,0x00,
    0xff,0x7f,0x00,0x02,0xff,0xaa,0x00,0x03,0xff,0xaa,0x00,0x03,0xff,0xaa,0x00,0x03,
    0xff,0xaa,0x00,0x03,0xff,0xaa,0x00,0x03,0xff,0xaa,0x00,0x03,0xfe,0x91,0x00,0x07,
    0x00,0x00,0x00,0x00,0xff,0x76,0x15,0x83,0xff,0x7f,0x18,0xff,0xff,0x76,0x16,0xfb,
    0xff,0x76,0x16,0xfb,0xff,0x7f,0x18,0xff,0xff,0x76,0x14,0x7d,0x00,0x00,0x00,0x00,
    0xfe,0x91,0x00,0x07,0xff,0xaa,0x00,0x03,0xff,0xaa,0x00,0x03,0xff,0xaa,0x00,0x03,
    0xff,0xaa,0x00,0x03,0xff,0xaa,0x00,0x03,0xff,0xaa,0x00,0x03,0xff,0x7f,0x00,0x02,
    0x00,0x00,0x00,0x00,0x00,0x00,0x00,0x00,0x00,0x00,0x00,0x00,0x00,0x00,0x00,0x00,
    0x00,0x00,0x00,0x00,0x00,0x00,0x00,0x00,0x00,0x00,0x00,0x00,0x00,0x00,0x00,0x00,
    0x00,0x00,0x00,0x00,0xff,0x00,0x00,0x01,0x00,0x00,0x00,0x00,0xff,0x00,0x00,0x01,
    0xff,0x76,0x15,0xcc,0xff,0x7c,0x17,0xff,0xfe,0x77,0x16,0xfc,0xff,0x77,0x16,0xfe,
    0xff,0x79,0x16,0xff,0xff,0x74,0x15,0x30,0x00,0x00,0x00,0x00,0xff,0x7f,0x00,0x02,
    0x00,0x00,0x00,0x00,0x00,0x00,0x00,0x00,0x00,0x00,0x00,0x00,0x00,0x00,0x00,0x00,
    0x00,0x00,0x00,0x00,0x00,0x00,0x00,0x00,0x00,0x00,0x00,0x00,0x00,0x00,0x00,0x00,
    0x00,0x00,0x00,0x00,0x00,0x00,0x00,0x00,0x00,0x00,0x00,0x00,0x00,0x00,0x00,0x00,
    0x00,0x00,0x00,0x00,0x00,0x00,0x00,0x00,0x00,0x00,0x00,0x00,0x00,0x00,0x00,0x00,
    0xff,0x7f,0x00,0x02,0x00,0x00,0x00,0x00,0xff,0x74,0x15,0x30,0xff,0x79,0x16,0xff,
    0xff,0x77,0x16,0xfe,0xfe,0x77,0x16,0xfc,0xff,0x7c,0x17,0xff,0xff,0x76,0x15,0xcc,
    0xff,0x00,0x00,0x01,0x00,0x00,0x00,0x00,0xff,0x00,0x00,0x01,0x00,0x00,0x00,0x00,
    0x00,0x00,0x00,0x00,0x00,0x00,0x00,0x00,0x00,0x00,0x00,0x00,0x00,0x00,0x00,0x00,
    0x00,0x00,0x00,0x00,0x00,0x00,0x00,0x00,0x00,0x00,0x00,0x00,0x00,0x00,0x00,0x00,
    0x00,0x00,0x00,0x00,0x00,0x00,0x00,0x00,0x00,0x00,0x00,0x00,0x00,0x00,0x00,0x00,
    0x00,0x00,0x00,0x00,0x00,0x00,0x00,0x00,0x00,0x00,0x00,0x00,0xff,0x7f,0x00,0x04,
    0x00,0x00,0x00,0x00,0xff,0x75,0x15,0x82,0xff,0x7f,0x18,0xff,0xff,0x76,0x16,0xfb,
    0xff,0x76,0x16,0xfb,0xff,0x7f,0x18,0xff,0xff,0x75,0x14,0x7c,0x00,0x00,0x00,0x00,
    0xff,0x7f,0x00,0x04,0x00,0x00,0x00,0x00,0x00,0x00,0x00,0x00,0x00,0x00,0x00,0x00,
    0x00,0x00,0x00,0x00,0x00,0x00,0x00,0x00,0x00,0x00,0x00,0x00,0x00,0x00,0x00,0x00,
    0x00,0x00,0x00,0x00,0x00,0x00,0x00,0x00,0x00,0x00,0x00,0x00,0x00,0x00,0x00,0x00,
    0x00,0x00,0x00,0x00,0x00,0x00,0x00,0x00,0x00,0x00,0x00,0x00,0x00,0x00,0x00,0x00,
    0x00,0x00,0x00,0x00,0xff,0x00,0x00,0x01,0x00,0x00,0x00,0x00,0xff,0x00,0x00,0x01,
    0xff,0x76,0x15,0xcc,0xff,0x7c,0x17,0xff,0xfe,0x77,0x16,0xfc,0xff,0x77,0x16,0xfe,
    0xff,0x79,0x16,0xff,0xff,0x74,0x15,0x30,0x00,0x00,0x00,0x00,0xff,0x7f,0x00,0x02,
    0x00,0x00,0x00,0x00,0x00,0x00,0x00,0x00,0x00,0x00,0x00,0x00,0x00,0x00,0x00,0x00,
    0x00,0x00,0x00,0x00,0x00,0x00,0x00,0x00,0x00,0x00,0x00,0x00,0x00,0x00,0x00,0x00,
    0x00,0x00,0x00,0x00,0x00,0x00,0x00,0x00,0x00,0x00,0x00,0x00,0x00,0x00,0x00,0x00,
    0x00,0x00,0x00,0x00,0x00,0x00,0x00,0x00,0x00,0x00,0x00,0x00,0x00,0x00,0x00,0x00,
    0xff,0x7f,0x00,0x02,0x00,0x00,0x00,0x00,0xff,0x74,0x15,0x30,0xff,0x79,0x16,0xff,
    0xff,0x77,0x16,0xfe,0xfe,0x77,0x16,0xfc,0xff,0x7c,0x17,0xff,0xff,0x76,0x15,0xcc,
    0xff,0x00,0x00,0x01,0x00,0x00,0x00,0x00,0xff,0x00,0x00,0x01,0x00,0x00,0x00,0x00,
    0x00,0x00,0x00,0x00,0x00,0x00,0x00,0x00,0x00,0x00,0x00,0x00,0x00,0x00,0x00,0x00,
    0x00,0x00,0x00,0x00,0x00,0x00,0x00,0x00,0x00,0x00,0x00,0x00,0x00,0x00,0x00,0x00,
    0x00,0x00,0x00,0x00,0x00,0x00,0x00,0x00,0x00,0x00,0x00,0x00,0x00,0x00,0x00,0x00,
    0x00,0x00,0x00,0x00,0x00,0x00,0x00,0x00,0x00,0x00,0x00,0x00,0xff,0x7f,0x00,0x04,
    0x00,0x00,0x00,0x00,0xff,0x75,0x15,0x82,0xff,0x7f,0x18,0xff,0xff,0x76,0x16,0xfb,
    0xff,0x76,0x16,0xfb,0xff,0x7f,0x18,0xff,0xff,0x75,0x14,0x7c,0x00,0x00,0x00,0x00,
    0xff,0x7f,0x00,0x04,0x00,0x00,0x00,0x00,0x00,0x00,0x00,0x00,0x00,0x00,0x00,0x00,
    0x00,0x00,0x00,0x00,0x00,0x00,0x00,0x00,0x00,0x00,0x00,0x00,0x00,0x00,0x00,0x00,
    0x00,0x00,0x00,0x00,0x00,0x00,0x00,0x00,0x00,0x00,0x00,0x00,0x00,0x00,0x00,0x00,
    0x00,0x00,0x00,0x00,0x00,0x00,0x00,0x00,0x00,0x00,0x00,0x00,0x00,0x00,0x00,0x00,
    0x00,0x00,0x00,0x00,0xff,0x00,0x00,0x01,0x00,0x00,0x00,0x00,0xff,0x00,0x00,0x01,
    0xff,0x76,0x15,0xcc,0xff,0x7c,0x17,0xff,0xfe,0x77,0x16,0xfc,0xff,0x77,0x16,0xfe,
    0xff,0x79,0x16,0xff,0xff,0x74,0x15,0x30,0x00,0x00,0x00,0x00,0xff,0x7f,0x00,0x02,
    0x00,0x00,0x00,0x00,0x00,0x00,0x00,0x00,0x00,0x00,0x00,0x00,0x00,0x00,0x00,0x00,
    0x00,0x00,0x00,0x00,0x00,0x00,0x00,0x00,0x00,0x00,0x00,0x00,0x00,0x00,0x00,0x00,
    0x00,0x00,0x00,0x00,0x00,0x00,0x00,0x00,0x00,0x00,0x00,0x00,0x00,0x00,0x00,0x00,
    0x00,0x00,0x00,0x00,0x00,0x00,0x00,0x00,0x00,0x00,0x00,0x00,0x00,0x00,0x00,0x00,
    0xff,0x7f,0x00,0x02,0x00,0x00,0x00,0x00,0xff,0x74,0x15,0x30,0xff,0x79,0x16,0xff,
    0xff,0x77,0x16,0xfe,0xfe,0x77,0x16,0xfc,0xff,0x7c,0x17,0xff,0xff,0x76,0x15,0xcc,
    0xff,0x00,0x00,0x01,0x00,0x00,0x00,0x00,0xff,0x00,0x00,0x01,0x00,0x00,0x00,0x00,
    0x00,0x00,0x00,0x00,0x00,0x00,0x00,0x00,0x00,0x00,0x00,0x00,0x00,0x00,0x00,0x00,
    0x00,0x00,0x00,0x00,0x00,0x00,0x00,0x00,0x00,0x00,0x00,0x00,0x00,0x00,0x00,0x00,
    0x00,0x00,0x00,0x00,0x00,0x00,0x00,0x00,0x00,0x00,0x00,0x00,0x00,0x00,0x00,0x00,
    0x00,0x00,0x00,0x00,0x00,0x00,0x00,0x00,0x00,0x00,0x00,0x00,0xff,0x7f,0x00,0x04,
    0x00,0x00,0x00,0x00,0xff,0x75,0x15,0x82,0xff,0x7f,0x18,0xff,0xff,0x76,0x16,0xfb,
    0xff,0x76,0x16,0xfb,0xff,0x7f,0x18,0xff,0xff,0x75,0x14,0x7c,0x00,0x00,0x00,0x00,
    0xff,0x7f,0x00,0x04,0x00,0x00,0x00,0x00,0x00,0x00,0x00,0x00,0x00,0x00,0x00,0x00,
    0x00,0x00,0x00,0x00,0x00,0x00,0x00,0x00,0x00,0x00,0x00,0x00,0x00,0x00,0x00,0x00,
    0x00,0x00,0x00,0x00,0x00,0x00,0x00,0x00,0x00,0x00,0x00,0x00,0x00,0x00,0x00,0x00,
    0x00,0x00,0x00,0x00,0x00,0x00,0x00,0x00,0x00,0x00,0x00,0x00,0x00,0x00,0x00,0x00,
    0x00,0x00,0x00,0x00,0xff,0x00,0x00,0x01,0x00,0x00,0x00,0x00,0xff,0x00,0x00,0x01,
    0xff,0x76,0x15,0xcc,0xff,0x7c,0x17,0xff,0xfe,0x77,0x16,0xfc,0xff,0x77,0x16,0xfe,
    0xff,0x79,0x16,0xff,0xff,0x74,0x15,0x30,0x00,0x00,0x00,0x00,0xff,0x7f,0x00,0x02,
    0x00,0x00,0x00,0x00,0x00,0x00,0x00,0x00,0x00,0x00,0x00,0x00,0x00,0x00,0x00,0x00,
    0x00,0x00,0x00,0x00,0x00,0x00,0x00,0x00,0x00,0x00,0x00,0x00,0x00,0x00,0x00,0x00,
    0x00,0x00,0x00,0x00,0x00,0x00,0x00,0x00,0x00,0x00,0x00,0x00,0x00,0x00,0x00,0x00,
    0x00,0x00,0x00,0x00,0x00,0x00,0x00,0x00,0x00,0x00,0x00,0x00,0x00,0x00,0x00,0x00,
    0xff,0x7f,0x00,0x02,0x00,0x00,0x00,0x00,0xff,0x74,0x15,0x30,0xff,0x79,0x16,0xff,
    0xff,0x77,0x16,0xfe,0xfe,0x77,0x16,0xfc,0xff,0x7c,0x17,0xff,0xff,0x76,0x15,0xcc,
    0xff,0x00,0x00,0x01,0x00,0x00,0x00,0x00,0xff,0x00,0x00,0x01,0x00,0x00,0x00,0x00,
    0x00,0x00,0x00,0x00,0x00,0x00,0x00,0x00,0x00,0x00,0x00,0x00,0x00,0x00,0x00,0x00,
    0x00,0x00,0x00,0x00,0x00,0x00,0x00,0x00,0x00,0x00,0x00,0x00,0x00,0x00,0x00,0x00,
    0x00,0x00,0x00,0x00,0x00,0x00,0x00,0x00,0x00,0x00,0x00,0x00,0x00,0x00,0x00,0x00,
    0x00,0x00,0x00,0x00,0x00,0x00,0x00,0x00,0x00,0x00,0x00,0x00,0xff,0x7f,0x00,0x04,
    0x00,0x00,0x00,0x00,0xff,0x75,0x15,0x82,0xff,0x7f,0x18,0xff,0xff,0x76,0x16,0xfb,
    0xff,0x76,0x16,0xfb,0xff,0x7f,0x18,0xff,0xff,0x75,0x14,0x7c,0x00,0x00,0x00,0x00,
    0xff,0x7f,0x00,0x04,0x00,0x00,0x00,0x00,0x00,0x00,0x00,0x00,0x00,0x00,0x00,0x00,
    0x00,0x00,0x00,0x00,0x00,0x00,0x00,0x00,0x00,0x00,0x00,0x00,0x00,0x00,0x00,0x00,
    0x00,0x00,0x00,0x00,0x00,0x00,0x00,0x00,0x00,0x00,0x00,0x00,0x00,0x00,0x00,0x00,
    0x00,0x00,0x00,0x00,0x00,0x00,0x00,0x00,0x00,0x00,0x00,0x00,0x00,0x00,0x00,0x00,
    0x00,0x00,0x00,0x00,0xff,0x00,0x00,0x01,0x00,0x00,0x00,0x00,0xff,0x00,0x00,0x01,
    0xff,0x76,0x15,0xcc,0xff,0x7c,0x17,0xff,0xfe,0x77,0x16,0xfc,0xff,0x77,0x16,0xfe,
    0xff,0x79,0x16,0xff,0xff,0x74,0x15,0x30,0x00,0x00,0x00,0x00,0xff,0x7f,0x00,0x02,
    0x00,0x00,0x00,0x00,0x00,0x00,0x00,0x00,0x00,0x00,0x00,0x00,0x00,0x00,0x00,0x00,
    0x00,0x00,0x00,0x00,0x00,0x00,0x00,0x00,0x00,0x00,0x00,0x00,0x00,0x00,0x00,0x00,
    0x00,0x00,0x00,0x00,0x00,0x00,0x00,0x00,0x00,0x00,0x00,0x00,0x00,0x00,0x00,0x00,
    0x00,0x00,0x00,0x00,0x00,0x00,0x00,0x00,0x00,0x00,0x00,0x00,0x00,0x00,0x00,0x00,
    0xff,0x7f,0x00,0x02,0x00,0x00,0x00,0x00,0xff,0x74,0x15,0x30,0xff,0x79,0x16,0xff,
    0xff,0x77,0x16,0xfe,0xfe,0x77,0x16,0xfc,0xff,0x7c,0x17,0xff,0xff,0x76,0x15,0xcc,
    0xff,0x00,0x00,0x01,0x00,0x00,0x00,0x00,0xff,0x00,0x00,0x01,0x00,0x00,0x00,0x00,
    0x00,0x00,0x00,0x00,0x00,0x00,0x00,0x00,0x00,0x00,0x00,0x00,0x00,0x00,0x00,0x00,
    0x00,0x00,0x00,0x00,0x00,0x00,0x00,0x00,0x00,0x00,0x00,0x00,0x00,0x00,0x00,0x00,
    0x00,0x00,0x00,0x00,0x00,0x00,0x00,0x00,0x00,0x00,0x00,0x00,0x00,0x00,0x00,0x00,
    0x00,0x00,0x00,0x00,0x00,0x00,0x00,0x00,0x00,0x00,0x00,0x00,0xff,0xaa,0x00,0x03,
    0x00,0x00,0x00,0x00,0xff,0x77,0x15,0x80,0xff,0x7d,0x18,0xff,0xff,0x76,0x16,0xf7,
    0xff,0x76,0x16,0xf7,0xff,0x7d,0x18,0xff,0xff,0x75,0x14,0x7a,0x00,0x00,0x00,0x00,
    0xff,0x7f,0x00,0x04,0x00,0x00,0x00,0x00,0x00,0x00,0x00,0x00,0x00,0x00,0x00,0x00,
    0x00,0x00,0x00,0x00,0x00,0x00,0x00,0x00,0x00,0x00,0x00,0x00,0x00,0x00,0x00,0x00,
    0x00,0x00,0x00,0x00,0x00,0x00,0x00,0x00,0x00,0x00,0x00,0x00,0x00,0x00,0x00,0x00,
    0x00,0x00,0x00,0x00,0x00,0x00,0x00,0x00,0x00,0x00,0x00,0x00,0x00,0x00,0x00,0x00,
    0x00,0x00,0x00,0x00,0xff,0x00,0x00,0x01,0x00,0x00,0x00,0x00,0xff,0x00,0x00,0x01,
    0xff,0x76,0x15,0xcc,0xff,0x7c,0x17,0xff,0xfe,0x77,0x16,0xfc,0xff,0x77,0x16,0xfe,
    0xff,0x79,0x16,0xff,0xff,0x74,0x15,0x30,0x00,0x00,0x00,0x00,0xff,0x7f,0x00,0x02,
    0x00,0x00,0x00,0x00,0x00,0x00,0x00,0x00,0x00,0x00,0x00,0x00,0x00,0x00,0x00,0x00,
    0x00,0x00,0x00,0x00,0x00,0x00,0x00,0x00,0x00,0x00,0x00,0x00,0x00,0x00,0x00,0x00,
    0x00,0x00,0x00,0x00,0x00,0x00,0x00,0x00,0x00,0x00,0x00,0x00,0x00,0x00,0x00,0x00,
    0x00,0x00,0x00,0x00,0x00,0x00,0x00,0x00,0x00,0x00,0x00,0x00,0x00,0x00,0x00,0x00,
    0xff,0x7f,0x00,0x02,0x00,0x00,0x00,0x00,0xff,0x74,0x15,0x30,0xff,0x79,0x16,0xff,
    0xff,0x77,0x16,0xfe,0xfe,0x77,0x16,0xfc,0xff,0x7c,0x17,0xff,0xff,0x76,0x15,0xcc,
    0xff,0x00,0x00,0x01,0x00,0x00,0x00,0x00,0xff,0x00,0x00,0x01,0x00,0x00,0x00,0x00,
    0x00,0x00,0x00,0x00,0x00,0x00,0x00,0x00,0x00,0x00,0x00,0x00,0x00,0x00,0x00,0x00,
    0x00,0x00,0x00,0x00,0x00,0x00,0x00,0x00,0x00,0x00,0x00,0x00,0x00,0x00,0x00,0x00,
    0x00,0x00,0x00,0x00,0x00,0x00,0x00,0x00,0x00,0x00,0x00,0x00,0x00,0x00,0x00,0x00,
    0x00,0x00,0x00,0x00,0x00,0x00,0x00,0x00,0x00,0x00,0x00,0x00,0xff,0x7f,0x00,0x04,
    0x00,0x00,0x00,0x00,0xff,0x7b,0x15,0x84,0xff,0x87,0x19,0xff,0xff,0x7e,0x17,0xfb,
    0xff,0x7e,0x17,0xfb,0xff,0x88,0x19,0xff,0xff,0x7c,0x14,0x7d,0x00,0x00,0x00,0x00,
    0xff,0x7f,0x00,0x04,0x00,0x00,0x00,0x00,0x00,0x00,0x00,0x00,0x00,0x00,0x00,0x00,
    0x00,0x00,0x00,0x00,0x00,0x00,0x00,0x00,0x00,0x00,0x00,0x00,0x00,0x00,0x00,0x00,
    0x00,0x00,0x00,0x00,0x00,0x00,0x00,0x00,0x00,0x00,0x00,0x00,0x00,0x00,0x00,0x00,
    0x00,0x00,0x00,0x00,0x00,0x00,0x00,0x00,0x00,0x00,0x00,0x00,0x00,0x00,0x00,0x00,
    0x00,0x00,0x00,0x00,0xff,0x00,0x00,0x01,0x00,0x00,0x00,0x00,0xff,0x00,0x00,0x01,
    0xff,0x76,0x15,0xcc,0xff,0x7c,0x17,0xff,0xfe,0x77,0x16,0xfc,0xff,0x77,0x16,0xfe,
    0xff,0x79,0x16,0xff,0xff,0x74,0x15,0x30,0x00,0x00,0x00,0x00,0xff,0x7f,0x00,0x02,
    0x00,0x00,0x00,0x00,0x00,0x00,0x00,0x00,0x00,0x00,0x00,0x00,0x00,0x00,0x00,0x00,
    0x00,0x00,0x00,0x00,0x00,0x00,0x00,0x00,0x00,0x00,0x00,0x00,0x00,0x00,0x00,0x00,
    0x00,0x00,0x00,0x00,0x00,0x00,0x00,0x00,0x00,0x00,0x00,0x00,0x00,0x00,0x00,0x00,
    0x00,0x00,0x00,0x00,0x00,0x00,0x00,0x00,0x00,0x00,0x00,0x00,0x00,0x00,0x00,0x00,
    0xff,0x7f,0x00,0x02,0x00,0x00,0x00,0x00,0xff,0x74,0x15,0x30,0xff,0x79,0x16,0xff,
    0xff,0x77,0x16,0xfe,0xfe,0x77,0x16,0xfc,0xff,0x7c,0x17,0xff,0xff,0x76,0x15,0xcc,
    0xff,0x00,0x00,0x01,0x00,0x00,0x00,0x00,0xff,0x00,0x00,0x01,0x00,0x00,0x00,0x00,
    0x00,0x00,0x00,0x00,0x00,0x00,0x00,0x00,0x00,0x00,0x00,0x00,0x00,0x00,0x00,0x00,
    0x00,0x00,0x00,0x00,0x00,0x00,0x00,0x00,0x00,0x00,0x00,0x00,0x00,0x00,0x00,0x00,
    0x00,0x00,0x00,0x00,0x00,0x00,0x00,0x00,0x00,0x00,0x00,0x00,0x00,0x00,0x00,0x00,
    0x00,0x00,0x00,0x00,0x00,0x00,0x00,0x00,0x00,0x00,0x00,0x00,0xff,0x7f,0x00,0x02,
    0x00,0x00,0x00,0x00,0xff,0x73,0x13,0x42,0xff,0x74,0x14,0x8a,0xff,0x74,0x14,0x7f,
    0xff,0x74,0x14,0x7f,0xff,0x74,0x14,0x8a,0xff,0x73,0x10,0x3e,0x00,0x00,0x00,0x00,
    0xff,0x7f,0x00,0x02,0x00,0x00,0x00,0x00,0x00,0x00,0x00,0x00,0x00,0x00,0x00,0x00,
    0x00,0x00,0x00,0x00,0x00,0x00,0x00,0x00,0x00,0x00,0x00,0x00,0x00,0x00,0x00,0x00,
    0x00,0x00,0x00,0x00,0x00,0x00,0x00,0x00,0x00,0x00,0x00,0x00,0x00,0x00,0x00,0x00,
    0x00,0x00,0x00,0x00,0x00,0x00,0x00,0x00,0x00,0x00,0x00,0x00,0x00,0x00,0x00,0x00,
    0x00,0x00,0x00,0x00,0xff,0x00,0x00,0x01,0x00,0x00,0x00,0x00,0xff,0x00,0x00,0x01,
    0xff,0x76,0x15,0xcc,0xff,0x7c,0x17,0xff,0xfe,0x77,0x16,0xfc,0xff,0x77,0x16,0xfe,
    0xff,0x79,0x16,0xff,0xff,0x74,0x15,0x30,0x00,0x00,0x00,0x00,0xff,0x7f,0x00,0x02,
    0x00,0x00,0x00,0x00,0x00,0x00,0x00,0x00,0x00,0x00,0x00,0x00,0x00,0x00,0x00,0x00,
    0x00,0x00,0x00,0x00,0x00,0x00,0x00,0x00,0x00,0x00,0x00,0x00,0x00,0x00,0x00,0x00,
    0x00,0x00,0x00,0x00,0x00,0x00,0x00,0x00,0x00,0x00,0x00,0x00,0x00,0x00,0x00,0x00,
    0x00,0x00,0x00,0x00,0x00,0x00,0x00,0x00,0x00,0x00,0x00,0x00,0x00,0x00,0x00,0x00,
    0xff,0x7f,0x00,0x02,0x00,0x00,0x00,0x00,0xff,0x74,0x15,0x30,0xff,0x79,0x16,0xff,
    0xff,0x77,0x16,0xfe,0xfe,0x77,0x16,0xfc,0xff,0x7c,0x17,0xff,0xff,0x76,0x15,0xcc,
    0xff,0x00,0x00,0x01,0x00,0x00,0x00,0x00,0xff,0x00,0x00,0x01,0x00,0x00,0x00,0x00,
    0x00,0x00,0x00,0x00,0x00,0x00,0x00,0x00,0x00,0x00,0x00,0x00,0x00,0x00,0x00,0x00,
    0x00,0x00,0x00,0x00,0x00,0x00,0x00,0x00,0x00,0x00,0x00,0x00,0x00,0x00,0x00,0x00,
    0x00,0x00,0x00,0x00,0x00,0x00,0x00,0x00,0x00,0x00,0x00,0x00,0x00,0x00,0x00,0x00,
    0x00,0x00,0x00,0x00,0x00,0x00,0x00,0x00,0x00,0x00,0x00,0x00,0x00,0x00,0x00,0x00,
    0x00,0x00,0x00,0x00,0x00,0x00,0x00,0x00,0x00,0x00,0x00,0x00,0x00,0x00,0x00,0x00,
    0x00,0x00,0x00,0x00,0x00,0x00,0x00,0x00,0x00,0x00,0x00,0x00,0x00,0x00,0x00,0x00,
    0x00,0x00,0x00,0x00,0x00,0x00,0x00,0x00,0x00,0x00,0x00,0x00,0x00,0x00,0x00,0x00,
    0x00,0x00,0x00,0x00,0x00,0x00,0x00,0x00,0x00,0x00,0x00,0x00,0x00,0x00,0x00,0x00,
    0x00,0x00,0x00,0x00,0x00,0x00,0x00,0x00,0x00,0x00,0x00,0x00,0x00,0x00,0x00,0x00,
    0x00,0x00,0x00,0x00,0x00,0x00,0x00,0x00,0x00,0x00,0x00,0x00,0x00,0x00,0x00,0x00,
    0x00,0x00,0x00,0x00,0xff,0x00,0x00,0x01,0x00,0x00,0x00,0x00,0xff,0x00,0x00,0x01,
    0xff,0x76,0x15,0xcc,0xff,0x7c,0x17,0xff,0xfe,0x77,0x16,0xfc,0xff,0x77,0x16,0xfe,
    0xff,0x79,0x16,0xff,0xff,0x74,0x15,0x30,0x00,0x00,0x00,0x00,0xff,0x7f,0x00,0x02,
    0x00,0x00,0x00,0x00,0x00,0x00,0x00,0x00,0x00,0x00,0x00,0x00,0x00,0x00,0x00,0x00,
    0x00,0x00,0x00,0x00,0x00,0x00,0x00,0x00,0x00,0x00,0x00,0x00,0x00,0x00,0x00,0x00,
    0x00,0x00,0x00,0x00,0x00,0x00,0x00,0x00,0x00,0x00,0x00,0x00,0x00,0x00,0x00,0x00,
    0x00,0x00,0x00,0x00,0x00,0x00,0x00,0x00,0x00,0x00,0x00,0x00,0x00,0x00,0x00,0x00,
    0xff,0x7f,0x00,0x02,0x00,0x00,0x00,0x00,0xff,0x74,0x15,0x30,0xff,0x79,0x16,0xff,
    0xff,0x77,0x16,0xfe,0xfe,0x77,0x16,0xfc,0xff,0x7c,0x17,0xff,0xff,0x76,0x15,0xcc,
    0xff,0x00,0x00,0x01,0x00,0x00,0x00,0x00,0xff,0x00,0x00,0x01,0x00,0x00,0x00,0x00,
    0x00,0x00,0x00,0x00,0x00,0x00,0x00,0x00,0x00,0x00,0x00,0x00,0x00,0x00,0x00,0x00,
    0x00,0x00,0x00,0x00,0x00,0x00,0x00,0x00,0x00,0x00,0x00,0x00,0x00,0x00,0x00,0x00,
    0x00,0x00,0x00,0x00,0x00,0x00,0x00,0x00,0x00,0x00,0x00,0x00,0x00,0x00,0x00,0x00,
    0x00,0x00,0x00,0x00,0x00,0x00,0x00,0x00,0x00,0x00,0x00,0x00,0x00,0x00,0x00,0x00,
    0x00,0x00,0x00,0x00,0xff,0x7f,0x00,0x02,0xff,0x7f,0x00,0x04,0xff,0x7f,0x00,0x04,
    0xff,0x7f,0x00,0x04,0xff,0x7f,0x00,0x04,0xff,0x7f,0x00,0x02,0x00,0x00,0x00,0x00,
    0x00,0x00,0x00,0x00,0x00,0x00,0x00,0x00,0x00,0x00,0x00,0x00,0x00,0x00,0x00,0x00,
    0x00,0x00,0x00,0x00,0x00,0x00,0x00,0x00,0x00,0x00,0x00,0x00,0x00,0x00,0x00,0x00,
    0x00,0x00,0x00,0x00,0x00,0x00,0x00,0x00,0x00,0x00,0x00,0x00,0x00,0x00,0x00,0x00,
    0x00,0x00,0x00,0x00,0x00,0x00,0x00,0x00,0x00,0x00,0x00,0x00,0x00,0x00,0x00,0x00,
    0x00,0x00,0x00,0x00,0xff,0x00,0x00,0x01,0x00,0x00,0x00,0x00,0xff,0x00,0x00,0x01,
    0xff,0x76,0x15,0xcc,0xff,0x7c,0x17,0xff,0xfe,0x77,0x16,0xfc,0xff,0x77,0x16,0xfe,
    0xff,0x79,0x16,0xff,0xff,0x74,0x15,0x30,0x00,0x00,0x00,0x00,0xff,0x7f,0x00,0x02,
    0x00,0x00,0x00,0x00,0x00,0x00,0x00,0x00,0x00,0x00,0x00,0x00,0x00,0x00,0x00,0x00,
    0x00,0x00,0x00,0x00,0x00,0x00,0x00,0x00,0x00,0x00,0x00,0x00,0x00,0x00,0x00,0x00,
    0x00,0x00,0x00,0x00,0x00,0x00,0x00,0x00,0x00,0x00,0x00,0x00,0x00,0x00,0x00,0x00,
    0x00,0x00,0x00,0x00,0x00,0x00,0x00,0x00,0x00,0x00,0x00,0x00,0x00,0x00,0x00,0x00,
    0xff,0x7f,0x00,0x02,0x00,0x00,0x00,0x00,0xff,0x74,0x15,0x30,0xff,0x79,0x16,0xff,
    0xff,0x77,0x16,0xfe,0xfe,0x77,0x16,0xfc,0xff,0x7c,0x17,0xff,0xff,0x76,0x15,0xcc,
    0xff,0x00,0x00,0x01,0x00,0x00,0x00,0x00,0xff,0x00,0x00,0x01,0x00,0x00,0x00,0x00,
    0x00,0x00,0x00,0x00,0x00,0x00,0x00,0x00,0x00,0x00,0x00,0x00,0x00,0x00,0x00,0x00,
    0x00,0x00,0x00,0x00,0x00,0x00,0x00,0x00,0x00,0x00,0x00,0x00,0x00,0x00,0x00,0x00,
    0x00,0x00,0x00,0x00,0x00,0x00,0x00,0x00,0x00,0x00,0x00,0x00,0x00,0x00,0x00,0x00,
    0x00,0x00,0x00,0x00,0x00,0x00,0x00,0x00,0x00,0x00,0x00,0x00,0x00,0x00,0x00,0x00,
    0x00,0x00,0x00,0x00,0x00,0x00,0x00,0x00,0x00,0x00,0x00,0x00,0x00,0x00,0x00,0x00,
    0x00,0x00,0x00,0x00,0x00,0x00,0x00,0x00,0x00,0x00,0x00,0x00,0x00,0x00,0x00,0x00,
    0x00,0x00,0x00,0x00,0x00,0x00,0x00,0x00,0x00,0x00,0x00,0x00,0x00,0x00,0x00,0x00,
    0x00,0x00,0x00,0x00,0x00,0x00,0x00,0x00,0x00,0x00,0x00,0x00,0x00,0x00,0x00,0x00,
    0x00,0x00,0x00,0x00,0x00,0x00,0x00,0x00,0x00,0x00,0x00,0x00,0x00,0x00,0x00,0x00,
    0x00,0x00,0x00,0x00,0x00,0x00,0x00,0x00,0x00,0x00,0x00,0x00,0x00,0x00,0x00,0x00,
    0x00,0x00,0x00,0x00,0xff,0x00,0x00,0x01,0x00,0x00,0x00,0x00,0xff,0x00,0x00,0x01,
    0xff,0x76,0x15,0xcc,0xff,0x7c,0x17,0xff,0xfe,0x77,0x16,0xfc,0xff,0x77,0x16,0xfe,
    0xff,0x79,0x16,0xff,0xff,0x74,0x15,0x30,0x00,0x00,0x00,0x00,0xff,0x7f,0x00,0x02,
    0x00,0x00,0x00,0x00,0x00,0x00,0x00,0x00,0x00,0x00,0x00,0x00,0x00,0x00,0x00,0x00,
    0x00,0x00,0x00,0x00,0x00,0x00,0x00,0x00,0x00,0x00,0x00,0x00,0x00,0x00,0x00,0x00,
    0x00,0x00,0x00,0x00,0x00,0x00,0x00,0x00,0x00,0x00,0x00,0x00,0x00,0x00,0x00,0x00,
    0x00,0x00,0x00,0x00,0x00,0x00,0x00,0x00,0x00,0x00,0x00,0x00,0x00,0x00,0x00,0x00,
    0xff,0x7f,0x00,0x02,0x00,0x00,0x00,0x00,0xff,0x74,0x15,0x30,0xff,0x79,0x16,0xff,
    0xff,0x77,0x16,0xfe,0xfe,0x77,0x16,0xfc,0xff,0x7c,0x17,0xff,0xff,0x76,0x15,0xcc,
    0xff,0x00,0x00,0x02,0x00,0x00,0x00,0x00,0xff,0x00,0x00,0x02,0xff,0x00,0x00,0x01,
    0xff,0x00,0x00,0x01,0xff,0x00,0x00,0x01,0xff,0x00,0x00,0x01,0xff,0x00,0x00,0x01,
    0xff,0x00,0x00,0x01,0xff,0x00,0x00,0x01,0xff,0x00,0x00,0x01,0xff,0x00,0x00,0x01,
    0xff,0x00,0x00,0x01,0xff,0x00,0x00,0x01,0xff,0x00,0x00,0x01,0xff,0x00,0x00,0x01,
    0xff,0x00,0x00,0x01,0xff,0x00,0x00,0x01,0xff,0x00,0x00,0x01,0xff,0x00,0x00,0x01,
    0xff,0x00,0x00,0x01,0xff,0x00,0x00,0x01,0xff,0x00,0x00,0x01,0xff,0x00,0x00,0x01,
    0xff,0x00,0x00,0x01,0xff,0x00,0x00,0x01,0xff,0x00,0x00,0x01,0xff,0x00,0x00,0x01,
    0xff,0x00,0x00,0x01,0xff,0x00,0x00,0x01,0xff,0x00,0x00,0x01,0xff,0x00,0x00,0x01,
    0xff,0x00,0x00,0x01,0xff,0x00,0x00,0x01,0xff,0x00,0x00,0x01,0xff,0x00,0x00,0x01,
    0xff,0x00,0x00,0x01,0xff,0x00,0x00,0x01,0xff,0x00,0x00,0x01,0xff,0x00,0x00,0x01,
    0xff,0x00,0x00,0x01,0xff,0x00,0x00,0x01,0xff,0x00,0x00,0x01,0xff,0x00,0x00,0x01,
    0xff,0x00,0x00,0x01,0xff,0x00,0x00,0x02,0x00,0x00,0x00,0x00,0xff,0x00,0x00,0x02,
    0xff,0x76,0x15,0xcc,0xff,0x7c,0x17,0xff,0xfe,0x77,0x16,0xfc,0xff,0x77,0x16,0xfe,
    0xff,0x79,0x16,0xff,0xff,0x74,0x15,0x30,0x00,0x00,0x00,0x00,0xff,0x7f,0x00,0x02,
    0x00,0x00,0x00,0x00,0x00,0x00,0x00,0x00,0x00,0x00,0x00,0x00,0x00,0x00,0x00,0x00,
    0x00,0x00,0x00,0x00,0x00,0x00,0x00,0x00,0x00,0x00,0x00,0x00,0x00,0x00,0x00,0x00,
    0x00,0x00,0x00,0x00,0x00,0x00,0x00,0x00,0x00,0x00,0x00,0x00,0x00,0x00,0x00,0x00,
    0x00,0x00,0x00,0x00,0x00,0x00,0x00,0x00,0x00,0x00,0x00,0x00,0x00,0x00,0x00,0x00,
    0xff,0x7f,0x00,0x02,0x00,0x00,0x00,0x00,0xff,0x74,0x15,0x30,0xff,0x79,0x16,0xff,
    0xff,0x77,0x16,0xfe,0xfe,0x77,0x16,0xfc,0xff,0x7c,0x17,0xff,0xff,0x76,0x15,0xcc,
    0xff,0x00,0x00,0x01,0x00,0x00,0x00,0x00,0xff,0x00,0x00,0x01,0x00,0x00,0x00,0x00,
    0x00,0x00,0x00,0x00,0x00,0x00,0x00,0x00,0x00,0x00,0x00,0x00,0x00,0x00,0x00,0x00,
    0x00,0x00,0x00,0x00,0x00,0x00,0x00,0x00,0x00,0x00,0x00,0x00,0x00,0x00,0x00,0x00,
    0x00,0x00,0x00,0x00,0x00,0x00,0x00,0x00,0x00,0x00,0x00,0x00,0x00,0x00,0x00,0x00,
    0x00,0x00,0x00,0x00,0x00,0x00,0x00,0x00,0x00,0x00,0x00,0x00,0x00,0x00,0x00,0x00,
    0x00,0x00,0x00,0x00,0x00,0x00,0x00,0x00,0x00,0x00,0x00,0x00,0x00,0x00,0x00,0x00,
    0x00,0x00,0x00,0x00,0x00,0x00,0x00,0x00,0x00,0x00,0x00,0x00,0x00,0x00,0x00,0x00,
    0x00,0x00,0x00,0x00,0x00,0x00,0x00,0x00,0x00,0x00,0x00,0x00,0x00,0x00,0x00,0x00,
    0x00,0x00,0x00,0x00,0x00,0x00,0x00,0x00,0x00,0x00,0x00,0x00,0x00,0x00,0x00,0x00,
    0x00,0x00,0x00,0x00,0x00,0x00,0x00,0x00,0x00,0x00,0x00,0x00,0x00,0x00,0x00,0x00,
    0x00,0x00,0x00,0x00,0x00,0x00,0x00,0x00,0x00,0x00,0x00,0x00,0x00,0x00,0x00,0x00,
    0x00,0x00,0x00,0x00,0xff,0x00,0x00,0x01,0x00,0x00,0x00,0x00,0xff,0x00,0x00,0x01,
    0xff,0x76,0x15,0xcc,0xff,0x7c,0x17,0xff,0xfe,0x77,0x16,0xfc,0xff,0x77,0x16,0xfe,
    0xff,0x79,0x16,0xff,0xff,0x74,0x15,0x30,0x00,0x00,0x00,0x00,0xff,0x7f,0x00,0x02,
    0x00,0x00,0x00,0x00,0x00,0x00,0x00,0x00,0x00,0x00,0x00,0x00,0x00,0x00,0x00,0x00,
    0x00,0x00,0x00,0x00,0x00,0x00,0x00,0x00,0x00,0x00,0x00,0x00,0x00,0x00,0x00,0x00,
    0x00,0x00,0x00,0x00,0x00,0x00,0x00,0x00,0x00,0x00,0x00,0x00,0x00,0x00,0x00,0x00,
    0x00,0x00,0x00,0x00,0x00,0x00,0x00,0x00,0x00,0x00,0x00,0x00,0x00,0x00,0x00,0x00,
    0xff,0x7f,0x00,0x02,0x00,0x00,0x00,0x00,0xff,0x74,0x15,0x30,0xff,0x79,0x16,0xff,
    0xff,0x77,0x16,0xfe,0xfe,0x77,0x16,0xfc,0xff,0x7c,0x17,0xff,0xff,0x76,0x15,0xcc,
    0xff,0x00,0x00,0x01,0x00,0x00,0x00,0x00,0xff,0x00,0x00,0x01,0x00,0x00,0x00,0x00,
    0x00,0x00,0x00,0x00,0x00,0x00,0x00,0x00,0x00,0x00,0x00,0x00,0x00,0x00,0x00,0x00,
    0x00,0x00,0x00,0x00,0x00,0x00,0x00,0x00,0x00,0x00,0x00,0x00,0x00,0x00,0x00,0x00,
    0x00,0x00,0x00,0x00,0x00,0x00,0x00,0x00,0x00,0x00,0x00,0x00,0x00,0x00,0x00,0x00,
    0x00,0x00,0x00,0x00,0x00,0x00,0x00,0x00,0x00,0x00,0x00,0x00,0x00,0x00,0x00,0x00,
    0x00,0x00,0x00,0x00,0x00,0x00,0x00,0x00,0x00,0x00,0x00,0x00,0x00,0x00,0x00,0x00,
    0x00,0x00,0x00,0x00,0x00,0x00,0x00,0x00,0x00,0x00,0x00,0x00,0x00,0x00,0x00,0x00,
    0x00,0x00,0x00,0x00,0x00,0x00,0x00,0x00,0x00,0x00,0x00,0x00,0x00,0x00,0x00,0x00,
    0x00,0x00,0x00,0x00,0x00,0x00,0x00,0x00,0x00,0x00,0x00,0x00,0x00,0x00,0x00,0x00,
    0x00,0x00,0x00,0x00,0x00,0x00,0x00,0x00,0x00,0x00,0x00,0x00,0x00,0x00,0x00,0x00,
    0x00,0x00,0x00,0x00,0x00,0x00,0x00,0x00,0x00,0x00,0x00,0x00,0x00,0x00,0x00,0x00,
    0x00,0x00,0x00,0x00,0xff,0x00,0x00,0x01,0x00,0x00,0x00,0x00,0xff,0x00,0x00,0x01,
    0xff,0x76,0x15,0xcc,0xff,0x7c,0x17,0xff,0xfe,0x77,0x16,0xfc,0xff,0x77,0x16,0xfe,
    0xff,0x79,0x16,0xff,0xff,0x74,0x15,0x30,0x00,0x00,0x00,0x00,0xff,0x7f,0x00,0x02,
    0x00,0x00,0x00,0x00,0x00,0x00,0x00,0x00,0x00,0x00,0x00,0x00,0x00,0x00,0x00,0x00,
    0x00,0x00,0x00,0x00,0x00,0x00,0x00,0x00,0x00,0x00,0x00,0x00,0x00,0x00,0x00,0x00,
    0x00,0x00,0x00,0x00,0x00,0x00,0x00,0x00,0x00,0x00,0x00,0x00,0x00,0x00,0x00,0x00,
    0x00,0x00,0x00,0x00,0x00,0x00,0x00,0x00,0x00,0x00,0x00,0x00,0x00,0x00,0x00,0x00,
    0xff,0x7f,0x00,0x02,0x00,0x00,0x00,0x00,0xff,0x74,0x15,0x30,0xff,0x79,0x16,0xff,
    0xff,0x77,0x16,0xfe,0xff,0x77,0x16,0xfe,0xff,0x78,0x16,0xff,0xff,0x76,0x16,0xf3,
    0xfe,0x77,0x16,0xc5,0xfe,0x77,0x16,0xc5,0xfe,0x77,0x16,0xc5,0xfe,0x77,0x16,0xc5,
    0xfe,0x77,0x16,0xc5,0xfe,0x77,0x16,0xc5,0xfe,0x77,0x16,0xc5,0xfe,0x77,0x16,0xc5,
    0xfe,0x77,0x16,0xc5,0xfe,0x77,0x16,0xc5,0xfe,0x77,0x16,0xc5,0xfe,0x77,0x16,0xc5,
    0xfe,0x77,0x16,0xc5,0xfe,0x77,0x16,0xc5,0xfe,0x77,0x16,0xc5,0xfe,0x77,0x16,0xc5,
    0xfe,0x77,0x16,0xc5,0xfe,0x77,0x16,0xc5,0xfe,0x77,0x16,0xc5,0xfe,0x77,0x16,0xc5,
    0xfe,0x77,0x16,0xc5,0xfe,0x77,0x16,0xc5,0xfe,0x77,0x16,0xc5,0xfe,0x77,0x16,0xc5,
    0xfe,0x77,0x16,0xc5,0xfe,0x77,0x16,0xc5,0xfe,0x77,0x16,0xc5,0xfe,0x77,0x16,0xc5,
    0xfe,0x77,0x16,0xc5,0xfe,0x77,0x16,0xc5,0xfe,0x77,0x16,0xc5,0xfe,0x77,0x16,0xc5,
    0xfe,0x77,0x16,0xc5,0xfe,0x77,0x16,0xc5,0xfe,0x77,0x16,0xc5,0xfe,0x77,0x16,0xc5,
    0xfe,0x77,0x16,0xc5,0xfe,0x77,0x16,0xc5,0xfe,0x77,0x16,0xc5,0xfe,0x77,0x16,0xc5,
    0xfe,0x77,0x16,0xc5,0xfe,0x77,0x16,0xc5,0xfe,0x77,0x16,0xc5,0xfe,0x77,0x16,0xc5,
    0xfe,0x77,0x16,0xc5,0xfe,0x77,0x16,0xc5,0xfe,0x77,0x16,0xc5,0xfe,0x77,0x16,0xc5,
    0xff,0x76,0x16,0xf3,0xff,0x78,0x16,0xff,0xff,0x77,0x16,0xfe,0xff,0x77,0x16,0xfe,
    0xff,0x79,0x16,0xff,0xff,0x74,0x15,0x30,0x00,0x00,0x00,0x00,0xff,0x7f,0x00,0x02,
    0x00,0x00,0x00,0x00,0x00,0x00,0x00,0x00,0x00,0x00,0x00,0x00,0x00,0x00,0x00,0x00,
    0x00,0x00,0x00,0x00,0x00,0x00,0x00,0x00,0x00,0x00,0x00,0x00,0x00,0x00,0x00,0x00,
    0x00,0x00,0x00,0x00,0x00,0x00,0x00,0x00,0x00,0x00,0x00,0x00,0x00,0x00,0x00,0x00,
    0x00,0x00,0x00,0x00,0x00,0x00,0x00,0x00,0x00,0x00,0x00,0x00,0x00,0x00,0x00,0x00,
    0xff,0x7f,0x00,0x02,0x00,0x00,0x00,0x00,0xff,0x74,0x15,0x30,0xff,0x79,0x16,0xff,
    0xff,0x77,0x16,0xfe,0xff,0x77,0x16,0xff,0xff,0x77,0x16,0xff,0xff,0x78,0x16,0xff,
    0xff,0x7c,0x17,0xff,0xff,0x7c,0x17,0xff,0xff,0x7c,0x17,0xff,0xff,0x7c,0x17,0xff,
    0xff,0x7c,0x17,0xff,0xff,0x7c,0x17,0xff,0xff,0x7c,0x17,0xff,0xff,0x7c,0x17,0xff,
    0xff,0x7c,0x17,0xff,0xff,0x7c,0x17,0xff,0xff,0x7c,0x17,0xff,0xff,0x7c,0x17,0xff,
    0xff,0x7c,0x17,0xff,0xff,0x7c,0x17,0xff,0xff,0x7c,0x17,0xff,0xff,0x7c,0x17,0xff,
    0xff,0x7c,0x17,0xff,0xff,0x7c,0x17,0xff,0xff,0x7c,0x17,0xff,0xff,0x7c,0x17,0xff,
    0xff,0x7c,0x17,0xff,0xff,0x7c,0x17,0xff,0xff,0x7c,0x17,0xff,0xff,0x7c,0x17,0xff,
    0xff,0x7c,0x17,0xff,0xff,0x7c,0x17,0xff,0xff,0x7c,0x17,0xff,0xff,0x7c,0x17,0xff,
    0xff,0x7c,0x17,0xff,0xff,0x7c,0x17,0xff,0xff,0x7c,0x17,0xff,0xff,0x7c,0x17,0xff,
    0xff,0x7c,0x17,0xff,0xff,0x7c,0x17,0xff,0xff,0x7c,0x17,0xff,0xff,0x7c,0x17,0xff,
    0xff,0x7c,0x17,0xff,0xff,0x7c,0x17,0xff,0xff,0x7c,0x17,0xff,0xff,0x7c,0x17,0xff,
    0xff,0x7c,0x17,0xff,0xff,0x7c,0x17,0xff,0xff,0x7c,0x17,0xff,0xff,0x7c,0x17,0xff,
    0xff,0x7c,0x17,0xff,0xff,0x7c,0x17,0xff,0xff,0x7c,0x17,0xff,0xff,0x7c,0x17,0xff,
    0xff,0x78,0x16,0xff,0xff,0x77,0x16,0xff,0xff,0x77,0x16,0xff,0xff,0x77,0x16,0xfe,
    0xff,0x79,0x16,0xff,0xff,0x74,0x15,0x30,0x00,0x00,0x00,0x00,0xff,0x7f,0x00,0x02,
    0x00,0x00,0x00,0x00,0x00,0x00,0x00,0x00,0x00,0x00,0x00,0x00,0x00,0x00,0x00,0x00,
    0x00,0x00,0x00,0x00,0x00,0x00,0x00,0x00,0x00,0x00,0x00,0x00,0x00,0x00,0x00,0x00,
    0x00,0x00,0x00,0x00,0x00,0x00,0x00,0x00,0x00,0x00,0x00,0x00,0x00,0x00,0x00,0x00,
    0x00,0x00,0x00,0x00,0x00,0x00,0x00,0x00,0x00,0x00,0x00,0x00,0x00,0x00,0x00,0x00,
    0xff,0x7f,0x00,0x02,0x00,0x00,0x00,0x00,0xff,0x74,0x15,0x30,0xff,0x79,0x16,0xff,
    0xff,0x77,0x16,0xfe,0xff,0x77,0x16,0xff,0xff,0x77,0x16,0xff,0xff,0x77,0x16,0xfe,
    0xfe,0x77,0x16,0xfc,0xfe,0x77,0x16,0xfc,0xfe,0x77,0x16,0xfc,0xfe,0x77,0x16,0xfc,
    0xfe,0x77,0x16,0xfc,0xfe,0x77,0x16,0xfc,0xfe,0x77,0x16,0xfc,0xfe,0x77,0x16,0xfc,
    0xfe,0x77,0x16,0xfc,0xfe,0x77,0x16,0xfc,0xfe,0x77,0x16,0xfc,0xfe,0x77,0x16,0xfc,
    0xfe,0x77,0x16,0xfc,0xfe,0x77,0x16,0xfc,0xfe,0x77,0x16,0xfc,0xfe,0x77,0x16,0xfc,
    0xfe,0x77,0x16,0xfc,0xfe,0x77,0x16,0xfc,0xfe,0x77,0x16,0xfc,0xfe,0x77,0x16,0xfc,
    0xfe,0x77,0x16,0xfc,0xfe,0x77,0x16,0xfc,0xfe,0x77,0x16,0xfc,0xfe,0x77,0x16,0xfc,
    0xfe,0x77,0x16,0xfc,0xfe,0x77,0x16,0xfc,0xfe,0x77,0x16,0xfc,0xfe,0x77,0x16,0xfc,
    0xfe,0x77,0x16,0xfc,0xfe,0x77,0x16,0xfc,0xfe,0x77,0x16,0xfc,0xfe,0x77,0x16,0xfc,
    0xfe,0x77,0x16,0xfc,0xfe,0x77,0x16,0xfc,0xfe,0x77,0x16,0xfc,0xfe,0x77,0x16,0xfc,
    0xfe,0x77,0x16,0xfc,0xfe,0x77,0x16,0xfc,0xfe,0x77,0x16,0xfc,0xfe,0x77,0x16,0xfc,
    0xfe,0x77,0x16,0xfc,0xfe,0x77,0x16,0xfc,0xfe,0x77,0x16,0xfc,0xfe,0x77,0x16,0xfc,
    0xfe,0x77,0x16,0xfc,0xfe,0x77,0x16,0xfc,0xfe,0x77,0x16,0xfc,0xfe,0x77,0x16,0xfc,
    0xff,0x77,0x16,0xfe,0xff,0x77,0x16,0xff,0xff,0x77,0x16,0xff,0xff,0x77,0x16,0xfe,
    0xff,0x79,0x16,0xff,0xff,0x74,0x15,0x30,0x00,0x00,0x00,0x00,0xff,0x7f,0x00,0x02,
    0x00,0x00,0x00,0x00,0x00,0x00,0x00,0x00,0x00,0x00,0x00,0x00,0x00,0x00,0x00,0x00,
    0x00,0x00,0x00,0x00,0x00,0x00,0x00,0x00,0x00,0x00,0x00,0x00,0x00,0x00,0x00,0x00,
    0x00,0x00,0x00,0x00,0x00,0x00,0x00,0x00,0x00,0x00,0x00,0x00,0x00,0x00,0x00,0x00,
    0x00,0x00,0x00,0x00,0x00,0x00,0x00,0x00,0x00,0x00,0x00,0x00,0x00,0x00,0x00,0x00,
    0xff,0x7f,0x00,0x02,0x00,0x00,0x00,0x00,0xff,0x74,0x15,0x30,0xff,0x77,0x16,0xff,
    0xfe,0x77,0x16,0xfc,0xff,0x76,0x16,0xfd,0xff,0x76,0x16,0xfd,0xff,0x76,0x16,0xfd,
    0xff,0x76,0x16,0xfd,0xff,0x76,0x16,0xfd,0xff,0x76,0x16,0xfd,0xff,0x76,0x16,0xfd,
    0xff,0x76,0x16,0xfd,0xff,0x76,0x16,0xfd,0xff,0x76,0x16,0xfd,0xff,0x76,0x16,0xfd,
    0xff,0x76,0x16,0xfd,0xff,0x76,0x16,0xfd,0xff,0x76,0x16,0xfd,0xff,0x76,0x16,0xfd,
    0xff,0x76,0x16,0xfd,0xff,0x76,0x16,0xfd,0xff,0x76,0x16,0xfd,0xff,0x76,0x16,0xfd,
    0xff,0x76,0x16,0xfd,0xff,0x76,0x16,0xfd,0xff,0x76,0x16,0xfd,0xff,0x76,0x16,0xfd,
    0xff,0x76,0x16,0xfd,0xff,0x76,0x16,0xfd,0xff,0x76,0x16,0xfd,0xff,0x76,0x16,0xfd,
    0xff,0x76,0x16,0xfd,0xff,0x76,0x16,0xfd,0xff,0x76,0x16,0xfd,0xff,0x76,0x16,0xfd,
    0xff,0x76,0x16,0xfd,0xff,0x76,0x16,0xfd,0xff,0x76,0x16,0xfd,0xff,0x76,0x16,0xfd,
    0xff,0x76,0x16,0xfd,0xff,0x76,0x16,0xfd,0xff,0x76,0x16,0xfd,0xff,0x76,0x16,0xfd,
    0xff,0x76,0x16,0xfd,0xff,0x76,0x16,0xfd,0xff,0x76,0x16,0xfd,0xff,0x76,0x16,0xfd,
    0xff,0x76,0x16,0xfd,0xff,0x76,0x16,0xfd,0xff,0x76,0x16,0xfd,0xff,0x76,0x16,0xfd,
    0xff,0x76,0x16,0xfd,0xff,0x76,0x16,0xfd,0xff,0x76,0x16,0xfd,0xff,0x76,0x16,0xfd,
    0xff,0x76,0x16,0xfd,0xff,0x76,0x16,0xfd,0xff,0x76,0x16,0xfd,0xfe,0x77,0x16,0xfc,
    0xff,0x78,0x16,0xff,0xff,0x77,0x15,0x2f,0x00,0x00,0x00,0x00,0xff,0x7f,0x00,0x02,
    0x00,0x00,0x00,0x00,0x00,0x00,0x00,0x00,0x00,0x00,0x00,0x00,0x00,0x00,0x00,0x00,
    0x00,0x00,0x00,0x00,0x00,0x00,0x00,0x00,0x00,0x00,0x00,0x00,0x00,0x00,0x00,0x00,
    0x00,0x00,0x00,0x00,0x00,0x00,0x00,0x00,0x00,0x00,0x00,0x00,0x00,0x00,0x00,0x00,
    0x00,0x00,0x00,0x00,0x00,0x00,0x00,0x00,0x00,0x00,0x00,0x00,0x00,0x00,0x00,0x00,
    0xff,0x7f,0x00,0x02,0x00,0x00,0x00,0x00,0xff,0x75,0x14,0x32,0xff,0x7d,0x17,0xff,
    0xff,0x7b,0x17,0xfe,0xff,0x7b,0x17,0xff,0xff,0x7b,0x17,0xff,0xff,0x7b,0x17,0xff,
    0xff,0x7b,0x17,0xff,0xff,0x7b,0x17,0xff,0xff,0x7b,0x17,0xff,0xff,0x7b,0x17,0xff,
    0xff,0x7b,0x17,0xff,0xff,0x7b,0x17,0xff,0xff,0x7b,0x17,0xff,0xff,0x7b,0x17,0xff,
    0xff,0x7b,0x17,0xff,0xff,0x7b,0x17,0xff,0xff,0x7b,0x17,0xff,0xff,0x7b,0x17,0xff,
    0xff,0x7b,0x17,0xff,0xff,0x7b,0x17,0xff,0xff,0x7b,0x17,0xff,0xff,0x7b,0x17,0xff,
    0xff,0x7b,0x17,0xff,0xff,0x7b,0x17,0xff,0xff,0x7b,0x17,0xff,0xff,0x7b,0x17,0xff,
    0xff,0x7b,0x17,0xff,0xff,0x7b,0x17,0xff,0xff,0x7b,0x17,0xff,0xff,0x7b,0x17,0xff,
    0xff,0x7b,0x17,0xff,0xff,0x7b,0x17,0xff,0xff,0x7b,0x17,0xff,0xff,0x7b,0x17,0xff,
    0xff,0x7b,0x17,0xff,0xff,0x7b,0x17,0xff,0xff,0x7b,0x17,0xff,0xff,0x7b,0x17,0xff,
    0xff,0x7b,0x17,0xff,0xff,0x7b,0x17,0xff,0xff,0x7b,0x17,0xff,0xff,0x7b,0x17,0xff,
    0xff,0x7b,0x17,0xff,0xff,0x7b,0x17,0xff,0xff,0x7b,0x17,0xff,0xff,0x7b,0x17,0xff,
    0xff,0x7b,0x17,0xff,0xff,0x7b,0x17,0xff,0xff,0x7b,0x17,0xff,0xff,0x7b,0x17,0xff,
    0xff,0x7b,0x17,0xff,0xff,0x7b,0x17,0xff,0xff,0x7b,0x17,0xff,0xff,0x7b,0x17,0xff,
    0xff,0x7b,0x17,0xff,0xff,0x7b,0x17,0xff,0xff,0x7b,0x17,0xff,0xff,0x7b,0x17,0xfe,
    0xff,0x7d,0x17,0xff,0xff,0x75,0x14,0x32,0x00,0x00,0x00,0x00,0xff,0x7f,0x00,0x02,
    0x00,0x00,0x00,0x00,0x00,0x00,0x00,0x00,0x00,0x00,0x00,0x00,0x00,0x00,0x00,0x00,
    0x00,0x00,0x00,0x00,0x00,0x00,0x00,0x00,0x00,0x00,0x00,0x00,0x00,0x00,0x00,0x00,
    0x00,0x00,0x00,0x00,0x00,0x00,0x00,0x00,0x00,0x00,0x00,0x00,0x00,0x00,0x00,0x00,
    0x00,0x00,0x00,0x00,0x00,0x00,0x00,0x00,0x00,0x00,0x00,0x00,0x00,0x00,0x00,0x00,
    0x00,0x00,0x00,0x00,0x00,0x00,0x00,0x00,0xff,0x66,0x19,0x0a,0xff,0x76,0x17,0x36,
    0xff,0x78,0x18,0x35,0xff,0x78,0x18,0x35,0xff,0x78,0x18,0x35,0xff,0x78,0x18,0x35,
    0xff,0x78,0x18,0x35,0xff,0x78,0x18,0x35,0xff,0x78,0x18,0x35,0xff,0x78,0x18,0x35,
    0xff,0x78,0x18,0x35,0xff,0x78,0x18,0x35,0xff,0x78,0x18,0x35,0xff,0x78,0x18,0x35,
    0xff,0x78,0x18,0x35,0xff,0x78,0x18,0x35,0xff,0x78,0x18,0x35,0xff,0x78,0x18,0x35,
    0xff,0x78,0x18,0x35,0xff,0x78,0x18,0x35,0xff,0x78,0x18,0x35,0xff,0x78,0x18,0x35,
    0xff,0x78,0x18,0x35,0xff,0x78,0x18,0x35,0xff,0x78,0x18,0x35,0xff,0x78,0x18,0x35,
    0xff,0x78,0x18,0x35,0xff,0x78,0x18,0x35,0xff,0x78,0x18,0x35,0xff,0x78,0x18,0x35,
    0xff,0x78,0x18,0x35,0xff,0x78,0x18,0x35,0xff,0x78,0x18,0x35,0xff,0x78,0x18,0x35,
    0xff,0x78,0x18,0x35,0xff,0x78,0x18,0x35,0xff,0x78,0x18,0x35,0xff,0x78,0x18,0x35,
    0xff,0x78,0x18,0x35,0xff,0x78,0x18,0x35,0xff,0x78,0x18,0x35,0xff,0x78,0x18,0x35,
    0xff,0x78,0x18,0x35,0xff,0x78,0x18,0x35,0xff,0x78,0x18,0x35,0xff,0x78,0x18,0x35,
    0xff,0x78,0x18,0x35,0xff,0x78,0x18,0x35,0xff,0x78,0x18,0x35,0xff,0x78,0x18,0x35,
    0xff,0x78,0x18,0x35,0xff,0x78,0x18,0x35,0xff,0x78,0x18,0x35,0xff,0x78,0x18,0x35,
    0xff,0x78,0x18,0x35,0xff,0x78,0x18,0x35,0xff,0x78,0x18,0x35,0xff,0x78,0x18,0x35,
    0xff,0x76,0x17,0x36,0xff,0x7f,0x19,0x0a,0x00,0x00,0x00,0x00,0x00,0x00,0x00,0x00,
    0x00,0x00,0x00,0x00,0x00,0x00,0x00,0x00,0x00,0x00,0x00,0x00,0x00,0x00,0x00,0x00,
    0x00,0x00,0x00,0x00,0x00,0x00,0x00,0x00,0x00,0x00,0x00,0x00,0x00,0x00,0x00,0x00,
    0x00,0x00,0x00,0x00,0x00,0x00,0x00,0x00,0x00,0x00,0x00,0x00,0x00,0x00,0x00,0x00,
    0x00,0x00,0x00,0x00,0x00,0x00,0x00,0x00,0x00,0x00,0x00,0x00,0x00,0x00,0x00,0x00,
    0x00,0x00,0x00,0x00,0x00,0x00,0x00,0x00,0x00,0x00,0x00,0x00,0x00,0x00,0x00,0x00,
    0x00,0x00,0x00,0x00,0x00,0x00,0x00,0x00,0x00,0x00,0x00,0x00,0x00,0x00,0x00,0x00,
    0x00,0x00,0x00,0x00,0x00,0x00,0x00,0x00,0x00,0x00,0x00,0x00,0x00,0x00,0x00,0x00,
    0x00,0x00,0x00,0x00,0x00,0x00,0x00,0x00,0x00,0x00,0x00,0x00,0x00,0x00,0x00,0x00,
    0x00,0x00,0x00,0x00,0x00,0x00,0x00,0x00,0x00,0x00,0x00,0x00,0x00,0x00,0x00,0x00,
    0x00,0x00,0x00,0x00,0x00,0x00,0x00,0x00,0x00,0x00,0x00,0x00,0x00,0x00,0x00,0x00,
    0x00,0x00,0x00,0x00,0x00,0x00,0x00,0x00,0x00,0x00,0x00,0x00,0x00,0x00,0x00,0x00,
    0x00,0x00,0x00,0x00,0x00,0x00,0x00,0x00,0x00,0x00,0x00,0x00,0x00,0x00,0x00,0x00,
    0x00,0x00,0x00,0x00,0x00,0x00,0x00,0x00,0x00,0x00,0x00,0x00,0x00,0x00,0x00,0x00,
    0x00,0x00,0x00,0x00,0x00,0x00,0x00,0x00,0x00,0x00,0x00,0x00,0x00,0x00,0x00,0x00,
    0x00,0x00,0x00,0x00,0x00,0x00,0x00,0x00,0x00,0x00,0x00,0x00,0x00,0x00,0x00,0x00,
    0x00,0x00,0x00,0x00,0x00,0x00,0x00,0x00,0x00,0x00,0x00,0x00,0x00,0x00,0x00,0x00,
    0x00,0x00,0x00,0x00,0x00,0x00,0x00,0x00,0x00,0x00,0x00,0x00,0x00,0x00,0x00,0x00,
    0x00,0x00,0x00,0x00,0x00,0x00,0x00,0x00,0x00,0x00,0x00,0x00,0x00,0x00,0x00,0x00,
    0x00,0x00,0x00,0x00,0x00,0x00,0x00,0x00,0x00,0x00,0x00,0x00,0x00,0x00,0x00,0x00,
    0x00,0x00,0x00,0x00,0x00,0x00,0x00,0x00,0x00,0x00,0x00,0x00,0x00,0x00,0x00,0x00,
    0x00,0x00,0x00,0x00,0x00,0x00,0x00,0x00,0x00,0x00,0x00,0x00,0x00,0x00,0x00,0x00,
    0x00,0x00,0x00,0x00,0x00,0x00,0x00,0x00,0x00,0x00,0x00,0x00,0x00,0x00,0x00,0x00,
    0x00,0x00,0x00,0x00,0x00,0x00,0x00,0x00,0x00,0x00,0x00,0x00,0x00,0x00,0x00,0x00,
    0x00,0x00,0x00,0x00,0x00,0x00,0x00,0x00,0x00,0x00,0x00,0x00,0x00,0x00,0x00,0x00,
    0x00,0x00,0x00,0x00,0x00,0x00,0x00,0x00,0x00,0x00,0x00,0x00,0xff,0x7f,0x00,0x02,
    0xff,0x7f,0x00,0x02,0xff,0x7f,0x00,0x02,0xff,0x7f,0x00,0x02,0xff,0x7f,0x00,0x02,
    0xff,0x7f,0x00,0x02,0xff,0x7f,0x00,0x02,0xff,0x7f,0x00,0x02,0xff,0x7f,0x00,0x02,
    0xff,0x7f,0x00,0x02,0xff,0x7f,0x00,0x02,0xff,0x7f,0x00,0x02,0xff,0x7f,0x00,0x02,
    0xff,0x7f,0x00,0x02,0xff,0x7f,0x00,0x02,0xff,0x7f,0x00,0x02,0xff,0x7f,0x00,0x02,
    0xff,0x7f,0x00,0x02,0xff,0x7f,0x00,0x02,0xff,0x7f,0x00,0x02,0xff,0x7f,0x00,0x02,
    0xff,0x7f,0x00,0x02,0xff,0x7f,0x00,0x02,0xff,0x7f,0x00,0x02,0xff,0x7f,0x00,0x02,
    0xff,0x7f,0x00,0x02,0xff,0x7f,0x00,0x02,0xff,0x7f,0x00,0x02,0xff,0x7f,0x00,0x02,
    0xff,0x7f,0x00,0x02,0xff,0x7f,0x00,0x02,0xff,0x7f,0x00,0x02,0xff,0x7f,0x00,0x02,
    0xff,0x7f,0x00,0x02,0xff,0x7f,0x00,0x02,0xff,0x7f,0x00,0x02,0xff,0x7f,0x00,0x02,
    0xff,0x7f,0x00,0x02,0xff,0x7f,0x00,0x02,0xff,0x7f,0x00,0x02,0xff,0x7f,0x00,0x02,
    0xff,0x7f,0x00,0x02,0xff,0x7f,0x00,0x02,0xff,0x7f,0x00,0x02,0xff,0x7f,0x00,0x02,
    0xff,0x7f,0x00,0x02,0xff,0x7f,0x00,0x02,0xff,0x7f,0x00,0x02,0xff,0x7f,0x00,0x02,
    0xff,0x7f,0x00,0x02,0xff,0x7f,0x00,0x02,0xff,0x7f,0x00,0x02,0xff,0x7f,0x00,0x02,
    0xff,0x7f,0x00,0x02,0xff,0x7f,0x00,0x02,0xff,0x7f,0x00,0x02,0xff,0x7f,0x00,0x02,
    0xff,0x7f,0x00,0x02,0x00,0x00,0x00,0x00,0x00,0x00,0x00,0x00,0x00,0x00,0x00,0x00,
    0x00,0x00,0x00,0x00,0x00,0x00,0x00,0x00,0x00,0x00,0x00,0x00,0x00,0x00,0x00,0x00,
    0x00,0x00,0x00,0x00,0x00,0x00,0x00,0x00,0x00,0x00,0x00,0x00,0x00,0x00,0x00,0x00,
    0x00,0x00,0x00,0x00,0x00,0x00,0x00,0x00,0x00,0x00,0x00,0x00,0x00,0x00,0x00,0x00,
    0x00,0x00,0x00,0x00,0x00,0x00,0x00,0x00,0x00,0x00,0x00,0x00,0x00,0x00,0x00,0x00,
    0x00,0x00,0x00,0x00,0x00,0x00,0x00,0x00,0x00,0x00,0x00,0x00,0x00,0x00,0x00,0x00,
    0x00,0x00,0x00,0x00,0x00,0x00,0x00,0x00,0x00,0x00,0x00,0x00,0x00,0x00,0x00,0x00,
    0x00,0x00,0x00,0x00,0x00,0x00,0x00,0x00,0x00,0x00,0x00,0x00,0x00,0x00,0x00,0x00,
    0x00,0x00,0x00,0x00,0x00,0x00,0x00,0x00,0x00,0x00,0x00,0x00,0x00,0x00,0x00,0x00,
    0x00,0x00,0x00,0x00,0x00,0x00,0x00,0x00,0x00,0x00,0x00,0x00,0x00,0x00,0x00,0x00,
    0x00,0x00,0x00,0x00,0x00,0x00,0x00,0x00,0x00,0x00,0x00,0x00,0x00,0x00,0x00,0x00,
    0x00,0x00,0x00,0x00,0x00,0x00,0x00,0x00,0x00,0x00,0x00,0x00,0x00,0x00,0x00,0x00,
    0x00,0x00,0x00,0x00,0x00,0x00,0x00,0x00,0x00,0x00,0x00,0x00,0x00,0x00,0x00,0x00,
    0x00,0x00,0x00,0x00,0x00,0x00,0x00,0x00,0x00,0x00,0x00,0x00,0x00,0x00,0x00,0x00,
    0x00,0x00,0x00,0x00,0x00,0x00,0x00,0x00,0x00,0x00,0x00,0x00,0x00,0x00,0x00,0x00,
    0x00,0x00,0x00,0x00,0x00,0x00,0x00,0x00,0x00,0x00,0x00,0x00,0x00,0x00,0x00,0x00,
    0x00,0x00,0x00,0x00,0x00,0x00,0x00,0x00,0x00,0x00,0x00,0x00,0x00,0x00,0x00,0x00,
    0x00,0x00,0x00,0x00,0x00,0x00,0x00,0x00,0x00,0x00,0x00,0x00,0x00,0x00,0x00,0x00,
    0x00,0x00,0x00,0x00,0x00,0x00,0x00,0x00,0x00,0x00,0x00,0x00,0x00,0x00,0x00,0x00,
    0x00,0x00,0x00,0x00,0x00,0x00,0x00,0x00,0x00,0x00,0x00,0x00,0x00,0x00,0x00,0x00,
    0x00,0x00,0x00,0x00,0x00,0x00,0x00,0x00,0x00,0x00,0x00,0x00,0x00,0x00,0x00,0x00,
    0x00,0x00,0x00,0x00,0x00,0x00,0x00,0x00,0x00,0x00,0x00,0x00,0x00,0x00,0x00,0x00,
    0x00,0x00,0x00,0x00,0x00,0x00,0x00,0x00,0x00,0x00,0x00,0x00,0x00,0x00,0x00,0x00,
    0x00,0x00,0x00,0x00,0x00,0x00,0x00,0x00,0x00,0x00,0x00,0x00,0x00,0x00,0x00,0x00,
    0x00,0x00,0x00,0x00,0x00,0x00,0x00,0x00,0x00,0x00,0x00,0x00,0x00,0x00,0x00,0x00,
    0x00,0x00,0x00,0x00,0x00,0x00,0x00,0x00,0x00,0x00,0x00,0x00,0x00,0x00,0x00,0x00,
    0x00,0x00,0x00,0x00,0x00,0x00,0x00,0x00,0x00,0x00,0x00,0x00,0x00,0x00,0x00,0x00,
    0x00,0x00,0x00,0x00,0x00,0x00,0x00,0x00,0x00,0x00,0x00,0x00,0x00,0x00,0x00,0x00,
    0x00,0x00,0x00,0x00,0x00,0x00,0x00,0x00,0x00,0x00,0x00,0x00,0x00,0x00,0x00,0x00,
    0x00,0x00,0x00,0x00,0x00,0x00,0x00,0x00,0x00,0x00,0x00,0x00,0x00,0x00,0x00,0x00,
    0x00,0x00,0x00,0x00,0x00,0x00,0x00,0x00,0x00,0x00,0x00,0x00,0x00,0x00,0x00,0x00,
    0x00,0x00,0x00,0x00,0x00,0x00,0x00,0x00,0x00,0x00,0x00,0x00,0x00,0x00,0x00,0x00,
    0x00,0x00,0x00,0x00,0x00,0x00,0x00,0x00,0x00,0x00,0x00,0x00,0x00,0x00,0x00,0x00,
    0x00,0x00,0x00,0x00,0x00,0x00,0x00,0x00,0x00,0x00,0x00,0x00,0x00,0x00,0x00,0x00,
    0x00,0x00,0x00,0x00,0x00,0x00,0x00,0x00,0x00,0x00,0x00,0x00,0x00,0x00,0x00,0x00,
    0x00,0x00,0x00,0x00,0x00,0x00,0x00,0x00,0x00,0x00,0x00,0x00,0x00,0x00,0x00,0x00,
    0x00,0x00,0x00,0x00,0x00,0x00,0x00,0x00,0x00,0x00,0x00,0x00,0x00,0x00,0x00,0x00,
    0x00,0x00,0x00,0x00,0x00,0x00,0x00,0x00,0x00,0x00,0x00,0x00,0x00,0x00,0x00,0x00,
    0x00,0x00,0x00,0x00,0x00,0x00,0x00,0x00,0x00,0x00,0x00,0x00,0x00,0x00,0x00,0x00,
    0x00,0x00,0x00,0x00,0x00,0x00,0x00,0x00,0x00,0x00,0x00,0x00,0x00,0x00,0x00,0x00,
    0x00,0x00,0x00,0x00,0x00,0x00,0x00,0x00,0x00,0x00,0x00,0x00,0x00,0x00,0x00,0x00,
    0x00,0x00,0x00,0x00,0x00,0x00,0x00,0x00,0x00,0x00,0x00,0x00,0x00,0x00,0x00,0x00,
    0x00,0x00,0x00,0x00,0x00,0x00,0x00,0x00,0x00,0x00,0x00,0x00,0x00,0x00,0x00,0x00,
    0x00,0x00,0x00,0x00,0x00,0x00,0x00,0x00,0x00,0x00,0x00,0x00,0x00,0x00,0x00,0x00,
    0x00,0x00,0x00,0x00,0x00,0x00,0x00,0x00,0x00,0x00,0x00,0x00,0x00,0x00,0x00,0x00,
    0x00,0x00,0x00,0x00,0x00,0x00,0x00,0x00,0x00,0x00,0x00,0x00,0x00,0x00,0x00,0x00,
    0x00,0x00,0x00,0x00,0x00,0x00,0x00,0x00,0x00,0x00,0x00,0x00,0x00,0x00,0x00,0x00,
    0x00,0x00,0x00,0x00,0x00,0x00,0x00,0x00,0x00,0x00,0x00,0x00,0x00,0x00,0x00,0x00,
    0x00,0x00,0x00,0x00,0x00,0x00,0x00,0x00,0x00,0x00,0x00,0x00,0x00,0x00,0x00,0x00,
    0x00,0x00,0x00,0x00,0x00,0x00,0x00,0x00,0x00,0x00,0x00,0x00,0x00,0x00,0x00,0x00,
    0x00,0x00,0x00,0x00,0x00,0x00,0x00,0x00,0x00,0x00,0x00,0x00,0x00,0x00,0x00,0x00,
    0x00,0x00,0x00,0x00,0x00,0x00,0x00,0x00,0x00,0x00,0x00,0x00,0x00,0x00,0x00,0x00,
    0x00,0x00,0x00,0x00,0x00,0x00,0x00,0x00,0x00,0x00,0x00,0x00,0x00,0x00,0x00,0x00,
    0x00,0x00,0x00,0x00,0x00,0x00,0x00,0x00,0x00,0x00,0x00,0x00,0x00,0x00,0x00,0x00,
    0x00,0x00,0x00,0x00,0x00,0x00,0x00,0x00,0x00,0x00,0x00,0x00,0x00,0x00,0x00,0x00,
    0x00,0x00,0x00,0x00,0x00,0x00,0x00,0x00,0x00,0x00,0x00,0x00,0x00,0x00,0x00,0x00,
    0x00,0x00,0x00,0x00,0x00,0x00,0x00,0x00,0x00,0x00,0x00,0x00,0x00,0x00,0x00,0x00,
    0x00,0x00,0x00,0x00,0x00,0x00,0x00,0x00,0x00,0x00,0x00,0x00,0x00,0x00,0x00,0x00,
    0x00,0x00,0x00,0x00,0x00,0x00,0x00,0x00,0x00,0x00,0x00,0x00,0x00,0x00,0x00,0x00,
    0x00,0x00,0x00,0x00,0x00,0x00,0x00,0x00,0x00,0x00,0x00,0x00,0x00,0x00,0x00,0x00,
    0x00,0x00,0x00,0x00,0x00,0x00,0x00,0x00,0x00,0x00,0x00,0x00,0x00,0x00,0x00,0x00,
    0x00,0x00,0x00,0x00,0x00,0x00,0x00,0x00,0x00,0x00,0x00,0x00,0x00,0x00,0x00,0x00,
    0x00,0x00,0x00,0x00,0x00,0x00,0x00,0x00,0x00,0x00,0x00,0x00,0x00,0x00,0x00,0x00,
    0x00,0x00,0x00,0x00,0x00,0x00,0x00,0x00,0x00,0x00,0x00,0x00,0x00,0x00,0x00,0x00,
    0x00,0x00,0x00,0x00,0x00,0x00,0x00,0x00,0x00,0x00,0x00,0x00,0x00,0x00,0x00,0x00,
    0x00,0x00,0x00,0x00,0x00,0x00,0x00,0x00,0x00,0x00,0x00,0x00,0x00,0x00,0x00,0x00,
    0x00,0x00,0x00,0x00,0x00,0x00,0x00,0x00,0x00,0x00,0x00,0x00,0x00,0x00,0x00,0x00,
    0x00,0x00,0x00,0x00,0x00,0x00,0x00,0x00,0x00,0x00,0x00,0x00,0x00,0x00,0x00,0x00,
    0x00,0x00,0x00,0x00,0x00,0x00,0x00,0x00,0x00,0x00,0x00,0x00,0x00,0x00,0x00,0x00,
    0x00,0x00,0x00,0x00,0x00,0x00,0x00,0x00,0x00,0x00,0x00,0x00,0x00,0x00,0x00,0x00,
    0x00,0x00,0x00,0x00,0x00,0x00,0x00,0x00,0x00,0x00,0x00,0x00,0x00,0x00,0x00,0x00,
    0x00,0x00,0x00,0x00,0x00,0x00,0x00,0x00,0x00,0x00,0x00,0x00,0x00,0x00,0x00,0x00,
    0x00,0x00,0x00,0x00,0x00,0x00,0x00,0x00,0x00,0x00,0x00,0x00,0x00,0x00,0x00,0x00,
    0x00,0x00,0x00,0x00,0x00,0x00,0x00,0x00,0x00,0x00,0x00,0x00,0x00,0x00,0x00,0x00,
    0x00,0x00,0x00,0x00,0x00,0x00,0x00,0x00,0x00,0x00,0x00,0x00,0x00,0x00,0x00,0x00,
    0x00,0x00,0x00,0x00,0x00,0x00,0x00,0x00,0x00,0x00,0x00,0x00,0x00,0x00,0x00,0x00,
    0x00,0x00,0x00,0x00,0x00,0x00,0x00,0x00,0x00,0x00,0x00,0x00,0x00,0x00,0x00,0x00,
    0x00,0x00,0x00,0x00,0x00,0x00,0x00,0x00,0x00,0x00,0x00,0x00,0x00,0x00,0x00,0x00,
    0x00,0x00,0x00,0x00,0x00,0x00,0x00,0x00,0x00,0x00,0x00,0x00,0x00,0x00,0x00,0x00,
    0x00,0x00,0x00,0x00,0x00,0x00,0x00,0x00,0x00,0x00,0x00,0x00,0x00,0x00,0x00,0x00,
    0x00,0x00,0x00,0x00,0x00,0x00,0x00,0x00,0x00,0x00,0x00,0x00,0x00,0x00,0x00,0x00,
    0x00,0x00,0x00,0x00,0x00,0x00,0x00,0x00,0x00,0x00,0x00,0x00,0x00,0x00,0x00,0x00,
    0x00,0x00,0x00,0x00,0x00,0x00,0x00,0x00,0x00,0x00,0x00,0x00,0x00,0x00,0x00,0x00,
    0x00,0x00,0x00,0x00,0x00,0x00,0x00,0x00,0x00,0x00,0x00,0x00,0x00,0x00,0x00,0x00,
    0x00,0x00,0x00,0x00,0x00,0x00,0x00,0x00,0x00,0x00,0x00,0x00,0x00,0x00,0x00,0x00,
    0x00,0x00,0x00,0x00,0x00,0x00,0x00,0x00,0x00,0x00,0x00,0x00,0x00,0x00,0x00,0x00,
    0x00,0x00,0x00,0x00,0x00,0x00,0x00,0x00,0x00,0x00,0x00,0x00,0x00,0x00,0x00,0x00,
    0x00,0x00,0x00,0x00,0x00,0x00,0x00,0x00,0x00,0x00,0x00,0x00,0x00,0x00,0x00,0x00,
    0x00,0x00,0x00,0x00,0x00,0x00,0x00,0x00,0x00,0x00,0x00,0x00,0x00,0x00,0x00,0x00,
    0x00,0x00,0x00,0x00,0x00,0x00,0x00,0x00,0x00,0x00,0x00,0x00,0x00,0x00,0x00,0x00,
    0x00,0x00,0x00,0x00,0x00,0x00,0x00,0x00,0x00,0x00,0x00,0x00,0x00,0x00,0x00,0x00,
    0x00,0x00,0x00,0x00,0x00,0x00,0x00,0x00,0x00,0x00,0x00,0x00,0x00,0x00,0x00,0x00,
    0x00,0x00,0x00,0x00,0x00,0x00,0x00,0x00,0x00,0x00,0x00,0x00,0x00,0x00,0x00,0x00,
    0x00,0x00,0x00,0x00,0x00,0x00,0x00,0x00,0x00,0x00,0x00,0x00,0x00,0x00,0x00,0x00,
    0x00,0x00,0x00,0x00,0x00,0x00,0x00,0x00,0x00,0x00,0x00,0x00,0x00,0x00,0x00,0x00,
    0x00,0x00,0x00,0x00,0x00,0x00,0x00,0x00,0x00,0x00,0x00,0x00,0x00,0x00,0x00,0x00,
    0x00,0x00,0x00,0x00,0x00,0x00,0x00,0x00,0x00,0x00,0x00,0x00,0x00,0x00,0x00,0x00,
    0x00,0x00,0x00,0x00,0x00,0x00,0x00,0x00,0x00,0x00,0x00,0x00,0x00,0x00,0x00,0x00,
    0x00,0x00,0x00,0x00,0x00,0x00,0x00,0x00,0x00,0x00,0x00,0x00,0x00,0x00,0x00,0x00,
    0x00,0x00,0x00,0x00,0x00,0x00,0x00,0x00,0x00,0x00,0x00,0x00,0x00,0x00,0x00,0x00,
    0x00,0x00,0x00,0x00,0x00,0x00,0x00,0x00,0x00,0x00,0x00,0x00,0x00,0x00,0x00,0x00,
    0x00,0x00,0x00,0x00,0x00,0x00,0x00,0x00,0x00,0x00,0x00,0x00,0x00,0x00,0x00,0x00,
    0x00,0x00,0x00,0x00,0x00,0x00,0x00,0x00,0x00,0x00,0x00,0x00,0x00,0x00,0x00,0x00,
    0x00,0x00,0x00,0x00,0x00,0x00,0x00,0x00,0x00,0x00,0x00,0x00,0x00,0x00,0x00,0x00,
    0x00,0x00,0x00,0x00,0x00,0x00,0x00,0x00,0x00,0x00,0x00,0x00,0x00,0x00,0x00,0x00,
    0x00,0x00,0x00,0x00,0x00,0x00,0x00,0x00,0x00,0x00,0x00,0x00,0x00,0x00,0x00,0x00,
    0x00,0x00,0x00,0x00,0x00,0x00,0x00,0x00,0x00,0x00,0x00,0x00,0x00,0x00,0x00,0x00,
    0x00,0x00,0x00,0x00,0x00,0x00,0x00,0x00,0x00,0x00,0x00,0x00,0x00,0x00,0x00,0x00,
    0x00,0x00,0x00,0x00,0x00,0x00,0x00,0x00,0x00,0x00,0x00,0x00,0x00,0x00,0x00,0x00,
    0x00,0x00,0x00,0x00,0x00,0x00,0x00,0x00,0x00,0x00,0x00,0x00,0x00,0x00,0x00,0x00,
    0x00,0x00,0x00,0x00,0x00,0x00,0x00,0x00,0x00,0x00,0x00,0x00,0x00,0x00,0x00,0x00,
    0x00,0x00,0x00,0x00,0x00,0x00,0x00,0x00,0x00,0x00,0x00,0x00,0x00,0x00,0x00,0x00,
    0x00,0x00,0x00,0x00,0x00,0x00,0x00,0x00,0x00,0x00,0x00,0x00,0x00,0x00,0x00,0x00,
    0x00,0x00,0x00,0x00,0x00,0x00,0x00,0x00,0x00,0x00,0x00,0x00,0x00,0x00,0x00,0x00,
    0x00,0x00,0x00,0x00,0x00,0x00,0x00,0x00,0x00,0x00,0x00,0x00,0x00,0x00,0x00,0x00,
    0x00,0x00,0x00,0x00,0x00,0x00,0x00,0x00,0x00,0x00,0x00,0x00,0x00,0x00,0x00,0x00,
    0x00,0x00,0x00,0x00,0x00,0x00,0x00,0x00,0x00,0x00,0x00,0x00,0x00,0x00,0x00,0x00,
    0x00,0x00,0x00,0x00,0x00,0x00,0x00,0x00,0x00,0x00,0x00,0x00,0x00,0x00,0x00,0x00,
    0x00,0x00,0x00,0x00,0x00,0x00,0x00,0x00,0x00,0x00,0x00,0x00,0x00,0x00,0x00,0x00,
    0x00,0x00,0x00,0x00,0x00,0x00,0x00,0x00,0x00,0x00,0x00,0x00,0x00,0x00,0x00,0x00,
    0x00,0x00,0x00,0x00,0x00,0x00,0x00,0x00,0x00,0x00,0x00,0x00,0x00,0x00,0x00,0x00,
    0x00,0x00,0x00,0x00,0x00,0x00,0x00,0x00,0x00,0x00,0x00,0x00,0x00,0x00,0x00,0x00,
    0x00,0x00,0x00,0x00,0x00,0x00,0x00,0x00,0x00,0x00,0x00,0x00,0x00,0x00,0x00,0x00,
    0x00,0x00,0x00,0x00,0x00,0x00,0x00,0x00,0x00,0x00,0x00,0x00,0x00,0x00,0x00,0x00,
    0x00,0x00,0x00,0x00,0x00,0x00,0x00,0x00,0x00,0x00,0x00,0x00,0x00,0x00,0x00,0x00,
    0x00,0x00,0x00,0x00,0x00,0x00,0x00,0x00,0x00,0x00,0x00,0x00,0x00,0x00,0x00,0x00,
    0x00,0x00,0x00,0x00,0x00,0x00,0x00,0x00,0x00,0x00,0x00,0x00,0x00,0x00,0x00,0x00,
    0x00,0x00,0x00,0x00,0x00,0x00,0x00,0x00,0x00,0x00,0x00,0x00,0x00,0x00,0x00,0x00,
    0x00,0x00,0x00,0x00,0x00,0x00,0x00,0x00,0x00,0x00,0x00,0x00,0x00,0x00,0x00,0x00,
    0x00,0x00,0x00,0x00,0x00,0x00,0x00,0x00,0x00,0x00,0x00,0x00,0x00,0x00,0x00,0x00,
    0x00,0x00,0x00,0x00,0x00,0x00,0x00,0x00,0x00,0x00,0x00,0x00,0x00,0x00,0x00,0x00,
    0x00,0x00,0x00,0x00,0x00,0x00,0x00,0x00,0x00,0x00,0x00,0x00,0x00,0x00,0x00,0x00,
    0x00,0x00,0x00,0x00,0x00,0x00,0x00,0x00,0x00,0x00,0x00,0x00,0x00,0x00,0x00,0x00,
    0x00,0x00,0x00,0x00,0x00,0x00,0x00,0x00,0x00,0x00,0x00,0x00,0x00,0x00,0x00,0x00,
    0x00,0x00,0x00,0x00,0x00,0x00,0x00,0x00,0x00,0x00,0x00,0x00,0x00,0x00,0x00,0x00,
    0x00,0x00,0x00,0x00,0x00,0x00,0x00,0x00,0x00,0x00,0x00,0x00,0x00,0x00,0x00,0x00,
    0x00,0x00,0x00,0x00,0x00,0x00,0x00,0x00,0x00,0x00,0x00,0x00,0x00,0x00,0x00,0x00,
    0x00,0x00,0x00,0x00,0x00,0x00,0x00,0x00,0x00,0x00,0x00,0x00,0x00,0x00,0x00,0x00,
    0x00,0x00,0x00,0x00,0x00,0x00,0x00,0x00,0x00,0x00,0x00,0x00,0x00,0x00,0x00,0x00,
    0x00,0x00,0x00,0x00,0x00,0x00,0x00,0x00,0x00,0x00,0x00,0x00,0x00,0x00,0x00,0x00,
    0x00,0x00,0x00,0x00,0x00,0x00,0x00,0x00,0x00,0x00,0x00,0x00,0x00,0x00,0x00,0x00,
    0x00,0x00,0x00,0x00,0x00,0x00,0x00,0x00,0x00,0x00,0x00,0x00,0x00,0x00,0x00,0x00,
    0x00,0x00,0x00,0x00,0x00,0x00,0x00,0x00,0x00,0x00,0x00,0x00,0x00,0x00,0x00,0x00,
    0x00,0x00,0x00,0x00,0x00,0x00,0x00,0x00,0x00,0x00,0x00,0x00,0x00,0x00,0x00,0x00,
    0x00,0x00,0x00,0x00,0x00,0x00,0x00,0x00,0x00,0x00,0x00,0x00,0x00,0x00,0x00,0x00,
    0x00,0x00,0x00,0x00,0x00,0x00,0x00,0x00,0x00,0x00,0x00,0x00,0x00,0x00,0x00,0x00,
    0x00,0x00,0x00,0x00,0x00,0x00,0x00,0x00,0x00,0x00,0x00,0x00,0x00,0x00,0x00,0x00,
    0x00,0x00,0x00,0x00,0x00,0x00,0x00,0x00,0x00,0x00,0x00,0x00,0x00,0x00,0x00,0x00,
    0x00,0x00,0x00,0x00,0x00,0x00,0x00,0x00,0x00,0x00,0x00,0x00,0x00,0x00,0x00,0x00,
    0x00,0x00,0x00,0x00,0x00,0x00,0x00,0x00,0x00,0x00,0x00,0x00,0x00,0x00,0x00,0x00,
    0x00,0x00,0x00,0x00,0x00,0x00,0x00,0x00,0x00,0x00,0x00,0x00,0x00,0x00,0x00,0x00,
    0x00,0x00,0x00,0x00,0x00,0x00,0x00,0x00,0x00,0x00,0x00,0x00,0x00,0x00,0x00,0x00,
    0x00,0x00,0x00,0x00,0x00,0x00,0x00,0x00,0x00,0x00,0x00,0x00,0x00,0x00,0x00,0x00,
    0x00,0x00,0x00,0x00,0x00,0x00,0x00,0x00,0x00,0x00,0x00,0x00,0x00,0x00,0x00,0x00,
    0x00,0x00,0x00,0x00,0x00,0x00,0x00,0x00,0x00,0x00,0x00,0x00,0x00,0x00,0x00,0x00,
    0x00,0x00,0x00,0x00,0x00,0x00,0x00,0x00,0x00,0x00,0x00,0x00,0x00,0x00,0x00,0x00,
    0x00,0x00,0x00,0x00,0x00,0x00,0x00,0x00,0x00,0x00,0x00,0x00,0x00,0x00,0x00,0x00,
    0x00,0x00,0x00,0x00,0x00,0x00,0x00,0x00,0x00,0x00,0x00,0x00,0x00,0x00,0x00,0x00,
    0x00,0x00,0x00,0x00,0x00,0x00,0x00,0x00,0x00,0x00,0x00,0x00,0x00,0x00,0x00,0x00,
    0x00,0x00,0x00,0x00,0x00,0x00,0x00,0x00,0x00,0x00,0x00,0x00,0x00,0x00,0x00,0x00,
    0x00,0x00,0x00,0x00,0x00,0x00,0x00,0x00,0x00,0x00,0x00,0x00,0x00,0x00,0x00,0x00,
    0x00,0x00,0x00,0x00,0x00,0x00,0x00,0x00,0x00,0x00,0x00,0x00,0x00,0x00,0x00,0x00,
    0x00,0x00,0x00,0x00,0x00,0x00,0x00,0x00,0x00,0x00,0x00,0x00,0x00,0x00,0x00,0x00,
};

const lv_image_dsc_t icon_brand_80x80_ARGB8888 = {
  .header.magic = LV_IMAGE_HEADER_MAGIC,
  .header.cf = LV_COLOR_FORMAT_ARGB8888,
  .header.stride = 320,
  .header.flags = 0,
  .header.w = 80,
  .header.h = 80,
  .data_size = sizeof(icon_brand_80x80_ARGB8888_map),
  .data = icon_brand_80x80_ARGB8888_map,
};
